pattern,observations,mean_return,net_mean,win_rate,horizon_days,period
momentum_20_0_ma100,108462,0.002458120638220208,-0.007764195151253476,0.4269513746750014,5,development
momentum_20_0_ma100,42859,-3.2727332404977594e-05,-0.010255043121878662,0.42856809538253343,5,selection
momentum_20_0_ma100,56794,0.0030844496777540217,-0.007137866111719662,0.46034792407648695,5,holdout
momentum_20_0_ma100,108427,0.005219259945732553,-0.00500305584374113,0.4332684663414094,10,development
momentum_20_0_ma100,42859,0.0001332057882980637,-0.01008911000117562,0.429594717562239,10,selection
momentum_20_0_ma100,56814,0.005809093411323654,-0.004413222378150029,0.4705706339986623,10,holdout
momentum_20_0_ma100,108424,0.008395999156028837,-0.0018263166334448466,0.43553087877222757,20,development
momentum_20_0_ma100,42859,-0.0005606986778729319,-0.010783014467346615,0.42765813481415804,20,selection
momentum_20_0_ma100,56821,0.011103921084378254,0.0008816052949045701,0.4700374861406874,20,holdout
momentum_20_0_ma100,108455,0.01593135465425069,0.0057090388647770066,0.4341063113733807,40,development
momentum_20_0_ma100,42859,0.00026240079672353543,-0.009959914992750148,0.43902097575771715,40,selection
momentum_20_0_ma100,56622,0.01506145614076349,0.004839140351289807,0.4569072092119671,40,holdout
momentum_20_0_ma200,94864,0.0032442384320384467,-0.006978077357435237,0.4305110473941643,5,development
momentum_20_0_ma200,38058,0.000725626495055864,-0.009496689294417819,0.4349414052236061,5,selection
momentum_20_0_ma200,53097,0.003009614664252422,-0.0072127011252212615,0.46106183023522984,5,holdout
momentum_20_0_ma200,94844,0.006648588296126954,-0.0035737274933467294,0.43853063978744045,10,development
momentum_20_0_ma200,38058,0.0013763297547839622,-0.008845986034689722,0.4392506174785853,10,selection
momentum_20_0_ma200,53117,0.005923727799957835,-0.004298587989515848,0.4735583711429486,10,holdout
momentum_20_0_ma200,94826,0.010889314532183796,0.0006669987427101124,0.4414190200999726,20,development
momentum_20_0_ma200,38058,0.0010962727531434204,-0.009126043036330264,0.4374638709338378,20,selection
momentum_20_0_ma200,53119,0.010854340093420886,0.0006320243039472026,0.4735970180161524,20,holdout
momentum_20_0_ma200,94858,0.02143164251892651,0.011209326729452827,0.443441776128529,40,development
momentum_20_0_ma200,38058,0.0027348401610435384,-0.007487475628430145,0.4465027063955016,40,selection
momentum_20_0_ma200,52935,0.016676190892092976,0.006453875102619293,0.461358269575895,40,holdout
momentum_20_3_ma100,84454,0.0023873198365364683,-0.007834995952937216,0.4218154261491463,5,development
momentum_20_3_ma100,32804,-0.00021507370670080457,-0.010437389496174489,0.42330203633703206,5,selection
momentum_20_3_ma100,43134,0.003425299400885934,-0.00679701638858775,0.45926647192469977,5,holdout
momentum_20_3_ma100,84421,0.005351160547727232,-0.004871155241746451,0.4276424112483861,10,development
momentum_20_3_ma100,32804,-0.0003379376453357718,-0.010560253434809456,0.42162541153517863,10,selection
momentum_20_3_ma100,43147,0.006486262586880422,-0.003736053202593261,0.4696734419542494,10,holdout
momentum_20_3_ma100,84418,0.008639002226626976,-0.0015833135628467079,0.4310455116207444,20,development
momentum_20_3_ma100,32804,-0.0023800788251845373,-0.012602394614658221,0.4176319960980368,20,selection
momentum_20_3_ma100,43156,0.012257579961293534,0.00203526417181985,0.4682315321160441,20,holdout
momentum_20_3_ma100,84441,0.016688046532398707,0.006465730742925023,0.42886749327933116,40,development
momentum_20_3_ma100,32804,-0.002028878268597245,-0.012251194058070928,0.42827094256797954,40,selection
momentum_20_3_ma100,43008,0.014221447882678645,0.003999132093204962,0.4476841517857143,40,holdout
momentum_20_3_ma200,72842,0.003336897075730969,-0.006885418713742715,0.4263611652617995,5,development
momentum_20_3_ma200,28709,0.0004796050806659652,-0.009742710708807719,0.43059667700024384,5,selection
momentum_20_3_ma200,39555,0.003402390229872256,-0.006819925559601427,0.46049804070281886,5,holdout
momentum_20_3_ma200,72824,0.007036761422912408,-0.0031855543665612754,0.433332417884214,10,development
momentum_20_3_ma200,28709,0.0009365256496009889,-0.009285790139872695,0.4307011738479223,10,selection
momentum_20_3_ma200,39568,0.006635595410946864,-0.003586720378526819,0.47288212697128995,10,holdout
momentum_20_3_ma200,72811,0.011492789850656387,0.0012704740611827036,0.4377223221765942,20,development
momentum_20_3_ma200,28709,-0.0005480006938109185,-0.010770316483284602,0.4280887526559615,20,selection
momentum_20_3_ma200,39568,0.011778606936062941,0.0015562911465892577,0.47204811969268096,20,holdout
momentum_20_3_ma200,72831,0.022790085595189986,0.012567769805716302,0.43872801416979035,40,development
momentum_20_3_ma200,28709,0.0008100174628338275,-0.009412298326639855,0.43714514612142535,40,selection
momentum_20_3_ma200,39433,0.015513913761812045,0.005291597972338361,0.4519818426191261,40,holdout
momentum_20_5_ma100,70354,0.0021103395894009687,-0.008111976200072715,0.4182846746453649,5,development
momentum_20_5_ma100,26418,-0.0007476231644092101,-0.010969938953882893,0.419600272541449,5,selection
momentum_20_5_ma100,34719,0.0035678465094450477,-0.006654469280028635,0.4587113684149889,5,holdout
momentum_20_5_ma100,70333,0.005328493126208807,-0.004893822663264876,0.42520580666259084,10,development
momentum_20_5_ma100,26418,-0.0008689380683137475,-0.01109125385778743,0.41596638655462187,10,selection
momentum_20_5_ma100,34733,0.006726806266612608,-0.0034955095228610756,0.46975498805170873,10,holdout
momentum_20_5_ma100,70323,0.008819414338700421,-0.0014029014507732623,0.42903459750010664,20,development
momentum_20_5_ma100,26418,-0.0034883075811509433,-0.013710623370624626,0.4102884397002044,20,selection
momentum_20_5_ma100,34745,0.012669659470618702,0.0024473436811450183,0.4660814505684271,20,holdout
momentum_20_5_ma100,70350,0.018052886520088626,0.007830570730614942,0.4274911158493248,40,development
momentum_20_5_ma100,26418,-0.003671783443652018,-0.013894099233125701,0.42213642213642216,40,selection
momentum_20_5_ma100,34623,0.012653538778540571,0.0024312229890668877,0.4428559050342258,40,holdout
momentum_20_5_ma200,60558,0.003088568434647083,-0.007133747354826601,0.4232801611678061,5,development
momentum_20_5_ma200,23109,0.00012228477564749178,-0.010100031013826193,0.42805833225150375,5,selection
momentum_20_5_ma200,31659,0.0036808412224676873,-0.006541474567005996,0.4608484159322783,5,holdout
momentum_20_5_ma200,60544,0.007112757419309494,-0.0031095583701641893,0.4320989693446089,10,development
momentum_20_5_ma200,23109,0.0007480835874507521,-0.009474232202022932,0.4258513998874897,10,selection
momentum_20_5_ma200,31671,0.006987029738409104,-0.003235286051064579,0.473240503931041,10,holdout
momentum_20_5_ma200,60529,0.011720222499141626,0.0014979067096679427,0.4365841167043896,20,development
momentum_20_5_ma200,23109,-0.001319635050874841,-0.011541950840348524,0.42234627201523217,20,selection
momentum_20_5_ma200,31677,0.012101643688537648,0.001879327899063964,0.46986772737317295,20,holdout
momentum_20_5_ma200,60555,0.024277618475593434,0.01405530268611975,0.4378003467921724,40,development
momentum_20_5_ma200,23109,-0.0003324574463924588,-0.010554773235866143,0.43216928469427496,40,selection
momentum_20_5_ma200,31568,0.013828435797924032,0.003606120008450349,0.4456728332488596,40,holdout
momentum_20_10_ma100,45940,0.0019371329715488334,-0.00828518281792485,0.4133217239878102,5,development
momentum_20_10_ma100,15581,-0.0013728820921063865,-0.011595197881580071,0.4168538604710866,5,selection
momentum_20_10_ma100,20198,0.003682599910487425,-0.0065397158789862585,0.45261907119516787,5,holdout
momentum_20_10_ma100,45926,0.00538025870352106,-0.004842057085952624,0.4218525453991203,10,development
momentum_20_10_ma100,15581,-0.002143466969380769,-0.012365782758854452,0.40928053398369807,10,selection
momentum_20_10_ma100,20209,0.007644457027631793,-0.0025778587618418905,0.46672274729081104,10,holdout
momentum_20_10_ma100,45928,0.009098431014920609,-0.0011238847745530748,0.4225309179585438,20,development
momentum_20_10_ma100,15581,-0.00671264170472303,-0.016934957494196712,0.4060073166035556,20,selection
momentum_20_10_ma100,20214,0.014286714981398293,0.00406439919192461,0.46428218066686455,20,holdout
momentum_20_10_ma100,45945,0.02235712447344274,0.012134808683969055,0.42122102513875287,40,development
momentum_20_10_ma100,15581,-0.006841277044638728,-0.017063592834112414,0.41948527052178936,40,selection
momentum_20_10_ma100,20134,0.009525232141583828,-0.0006970836478898557,0.4346875931260554,40,holdout
momentum_20_10_ma200,39896,0.0029246327571011187,-0.007297683032372565,0.4190395027070383,5,development
momentum_20_10_ma200,13611,-0.0002388681686574734,-0.010461183958131157,0.42737491734626404,5,selection
momentum_20_10_ma200,18312,0.004125135177375645,-0.006097180612098039,0.4540192223678462,5,holdout
momentum_20_10_ma200,39887,0.007308367153469051,-0.002913948636004632,0.4290119587835636,10,development
momentum_20_10_ma200,13611,-0.00017035845618580038,-0.010392674245659483,0.4222320182205569,10,selection
momentum_20_10_ma200,18326,0.008021207040012005,-0.0022011087494616787,0.4694968896649569,10,holdout
momentum_20_10_ma200,39885,0.012212605975507475,0.0019902901860337913,0.4310643098909364,20,development
momentum_20_10_ma200,13611,-0.004093387260771805,-0.014315703050245487,0.4221585482330468,20,selection
momentum_20_10_ma200,18327,0.013869061197054354,0.0036467454075806705,0.46647023517215036,20,holdout
momentum_20_10_ma200,39901,0.029196065420578184,0.0189737496311045,0.43262073632239795,40,development
momentum_20_10_ma200,13611,-0.0024049675667605934,-0.012627283356234278,0.4326647564469914,40,selection
momentum_20_10_ma200,18254,0.010366284329730871,0.00014396854025718747,0.43590445929659255,40,holdout
momentum_40_0_ma100,126669,0.0020292543257503077,-0.008193061463723375,0.42627635806708825,5,development
momentum_40_0_ma100,49091,0.0003408227477285361,-0.009881493041745147,0.4388584465584323,5,selection
momentum_40_0_ma100,65545,0.0022486049901856778,-0.007973710799288006,0.4566481043557861,5,holdout
momentum_40_0_ma100,126641,0.0044899556214348345,-0.005732360168038849,0.43416429118531913,10,development
momentum_40_0_ma100,49091,0.000718221273725779,-0.009504094515747904,0.44067140616406264,10,selection
momentum_40_0_ma100,65560,0.004275575107053315,-0.005946740682420368,0.46386516168395364,10,holdout
momentum_40_0_ma100,126659,0.008737397321781847,-0.0014849184676918366,0.43607639409753746,20,development
momentum_40_0_ma100,49091,0.0014570353541763794,-0.008765280435297304,0.439612148866391,20,selection
momentum_40_0_ma100,65556,0.008291219894274721,-0.0019310958951989626,0.46052230154371837,20,holdout
momentum_40_0_ma100,126677,0.01641061740227295,0.006188301612799266,0.4358249721733227,40,development
momentum_40_0_ma100,49091,0.003048717589237938,-0.007173598200235746,0.4420973294493899,40,selection
momentum_40_0_ma100,65360,0.012304813533035558,0.0020824977435618744,0.4543298653610771,40,holdout
momentum_40_0_ma200,108407,0.002636461063484971,-0.007585854725988713,0.4288929681662623,5,development
momentum_40_0_ma200,43134,0.0013287178967801325,-0.00889359789269355,0.44797607455835303,5,selection
momentum_40_0_ma200,59815,0.002516295571441382,-0.0077060202180323015,0.4607205550447212,5,holdout
momentum_40_0_ma200,108384,0.005686533978941996,-0.004535781810531688,0.4377860200767641,10,development
momentum_40_0_ma200,43134,0.0024135370955503934,-0.00780877869392329,0.45242731951592713,10,selection
momentum_40_0_ma200,59832,0.004774380048330962,-0.005447935741142722,0.4699993314614253,10,holdout
momentum_40_0_ma200,108393,0.011322595351980283,0.0011002795625065995,0.44124620593580766,20,development
momentum_40_0_ma200,43134,0.003940314831791855,-0.006282000957681828,0.4502480641721148,20,selection
momentum_40_0_ma200,59820,0.008793206213787298,-0.0014291095756863853,0.4667001003009027,20,holdout
momentum_40_0_ma200,108410,0.02278842173917967,0.012566105949705985,0.44553085508716905,40,development
momentum_40_0_ma200,43134,0.0071370339645821365,-0.003085281824891547,0.4532387443779849,40,selection
momentum_40_0_ma200,59632,0.014090498193191475,0.0038681824037177914,0.45909914140059027,40,holdout
momentum_40_3_ma100,108514,0.002050365612580239,-0.008171950176893445,0.42455351383231654,5,development
momentum_40_3_ma100,41301,0.00030251625394657646,-0.009919799535527107,0.43785864749037556,5,selection
momentum_40_3_ma100,55102,0.0024397743926272883,-0.007782541396846395,0.45825922834016913,5,holdout
momentum_40_3_ma100,108491,0.004857600755245994,-0.005364715034227689,0.43354748320137154,10,development
momentum_40_3_ma100,41301,0.0004049277039730518,-0.009817388085500632,0.43834289726641,10,selection
momentum_40_3_ma100,55118,0.004369589092839876,-0.005852726696633808,0.46400449943757033,10,holdout
momentum_40_3_ma100,108505,0.009311679344743688,-0.0009106364447299953,0.43567577530989354,20,development
momentum_40_3_ma100,41301,0.0008720430265430544,-0.00935027276293063,0.4369143604271083,20,selection
momentum_40_3_ma100,55114,0.008505359382828623,-0.00171695640664506,0.458975940777298,20,holdout
momentum_40_3_ma100,108527,0.017497249311875615,0.0072749335224019315,0.43485031374680955,40,development
momentum_40_3_ma100,41301,0.002307169196286459,-0.007915146593187225,0.4364785356286773,40,selection
momentum_40_3_ma100,54946,0.012164302674437437,0.001941986884963753,0.45075164707167037,40,holdout
momentum_40_3_ma200,92381,0.0028064840683399623,-0.007415831721133722,0.42764204760719193,5,development
momentum_40_3_ma200,36017,0.0013982899474230864,-0.008824025842050597,0.4475664269650443,5,selection
momentum_40_3_ma200,49896,0.002745379296860658,-0.007476936492613025,0.4629830046496713,5,holdout
momentum_40_3_ma200,92361,0.006311802665887494,-0.00391051312358619,0.4376414287415684,10,development
momentum_40_3_ma200,36017,0.0022921844102928865,-0.007930131379180798,0.4503706583002471,10,selection
momentum_40_3_ma200,49913,0.004928966239132281,-0.005293349550341403,0.47011800532927295,10,holdout
momentum_40_3_ma200,92363,0.012230443743834226,0.002008127954360542,0.44242824507649164,20,development
momentum_40_3_ma200,36017,0.0035071769667198768,-0.006715138822753807,0.44837160229891443,20,selection
momentum_40_3_ma200,49900,0.009033962152072183,-0.001188353637401501,0.46531062124248496,20,holdout
momentum_40_3_ma200,92385,0.024538727264852192,0.014316411475378508,0.44595984196568705,40,development
momentum_40_3_ma200,36017,0.0066152763301954905,-0.003607039459278193,0.44975983563317323,40,selection
momentum_40_3_ma200,49745,0.013994498284748377,0.0037721824952746934,0.45566388581767014,40,holdout
momentum_40_5_ma100,95963,0.0020376931646045116,-0.008184622624869173,0.42260037722872357,5,development
momentum_40_5_ma100,35838,0.00020133192421914969,-0.010020983865254534,0.4382778056811206,5,selection
momentum_40_5_ma100,47692,0.0025666192859464376,-0.007655696503527246,0.45892392854147446,5,holdout
momentum_40_5_ma100,95944,0.005051987689287971,-0.005170328100185712,0.43149128658384056,10,development
momentum_40_5_ma100,35838,-0.00011103897651145773,-0.010333354765985141,0.43406440091522963,10,selection
momentum_40_5_ma100,47703,0.0046644150359721965,-0.005557900753501487,0.46542146196256,10,holdout
momentum_40_5_ma100,95955,0.009725803049372275,-0.0004965127401014083,0.43359908290344434,20,development
momentum_40_5_ma100,35838,3.781637592296823e-05,-0.010184499413550716,0.4340923042580501,20,selection
momentum_40_5_ma100,47704,0.008862635598567621,-0.001359680190906062,0.46077897031695453,20,holdout
momentum_40_5_ma100,95972,0.018703705188740097,0.008481389399266414,0.4330012920435127,40,development
momentum_40_5_ma100,35838,0.0008409515821306043,-0.00938136420734308,0.43110664657625986,40,selection
momentum_40_5_ma100,47553,0.012354269928171855,0.002131954138698171,0.44832082097869747,40,holdout
momentum_40_5_ma200,82073,0.0028014691636255532,-0.00742084662584813,0.4256576462417604,5,development
momentum_40_5_ma200,31364,0.001300898330716781,-0.008921417458756903,0.4473600306083408,5,selection
momentum_40_5_ma200,43330,0.0029442116712599903,-0.007278104118213693,0.4632125548119086,5,holdout
momentum_40_5_ma200,82056,0.006464507172927305,-0.0037578086165463787,0.43482499756264015,10,development
momentum_40_5_ma200,31364,0.0017969161918516244,-0.00842539959762206,0.44640351995918887,10,selection
momentum_40_5_ma200,43341,0.005246059330646284,-0.0049762564588274,0.47100897533513303,10,holdout
momentum_40_5_ma200,82059,0.012563224037448521,0.0023409082479748378,0.4402929599434553,20,development
momentum_40_5_ma200,31364,0.0028298531971976374,-0.007392462592276047,0.44643540364749396,20,selection
momentum_40_5_ma200,43332,0.009735242386847342,-0.0004870734026263413,0.4664912766546663,20,holdout
momentum_40_5_ma200,82075,0.025712535389153666,0.015490219599679982,0.44375266524520257,40,development
momentum_40_5_ma200,31364,0.005269499434055578,-0.004952816355418105,0.44471368447902054,40,selection
momentum_40_5_ma200,43199,0.014252454980606627,0.004030139191132943,0.4525336234635061,40,holdout
momentum_40_10_ma100,71304,0.002081392849224035,-0.008140922940249649,0.41931728935263096,5,development
momentum_40_10_ma100,24306,0.0003082786513961862,-0.009914037138077498,0.4372171480292932,5,selection
momentum_40_10_ma100,32871,0.0025745494328590587,-0.007647766356614625,0.4556600042590733,5,holdout
momentum_40_10_ma100,71294,0.005635064212765003,-0.0045872515767086805,0.42832496423261424,10,development
momentum_40_10_ma100,24306,-0.0002872788948103089,-0.010509594684283993,0.4325680901834938,10,selection
momentum_40_10_ma100,32879,0.0053177143593632,-0.0049046014301104834,0.46786702758599713,10,holdout
momentum_40_10_ma100,71305,0.0119349313492559,0.001712615559782216,0.43117593436645396,20,development
momentum_40_10_ma100,24306,-0.0017831521067679453,-0.012005467896241628,0.42956471653089773,20,selection
momentum_40_10_ma100,32874,0.009848537525283207,-0.00037377826419047674,0.4617630954553751,20,holdout
momentum_40_10_ma100,71311,0.02344832383070976,0.013226008041236078,0.4322615024330047,40,development
momentum_40_10_ma100,24306,-0.001645463845200052,-0.011867779634673736,0.4230231218629145,40,selection
momentum_40_10_ma100,32762,0.011707836201835244,0.0014855204123615604,0.44075453269031195,40,holdout
momentum_40_10_ma200,62003,0.002899739041908793,-0.007322576747564891,0.42236665967775755,5,development
momentum_40_10_ma200,21543,0.0015792183440671793,-0.008643097445406504,0.4457596435036903,5,selection
momentum_40_10_ma200,30152,0.003057094911106575,-0.007165220878367108,0.45923985141947465,5,holdout
momentum_40_10_ma200,61994,0.007124373003720852,-0.003097942785752832,0.4318805045649579,10,development
momentum_40_10_ma200,21543,0.0019279405521020494,-0.008294375237371634,0.44682727568119573,10,selection
momentum_40_10_ma200,30159,0.005938136106821937,-0.004284179682651747,0.4716336748565934,10,holdout
momentum_40_10_ma200,61996,0.014712975689476491,0.004490659900002808,0.4387863733144074,20,development
momentum_40_10_ma200,21543,0.0016503808231166704,-0.008571934966357013,0.4451561992294481,20,selection
momentum_40_10_ma200,30151,0.010666253673236571,0.0004439378837628877,0.46519186759974795,20,holdout
momentum_40_10_ma200,62005,0.030015097520438724,0.01979278173096504,0.44320619304894765,40,development
momentum_40_10_ma200,21543,0.003487590621499731,-0.006734725167973953,0.43949310680963655,40,selection
momentum_40_10_ma200,30050,0.01265504113500509,0.0024327253455314057,0.44193011647254576,40,holdout
momentum_60_0_ma100,136300,0.001729762300312706,-0.008492553489160977,0.4267204695524578,5,development
momentum_60_0_ma100,51640,0.00038914853431259083,-0.009833167255161092,0.4405112316034082,5,selection
momentum_60_0_ma100,70540,0.0022842780415335065,-0.007938037747940177,0.4576835837822512,5,holdout
momentum_60_0_ma100,136282,0.004216283228657778,-0.0060060325608159056,0.43604437856796935,10,development
momentum_60_0_ma100,51640,0.0005978902508133591,-0.009624425538660324,0.44107281177381874,10,selection
momentum_60_0_ma100,70547,0.0042098415169108385,-0.006012474272562845,0.46628488808879187,10,holdout
momentum_60_0_ma100,136289,0.0078019399429178436,-0.00242037584655584,0.43685844051977785,20,development
momentum_60_0_ma100,51640,0.0008646290324192419,-0.009357686757054442,0.4380518977536793,20,selection
momentum_60_0_ma100,70537,0.008576569404600762,-0.0016457463848729217,0.46504671307257184,20,holdout
momentum_60_0_ma100,136304,0.013700445908077525,0.0034781301186038414,0.4325331611691513,40,development
momentum_60_0_ma100,51640,0.00152764794280993,-0.008694667846663753,0.4423896204492641,40,selection
momentum_60_0_ma100,70331,0.011774113366204361,0.0015517975767306777,0.4557449773215225,40,holdout
momentum_60_0_ma200,117905,0.0024468681906686398,-0.007775447598805043,0.430533056274119,5,development
momentum_60_0_ma200,45954,0.0012621655338799218,-0.008960150255593761,0.44775209992601295,5,selection
momentum_60_0_ma200,65139,0.0025878164762383406,-0.007634499313235343,0.4620734122415143,5,holdout
momentum_60_0_ma200,117891,0.0057800660599434525,-0.004442249729530231,0.44223053498570714,10,development
momentum_60_0_ma200,45954,0.0020579219740764422,-0.008164393815397242,0.45099447273360316,10,selection
momentum_60_0_ma200,65149,0.004775782013722013,-0.00544653377575167,0.47257824371824586,10,holdout
momentum_60_0_ma200,117884,0.011021248797920203,0.0007989330084465195,0.44548878558583016,20,development
momentum_60_0_ma200,45954,0.003139853705018484,-0.007082462084455199,0.44899247073160115,20,selection
momentum_60_0_ma200,65128,0.009318264302467764,-0.0009040514870059194,0.4712105392457929,20,holdout
momentum_60_0_ma200,117900,0.02101286570866211,0.010790549919188427,0.444342663273961,40,development
momentum_60_0_ma200,45954,0.005205639533742092,-0.005016676255731592,0.4530399965182574,40,selection
momentum_60_0_ma200,64930,0.01328054313813474,0.003058227348661057,0.4609425535191745,40,holdout
momentum_60_3_ma100,120994,0.001803208905693278,-0.008419106883780406,0.4257731788353141,5,development
momentum_60_3_ma100,44865,0.0003267052148692357,-0.009895610574604448,0.4383372339239942,5,selection
momentum_60_3_ma100,61644,0.002297546131087749,-0.007924769658385934,0.45876322107585493,5,holdout
momentum_60_3_ma100,120979,0.004479860368471901,-0.0057424554210017825,0.43586076922441086,10,development
momentum_60_3_ma100,44865,0.0005881218334737017,-0.009634193955999982,0.43911735205616853,10,selection
momentum_60_3_ma100,61654,0.004178026078245015,-0.006044289711228668,0.4657929736918935,10,holdout
momentum_60_3_ma100,120988,0.008562728458327404,-0.0016595873311462794,0.43646477336595363,20,development
momentum_60_3_ma100,44865,0.0006398296266989205,-0.009582486162774764,0.4347709796054831,20,selection
momentum_60_3_ma100,61642,0.008879095511397919,-0.0013432202780757647,0.4656889782940203,20,holdout
momentum_60_3_ma100,120998,0.014954116918771753,0.0047318011292980695,0.43172614423378897,40,development
momentum_60_3_ma100,44865,0.0010129924689732223,-0.009209323320500461,0.43771313941825474,40,selection
momentum_60_3_ma100,61471,0.01186177766881042,0.0016394618793367371,0.4553203949830001,40,holdout
momentum_60_3_ma200,104672,0.002575440165267675,-0.007646875624206009,0.4296851115866707,5,development
momentum_60_3_ma200,39825,0.001303851403307425,-0.008918464386166258,0.4455743879472693,5,selection
momentum_60_3_ma200,56802,0.0026624313365155093,-0.007559884452958174,0.4635752262244287,5,holdout
momentum_60_3_ma200,104663,0.00615144309887006,-0.0040708726906036235,0.44168426282449386,10,development
momentum_60_3_ma200,39825,0.0021425855536803783,-0.008079730235793305,0.4492404268675455,10,selection
momentum_60_3_ma200,56813,0.004825136531704316,-0.005397179257769368,0.47159980990266315,10,holdout
momentum_60_3_ma200,104660,0.011931463726059853,0.0017091479365861691,0.4447926619529906,20,development
momentum_60_3_ma200,39825,0.0031212056563316216,-0.007101110133142062,0.44605147520401756,20,selection
momentum_60_3_ma200,56794,0.009603766364420176,-0.0006185494250535075,0.47142303764482163,20,holdout
momentum_60_3_ma200,104668,0.022594552388794528,0.012372236599320845,0.44388924981847366,40,development
momentum_60_3_ma200,39825,0.004737416653466016,-0.0054848991360076675,0.44951663527934715,40,selection
momentum_60_3_ma200,56629,0.01308937899376728,0.0028670632042935972,0.4594995497006834,40,holdout
momentum_60_5_ma100,109603,0.001937119458749136,-0.008285196330724547,0.42576389332408787,5,development
momentum_60_5_ma100,39614,0.000367586446157008,-0.009854729343316675,0.44022315343060536,5,selection
momentum_60_5_ma100,54946,0.002386949878123833,-0.00783536591134985,0.4581771193535471,5,holdout
momentum_60_5_ma100,109590,0.004818146225542871,-0.005404169563930812,0.4359521854183776,10,development
momentum_60_5_ma100,39614,0.0005397629050181348,-0.00968255288445555,0.4382036653708285,10,selection
momentum_60_5_ma100,54959,0.004235322778842631,-0.005986993010631053,0.4641641951272767,10,holdout
momentum_60_5_ma100,109595,0.009186144448926016,-0.0010361713405476671,0.4363064008394544,20,development
momentum_60_5_ma100,39614,0.00012165443106715972,-0.010100661358406524,0.43020144393396276,20,selection
momentum_60_5_ma100,54942,0.008849323189691264,-0.0013729925997824199,0.4636707800953733,20,holdout
momentum_60_5_ma100,109602,0.01608966208173573,0.005867346292262047,0.43136986551340306,40,development
momentum_60_5_ma100,39614,-0.0002255602864807047,-0.010447876075954389,0.4329782400161559,40,selection
momentum_60_5_ma100,54794,0.011523209709053923,0.0013008939195802392,0.4522392962733146,40,holdout
momentum_60_5_ma200,95451,0.00270634180639363,-0.007515973983080054,0.4295921467559271,5,development
momentum_60_5_ma200,35347,0.0012599493317542432,-0.00896236645771944,0.4476758989447478,5,selection
momentum_60_5_ma200,50988,0.0028086090455508553,-0.007413706743922829,0.46246175570722525,5,holdout
momentum_60_5_ma200,95442,0.006407907932888426,-0.0038144078565852573,0.4410427275203789,10,development
momentum_60_5_ma200,35347,0.002048929466329969,-0.008173386323143714,0.44750615328033494,10,selection
momentum_60_5_ma200,51004,0.0049722215856615555,-0.005250094203812128,0.47006117167281,10,holdout
momentum_60_5_ma200,95441,0.012464789092481186,0.002242473303007503,0.4442430402028478,20,development
momentum_60_5_ma200,35347,0.0025880418964629288,-0.007634273893010754,0.44105581803264776,20,selection
momentum_60_5_ma200,50981,0.009738376457565263,-0.0004839393319084201,0.46866479668896255,20,holdout
momentum_60_5_ma200,95448,0.023555992145433476,0.013333676355959792,0.44362375324784176,40,development
momentum_60_5_ma200,35347,0.0033227041031359686,-0.006899611686337715,0.44419611282428495,40,selection
momentum_60_5_ma200,50838,0.012888277089934947,0.002665961300461263,0.4559778118730084,40,holdout
momentum_60_10_ma100,85830,0.002124100801393064,-0.00809821498808062,0.42564371431900266,5,development
momentum_60_10_ma100,29040,0.0005374039281769786,-0.009684911861296705,0.43922176308539945,5,selection
momentum_60_10_ma100,40956,0.0026039981263879797,-0.007618317663085704,0.4570026369762672,5,holdout
momentum_60_10_ma100,85822,0.005707187416523984,-0.004515128372949699,0.43679942205961175,10,development
momentum_60_10_ma100,29040,0.0004816910048058242,-0.00974062478466786,0.43553719008264463,10,selection
momentum_60_10_ma100,40970,0.004669593225137705,-0.0055527225643359785,0.46177690993409815,10,holdout
momentum_60_10_ma100,85823,0.011159685853907413,0.0009373700644337291,0.43720214860818196,20,development
momentum_60_10_ma100,29040,-0.0008896291120139943,-0.011111944901487678,0.4238636363636364,20,selection
momentum_60_10_ma100,40949,0.008313906187139768,-0.0019084096023339152,0.45537131553884097,20,holdout
momentum_60_10_ma100,85828,0.019087375678865967,0.008865059889392284,0.430104394836184,40,development
momentum_60_10_ma100,29040,-0.0033690626457632184,-0.013591378435236902,0.4240702479338843,40,selection
momentum_60_10_ma100,40831,0.009634516203426941,-0.0005877995860467423,0.44162523572775586,40,holdout
momentum_60_10_ma200,76112,0.002933186848090264,-0.00728912894138342,0.4294986335926004,5,development
momentum_60_10_ma200,26563,0.0015429934010720155,-0.008679322388401668,0.44637277415954524,5,selection
momentum_60_10_ma200,38347,0.0030607083377233936,-0.00716160745175029,0.4604010743995619,5,holdout
momentum_60_10_ma200,76107,0.007357816271582358,-0.0028644995178913257,0.44169393091305664,10,development
momentum_60_10_ma200,26563,0.0021200663751206523,-0.008102249414353032,0.44422693219892334,10,selection
momentum_60_10_ma200,38362,0.005395164409802043,-0.0048271513796716405,0.4656691517647672,10,holdout
momentum_60_10_ma200,76100,0.014334753185456956,0.004112437395983272,0.44515111695137977,20,development
momentum_60_10_ma200,26563,0.0017252901434771052,-0.008497025645996577,0.4341000639987953,20,selection
momentum_60_10_ma200,38337,0.009241423219959959,-0.000980892569513725,0.4583300727756475,20,holdout
momentum_60_10_ma200,76108,0.02630627673583624,0.016083960946362556,0.44139906448730754,40,development
momentum_60_10_ma200,26563,0.0001531944411264326,-0.01006912134834725,0.43214245378910515,40,selection
momentum_60_10_ma200,38226,0.010508434390779975,0.00028611860130629135,0.4435724376079108,40,holdout
momentum_90_0_ma100,134513,0.0016231703994454103,-0.008599145390028273,0.42508902485261646,5,development
momentum_90_0_ma100,50957,0.0005402803843925164,-0.009682035405081167,0.4427654689247797,5,selection
momentum_90_0_ma100,70521,0.002032807407742471,-0.008189508381731212,0.45607691325988003,5,holdout
momentum_90_0_ma100,134492,0.0037028175286302027,-0.006519498260843481,0.4333863724236386,10,development
momentum_90_0_ma100,50957,0.0006252870707899328,-0.00959702871868375,0.44486527856820457,10,selection
momentum_90_0_ma100,70541,0.004046897501497646,-0.006175418287976037,0.4641697736068386,10,holdout
momentum_90_0_ma100,134505,0.0063490598195581295,-0.003873255969915554,0.4319467677781495,20,development
momentum_90_0_ma100,50957,0.0013275503633492281,-0.008894765426124456,0.4419608689679534,20,selection
momentum_90_0_ma100,70545,0.00733933739319686,-0.0028829783962768234,0.4613367354171096,20,holdout
momentum_90_0_ma100,134502,0.012957317397093509,0.002735001607619825,0.42901964283058985,40,development
momentum_90_0_ma100,50957,0.0034525657356560013,-0.006769750053817683,0.44926114174696313,40,selection
momentum_90_0_ma100,70332,0.011193026214593133,0.0009707104251194497,0.4549280555081613,40,holdout
momentum_90_0_ma200,128090,0.0020410189677580346,-0.008181296821715648,0.42864392224217346,5,development
momentum_90_0_ma200,49923,0.0006024972703180005,-0.009619818519155682,0.4470885163151253,5,selection
momentum_90_0_ma200,70844,0.0020928380494719015,-0.008129477740001782,0.4592626051606346,5,holdout
momentum_90_0_ma200,128080,0.004619887386697245,-0.0056024284027764385,0.43831980012492194,10,development
momentum_90_0_ma200,49923,0.0010798483586202513,-0.009142467430853432,0.45145524107124974,10,selection
momentum_90_0_ma200,70865,0.0040431673861626395,-0.006179148403311044,0.46798842870246243,10,holdout
momentum_90_0_ma200,128069,0.007944170002227316,-0.0022781457872463676,0.43784210074256846,20,development
momentum_90_0_ma200,49923,0.0023957395615930095,-0.007826576227880674,0.44883120004807403,20,selection
momentum_90_0_ma200,70857,0.007341877532679253,-0.0028804382567944303,0.46384972550347886,20,holdout
momentum_90_0_ma200,128076,0.017300055093219965,0.007077739303746281,0.43729504356788157,40,development
momentum_90_0_ma200,49923,0.005162999930318974,-0.005059315859154709,0.45464014582456985,40,selection
momentum_90_0_ma200,70636,0.010947288975141231,0.0007249731856675476,0.4550087773939634,40,holdout
momentum_90_3_ma100,123310,0.0016299339644542873,-0.008592381825019396,0.42504257562241504,5,development
momentum_90_3_ma100,45840,0.0006097423163681089,-0.009612573473105575,0.4432809773123909,5,selection
momentum_90_3_ma100,63812,0.0020809718150239616,-0.008141343974449721,0.4566382498589607,5,holdout
momentum_90_3_ma100,123287,0.0037284496950984267,-0.006493866094375257,0.43300591303219316,10,development
momentum_90_3_ma100,45840,0.000738543323333085,-0.009483772466140598,0.44609511343804537,10,selection
momentum_90_3_ma100,63829,0.0040970569546252555,-0.006125258834848428,0.46464773065534476,10,holdout
momentum_90_3_ma100,123305,0.006543962094757588,-0.003678353694716096,0.4313288187826933,20,development
momentum_90_3_ma100,45840,0.0012630488978449734,-0.00895926689162871,0.4419720767888307,20,selection
momentum_90_3_ma100,63834,0.007528389969461614,-0.0026939258200120693,0.4616818623304195,20,holdout
momentum_90_3_ma100,123295,0.013426468135901358,0.0032041523464276748,0.4278356786568798,40,development
momentum_90_3_ma100,45840,0.0031392524197142255,-0.007083063369759458,0.4477094240837696,40,selection
momentum_90_3_ma100,63640,0.011169808433996892,0.0009474926445232085,0.4531112507856694,40,holdout
momentum_90_3_ma200,117441,0.0021105056429455223,-0.008111810146528162,0.42831719757154657,5,development
momentum_90_3_ma200,44968,0.0006125238647991638,-0.00960979192467452,0.4469178082191781,5,selection
momentum_90_3_ma200,63981,0.002219443677021431,-0.008002872112452254,0.4603397883746737,5,holdout
momentum_90_3_ma200,117427,0.004744992983935248,-0.005477322805538435,0.4376846892111695,10,development
momentum_90_3_ma200,44968,0.001054309536382464,-0.00916800625309122,0.4518324141611813,10,selection
momentum_90_3_ma200,63998,0.0041813193935608525,-0.006040996395912831,0.46823338229319666,10,holdout
momentum_90_3_ma200,117427,0.008273845597788173,-0.0019484701916855102,0.43794868301157314,20,development
momentum_90_3_ma200,44968,0.0022301381428210384,-0.007992177646652644,0.44818537626756805,20,selection
momentum_90_3_ma200,63991,0.007616470542966722,-0.0026058452465069614,0.4647372286727821,20,holdout
momentum_90_3_ma200,117420,0.017894401610412135,0.007672085820938451,0.436424799863737,40,development
momentum_90_3_ma200,44968,0.0044721000908900625,-0.005750215698583621,0.45196584237680126,40,selection
momentum_90_3_ma200,63799,0.01094326174163377,0.0007209459521600858,0.4544115111522124,40,holdout
momentum_90_5_ma100,114917,0.0015962750663020618,-0.008626040723171621,0.424819652444808,5,development
momentum_90_5_ma100,41916,0.0006532921742259064,-0.009569023615247777,0.4437923465979578,5,selection
momentum_90_5_ma100,58741,0.0020697016597183327,-0.008152614129755351,0.4570061796700771,5,holdout
momentum_90_5_ma100,114893,0.0038123648338624083,-0.006409950955611275,0.4326982496757853,10,development
momentum_90_5_ma100,41916,0.0007232970576885792,-0.009499018731785104,0.44589178356713427,10,selection
momentum_90_5_ma100,58756,0.004184236066051525,-0.006038079723422158,0.46487167268023694,10,holdout
momentum_90_5_ma100,114905,0.006583954655162716,-0.0036383611343109674,0.43055567642835385,20,development
momentum_90_5_ma100,41916,0.001139377067610918,-0.009082938721862766,0.4414543372459204,20,selection
momentum_90_5_ma100,58758,0.007470838295982097,-0.0027514774934915866,0.46162224718336226,20,holdout
momentum_90_5_ma100,114901,0.013922364551195476,0.0037000487617217925,0.42745493946963037,40,development
momentum_90_5_ma100,41916,0.0023185934317407086,-0.007903722357732975,0.44541463880141235,40,selection
momentum_90_5_ma100,58582,0.010438161370340537,0.00021584558086685385,0.44976272575193743,40,holdout
momentum_90_5_ma200,109495,0.0020815050318840236,-0.00814081075758966,0.4277455591579524,5,development
momentum_90_5_ma200,41210,0.0006526847577526644,-0.009569631031721018,0.44646930356709535,5,selection
momentum_90_5_ma200,58780,0.0022622521695144972,-0.007960063619959186,0.46075195644777134,5,holdout
momentum_90_5_ma200,109477,0.004827938587808405,-0.005394377201665279,0.4370233016980736,10,development
momentum_90_5_ma200,41210,0.0010241112067820802,-0.009198204582691603,0.45105556903664157,10,selection
momentum_90_5_ma200,58799,0.004348132207429534,-0.00587418358204415,0.4683242912294427,10,holdout
momentum_90_5_ma200,109472,0.00829844667367783,-0.0019238691157958537,0.43697931891259867,20,development
momentum_90_5_ma200,41210,0.0021508510122732866,-0.008071464777200396,0.44622664401844214,20,selection
momentum_90_5_ma200,58792,0.007695492164314355,-0.002526823625159329,0.46450197305755886,20,holdout
momentum_90_5_ma200,109471,0.01826752163936326,0.008045205849889575,0.43554914086835783,40,development
momentum_90_5_ma200,41210,0.0034127870171689998,-0.006809528772304684,0.44826498422712935,40,selection
momentum_90_5_ma200,58621,0.010466369973706867,0.00024405418423318302,0.45156172702615105,40,holdout
momentum_90_10_ma100,96103,0.0013172041893926253,-0.008905111600081058,0.42256745366950044,5,development
momentum_90_10_ma100,33037,0.0004710065543901244,-0.00975130923508356,0.44201955383358055,5,selection
momentum_90_10_ma100,47533,0.0018159648693800226,-0.008406350920093661,0.4543580249510866,5,holdout
momentum_90_10_ma100,96081,0.003495407987757604,-0.00672690780171608,0.4315525442074916,10,development
momentum_90_10_ma100,33037,0.0003668022233647031,-0.00985551356610898,0.4412022883433726,10,selection
momentum_90_10_ma100,47546,0.0038211893104170475,-0.006401126479056636,0.46075379632356034,10,holdout
momentum_90_10_ma100,96096,0.006132042344554529,-0.004090273444919155,0.42949758574758573,20,development
momentum_90_10_ma100,33037,0.00011667307191923409,-0.01010564271755445,0.4364197717710446,20,selection
momentum_90_10_ma100,47542,0.006774384465047463,-0.0034479313244262207,0.45696436834798704,20,holdout
momentum_90_10_ma100,96083,0.014511160358878818,0.004288844569405134,0.42603790472820374,40,development
momentum_90_10_ma100,33037,0.0014794010374340344,-0.008742914752039649,0.44141417198898203,40,selection
momentum_90_10_ma100,47406,0.008449684926042507,-0.0017726308634311762,0.44283424039151165,40,holdout
momentum_90_10_ma200,91751,0.0018057977897962417,-0.008416517999677442,0.4249544964087585,5,development
momentum_90_10_ma200,32643,0.0005302311361229035,-0.00969208465335078,0.443954293416659,5,selection
momentum_90_10_ma200,47222,0.0019798461871358953,-0.008242469602337788,0.45720215153953664,5,holdout
momentum_90_10_ma200,91738,0.004571785082399137,-0.0056505307070745464,0.43544659792016394,10,development
momentum_90_10_ma200,32643,0.0006806672261606605,-0.009541648563313023,0.44521030542535917,10,selection
momentum_90_10_ma200,47238,0.0038505635889888885,-0.006371752200484795,0.4625301663914645,10,holdout
momentum_90_10_ma200,91735,0.008044610628345425,-0.0021777051611282586,0.43583147108519105,20,development
momentum_90_10_ma200,32643,0.0011816786788944294,-0.009040637110579255,0.4399718163159023,20,selection
momentum_90_10_ma200,47229,0.006727089725676556,-0.003495226063797128,0.4584894873912215,20,holdout
momentum_90_10_ma200,91726,0.01902296708573668,0.008800651296262996,0.4343915574646229,40,development
momentum_90_10_ma200,32643,0.0023142661808825634,-0.00790804960859112,0.4435866801458199,40,selection
momentum_90_10_ma200,47097,0.007879574265975256,-0.0023427415234984275,0.444295815020065,40,holdout
momentum_120_0_ma100,123974,0.0018543223547986278,-0.008367993434675055,0.4281784890380241,5,development
momentum_120_0_ma100,47096,0.0008857123100485623,-0.009336603479425122,0.44725666723288604,5,selection
momentum_120_0_ma100,65498,0.002337994745720261,-0.007884321043753422,0.4585483526214541,5,holdout
momentum_120_0_ma100,123948,0.004377214789689212,-0.005845100999784471,0.4371429954497047,10,development
momentum_120_0_ma100,47096,0.0016540921352920911,-0.008568223654181592,0.4505053507728894,10,selection
momentum_120_0_ma100,65509,0.0047763362928566495,-0.005445979496617034,0.46846998122395395,10,holdout
momentum_120_0_ma100,123963,0.008397394344295591,-0.0018249214451780925,0.438421141792309,20,development
momentum_120_0_ma100,47096,0.0034440471380186542,-0.006778268651455029,0.45078138270766094,20,selection
momentum_120_0_ma100,65504,0.008400891022593476,-0.0018214247668802072,0.4673607718612604,20,holdout
momentum_120_0_ma100,123967,0.017505730121674886,0.0072834143322012025,0.43996386135019805,40,development
momentum_120_0_ma100,47096,0.006669568459330412,-0.0035527473301432714,0.4546033633429591,40,selection
momentum_120_0_ma100,65313,0.012429105489728679,0.0022067897002549953,0.4569228178157488,40,holdout
momentum_120_0_ma200,133716,0.0018057171401594683,-0.008416598649314214,0.42846779742140056,5,development
momentum_120_0_ma200,52175,0.0007358112563382884,-0.009486504533135395,0.44695735505510303,5,selection
momentum_120_0_ma200,73813,0.002050534671137024,-0.00817178111833666,0.4581442293362958,5,holdout
momentum_120_0_ma200,133692,0.004134110498886012,-0.006088205290587671,0.4382535978218592,10,development
momentum_120_0_ma200,52175,0.0014464498881475087,-0.008775865901326174,0.4537038811691423,10,selection
momentum_120_0_ma200,73820,0.003908022435268596,-0.0063142933542050875,0.4677594147927391,10,holdout
momentum_120_0_ma200,133697,0.007905576191557923,-0.0023167395979157603,0.44022678145358535,20,development
momentum_120_0_ma200,52175,0.003177239012657667,-0.007045076776816017,0.45456636320076665,20,selection
momentum_120_0_ma200,73814,0.00717426083171086,-0.0030480549577628236,0.4642344270734549,20,holdout
momentum_120_0_ma200,133713,0.017123830169891593,0.00690151438041791,0.44137069694046205,40,development
momentum_120_0_ma200,52175,0.006175538322264945,-0.004046777467208738,0.45874460948730234,40,selection
momentum_120_0_ma200,73584,0.01178811817614173,0.0015658023866680464,0.4553435529462927,40,holdout
momentum_120_3_ma100,115028,0.0018503893838964663,-0.008371926405577218,0.42825225162569114,5,development
momentum_120_3_ma100,43063,0.0009619747112441194,-0.009260341078229564,0.4479947983187423,5,selection
momentum_120_3_ma100,60303,0.0024345590054532093,-0.007787756784020474,0.45964545710826993,5,holdout
momentum_120_3_ma100,115003,0.004561176018364238,-0.005661139771109445,0.43775379772701584,10,development
momentum_120_3_ma100,43063,0.0017551724102449506,-0.008467143379228733,0.45108329656549706,10,selection
momentum_120_3_ma100,60311,0.004859827237441252,-0.005362488552032431,0.4695495017492663,10,holdout
momentum_120_3_ma100,115025,0.008843641834613617,-0.0013786739548600664,0.43929580525972617,20,development
momentum_120_3_ma100,43063,0.003602730307848474,-0.006619585481625209,0.452592713001881,20,selection
momentum_120_3_ma100,60308,0.008498070895246214,-0.0017242448942274696,0.46746700271937386,20,holdout
momentum_120_3_ma100,115019,0.018566792588434525,0.008344476798960842,0.4403707213590798,40,development
momentum_120_3_ma100,43063,0.006677975376943431,-0.003544340412530252,0.453869911524975,40,selection
momentum_120_3_ma100,60131,0.012298102295991617,0.002075786506517933,0.4569689511233806,40,holdout
momentum_120_3_ma200,124161,0.0017656229853399966,-0.008456692804133687,0.427920200384984,5,development
momentum_120_3_ma200,47961,0.000771032849279008,-0.009451282940194676,0.44711327953962593,5,selection
momentum_120_3_ma200,68056,0.00208765116557083,-0.008134664623902853,0.45885741154343485,5,holdout
momentum_120_3_ma200,124137,0.0042458504943916914,-0.005976465295081992,0.438451066160774,10,development
momentum_120_3_ma200,47961,0.0014945378349769728,-0.00872777795449671,0.4535768645357686,10,selection
momentum_120_3_ma200,68059,0.0039572018016581605,-0.006265113987815523,0.4678440764630688,10,holdout
momentum_120_3_ma200,124145,0.008248776931215885,-0.0019735388582577985,0.44069434934955093,20,development
momentum_120_3_ma200,47961,0.003438959070919978,-0.006783356718553705,0.4556827422280603,20,selection
momentum_120_3_ma200,68052,0.007224967969975641,-0.0029973478194980424,0.4641009816023041,20,holdout
momentum_120_3_ma200,124155,0.018119759201827873,0.00789744341235419,0.44136764528210704,40,development
momentum_120_3_ma200,47961,0.0064923935965082126,-0.003729922192965471,0.4586434811617773,40,selection
momentum_120_3_ma200,67844,0.0115791532605147,0.0013568374710410166,0.45532397853900125,40,holdout
momentum_120_5_ma100,108645,0.0017809231082345945,-0.008441392681239088,0.42841364075659255,5,development
momentum_120_5_ma100,39987,0.0010597058218657712,-0.009162609967607913,0.4482956961012329,5,selection
momentum_120_5_ma100,56541,0.002460388435681219,-0.007761927353792464,0.4589766717956881,5,holdout
momentum_120_5_ma100,108618,0.004471412091684375,-0.005750903697789309,0.43745051464766427,10,development
momentum_120_5_ma100,39987,0.0019422894472504236,-0.00828002634222326,0.45219696401330434,10,selection
momentum_120_5_ma100,56554,0.0049682842293991315,-0.005254031560074552,0.4688262545531704,10,holdout
momentum_120_5_ma100,108638,0.008705746427250877,-0.0015165693622228062,0.43849297667482834,20,development
momentum_120_5_ma100,39987,0.003552976546202635,-0.006669339243271049,0.45247205341736063,20,selection
momentum_120_5_ma100,56547,0.008538946769565977,-0.0016833690199077062,0.4663377367499602,20,holdout
momentum_120_5_ma100,108635,0.01853778331988305,0.008315467530409366,0.4386247526119575,40,development
momentum_120_5_ma100,39987,0.00644424338559327,-0.003778072403880414,0.4532222972466051,40,selection
momentum_120_5_ma100,56384,0.012258183555409951,0.0020358677659362678,0.4553951475595914,40,holdout
momentum_120_5_ma200,116985,0.0016865863663373432,-0.00853572942313634,0.42796939778604093,5,development
momentum_120_5_ma200,44564,0.0008528738652910665,-0.009369441924182617,0.4465712234090297,5,selection
momentum_120_5_ma200,63573,0.0021246703050676282,-0.008097645484406056,0.4582448523744357,5,holdout
momentum_120_5_ma200,116957,0.00412360377573275,-0.006098712013740934,0.43742572056396795,10,development
momentum_120_5_ma200,44564,0.0015686445005759072,-0.008653671288897775,0.45271968404990576,10,selection
momentum_120_5_ma200,63581,0.004042460373558487,-0.006179855415915196,0.4670420408612636,10,holdout
momentum_120_5_ma200,116966,0.008076242846284571,-0.0021460729431891125,0.4395721833695262,20,development
momentum_120_5_ma200,44564,0.0033910915491445026,-0.0068312242403291805,0.45462705322681984,20,selection
momentum_120_5_ma200,63570,0.00726250727307965,-0.002959808516394034,0.4633946830265849,20,holdout
momentum_120_5_ma200,116977,0.01808978810158551,0.007867472312111826,0.4397616625490481,40,development
momentum_120_5_ma200,44564,0.006523418150841026,-0.0036988976386326576,0.45693833587649224,40,selection
momentum_120_5_ma200,63384,0.011507939087069088,0.0012856232975954045,0.45423135176069673,40,holdout
momentum_120_10_ma100,94006,0.001688102043435737,-0.008534213746037947,0.4264621407144225,5,development
momentum_120_10_ma100,33183,0.0011183592035124389,-0.009103956585961245,0.4497483651267215,5,selection
momentum_120_10_ma100,47762,0.0025856619169737916,-0.007636653872499892,0.4594238097232109,5,holdout
momentum_120_10_ma100,93983,0.00455881590044874,-0.005663499889024944,0.4361320664375472,10,development
momentum_120_10_ma100,33183,0.0021543628641852537,-0.008067952925288429,0.45237018955489255,10,selection
momentum_120_10_ma100,47775,0.005060701474263278,-0.005161614315210406,0.46915750915750914,10,holdout
momentum_120_10_ma100,93998,0.008901997780463335,-0.001320318009010349,0.4363603480925126,20,development
momentum_120_10_ma100,33183,0.003409233810654458,-0.006813081978819226,0.4478498026097701,20,selection
momentum_120_10_ma100,47766,0.008628930428962223,-0.0015933853605114602,0.4638027048528242,20,holdout
momentum_120_10_ma100,93993,0.01965077278025389,0.009428456990780206,0.43701126679646357,40,development
momentum_120_10_ma100,33183,0.005650754478630127,-0.004571561310843557,0.44697586113371307,40,selection
momentum_120_10_ma100,47629,0.012396062109283425,0.002173746319809742,0.4514266518297676,40,holdout
momentum_120_10_ma200,100471,0.0016150055998154006,-0.008607310189658282,0.4260333827671666,5,development
momentum_120_10_ma200,36811,0.0008551728111960646,-0.009367142978277619,0.446659965771101,5,selection
momentum_120_10_ma200,52885,0.0022175560390350468,-0.008004759750438637,0.45861775550723266,5,holdout
momentum_120_10_ma200,100447,0.004173880482592341,-0.006048435306881343,0.43547343375113245,10,development
momentum_120_10_ma200,36811,0.0016292394958516792,-0.008593076293622005,0.45182146640949716,10,selection
momentum_120_10_ma200,52895,0.0041273675070247,-0.006094948282448984,0.4675867284242367,10,holdout
momentum_120_10_ma200,100455,0.008312046627604252,-0.001910269161869432,0.4371808272360759,20,development
momentum_120_10_ma200,36811,0.003271302891569115,-0.006951012897904568,0.4492950476759664,20,selection
momentum_120_10_ma200,52883,0.007336810190494667,-0.0028855055989790166,0.4610744473649377,20,holdout
momentum_120_10_ma200,100463,0.019132540718768576,0.008910224929294892,0.43786269571882186,40,development
momentum_120_10_ma200,36811,0.005881401265221802,-0.004340914524251882,0.44991986091114067,40,selection
momentum_120_10_ma200,52732,0.011454391286739205,0.0012320754972655213,0.4499355230220739,40,holdout
pullback_40_3,17959,0.0031485740230102737,-0.00707374176646341,0.4535887298847375,5,development
pullback_40_3,6293,0.0006549193668854411,-0.009567396422588243,0.47211187033211505,5,selection
pullback_40_3,7646,0.001995289221032146,-0.008227026568441537,0.48025111169238816,5,holdout
pullback_40_3,17967,0.004964840754772995,-0.005257475034700689,0.45383202537986306,10,development
pullback_40_3,6293,-0.0004746972265951085,-0.010697013016068792,0.4441442873033529,10,selection
pullback_40_3,7642,0.0017677262655524542,-0.00845458952392123,0.47448311960219836,10,holdout
pullback_40_3,17973,0.007566165300391939,-0.002656150489081744,0.4267512379680632,20,development
pullback_40_3,6293,0.0007036978640096052,-0.009518617925464079,0.457651358652471,20,selection
pullback_40_3,7642,0.004485896824441816,-0.005736418965031868,0.4311698508243915,20,holdout
pullback_40_3,17967,0.012633296576649581,0.0024109807871758974,0.421661935771136,40,development
pullback_40_3,6293,0.0026020752359173357,-0.007620240553556348,0.4396948990942317,40,selection
pullback_40_3,7607,-0.004961625661238397,-0.015183941450712082,0.40475877481267253,40,holdout
pullback_40_5,9779,0.0032702026144399727,-0.006952113175033711,0.45464771449023417,5,development
pullback_40_5,3204,0.0010589893334045377,-0.009163326456069145,0.46254681647940077,5,selection
pullback_40_5,3663,0.002762139096655826,-0.0074601766928178576,0.4905814905814906,5,holdout
pullback_40_5,9785,0.0045473654207020976,-0.005674950368771586,0.45375574859478796,10,development
pullback_40_5,3204,9.964791285202484e-05,-0.010122667876621659,0.43976279650436956,10,selection
pullback_40_5,3661,0.003194563104482316,-0.007027752684991367,0.486752253482655,10,holdout
pullback_40_5,9789,0.010162234225687058,-6.008156378662505e-05,0.42568188783328226,20,development
pullback_40_5,3204,-0.0008419132261235345,-0.011064229015597218,0.4509987515605493,20,selection
pullback_40_5,3662,0.004994978831248974,-0.00522733695822471,0.4374658656471873,20,holdout
pullback_40_5,9787,0.01698187477090891,0.006759558981435227,0.4189230612036375,40,development
pullback_40_5,3204,-6.5771329445936e-05,-0.01028808711891962,0.4235330836454432,40,selection
pullback_40_5,3643,-0.01773484240207779,-0.027957158191551472,0.38731814438649464,40,holdout
pullback_40_8,3931,0.0032993325409908544,-0.006922983248482829,0.45408293055202237,5,development
pullback_40_8,1200,0.0017119272277502757,-0.008510388561723408,0.45916666666666667,5,selection
pullback_40_8,1127,0.005081720319901686,-0.005140595469571997,0.5057675244010648,5,holdout
pullback_40_8,3932,0.0015238103587315562,-0.008698505430742128,0.4486266531027467,10,development
pullback_40_8,1200,-0.0002141722772352676,-0.010436488066708952,0.43333333333333335,10,selection
pullback_40_8,1124,0.004231182842848624,-0.005991132946625059,0.50355871886121,10,holdout
pullback_40_8,3934,0.013798434229533404,0.003576118440059721,0.4245043213014743,20,development
pullback_40_8,1200,-0.005678714847350876,-0.01590103063682456,0.43833333333333335,20,selection
pullback_40_8,1126,-0.0020427306530232166,-0.0122650464424969,0.4351687388987567,20,holdout
pullback_40_8,3933,0.025077035654087858,0.014854719864614174,0.4197813374014747,40,development
pullback_40_8,1200,-0.017583085719737736,-0.02780540150921142,0.37416666666666665,40,selection
pullback_40_8,1119,-0.031755113398264166,-0.04197742918773785,0.3762287756925827,40,holdout
pullback_40_10,2041,0.00401318458615703,-0.006209131203316653,0.44928956393924546,5,development
pullback_40_10,588,-0.00020770084931527155,-0.010430016638788954,0.4370748299319728,5,selection
pullback_40_10,503,0.009238417595673516,-0.0009838981938001673,0.510934393638171,5,holdout
pullback_40_10,2041,0.003309376473004322,-0.006912939316469361,0.44243018128368444,10,development
pullback_40_10,588,0.0053135845651683744,-0.004908731224305309,0.4421768707482993,10,selection
pullback_40_10,503,0.004156947443766302,-0.006065368345707382,0.5049701789264414,10,holdout
pullback_40_10,2041,0.018364945304284192,0.008142629514810509,0.4257716805487506,20,development
pullback_40_10,588,-0.008352432233297192,-0.018574748022770877,0.42517006802721086,20,selection
pullback_40_10,503,-0.00927196772312387,-0.019494283512597556,0.4095427435387674,20,holdout
pullback_40_10,2040,0.031598628068562416,0.021376312279088733,0.4308823529411765,40,development
pullback_40_10,588,-0.021016091821491435,-0.031238407610965118,0.36054421768707484,40,selection
pullback_40_10,499,-0.03775721959354082,-0.047979535383014506,0.374749498997996,40,holdout
pullback_60_3,20369,0.002161291425542841,-0.008061024363930842,0.450635770042712,5,development
pullback_60_3,7122,-0.000772351327211273,-0.010994667116684956,0.4674248806515024,5,selection
pullback_60_3,8911,0.0013764137378881362,-0.008845902051585548,0.474133093928852,5,holdout
pullback_60_3,20377,0.003948945143418131,-0.006273370646055552,0.45217647347499634,10,development
pullback_60_3,7122,-0.0021308808689094834,-0.012353196658383168,0.44355518112889636,10,selection
pullback_60_3,8905,0.0006002341411513683,-0.009622081648322315,0.47321729365524984,10,holdout
pullback_60_3,20384,0.005366572357361511,-0.0048557434321121725,0.4274921507064364,20,development
pullback_60_3,7122,-0.002276938837749868,-0.012499254627223552,0.44860994102780116,20,selection
pullback_60_3,8906,0.0036606176413461534,-0.0065616981481275306,0.43734560970132497,20,holdout
pullback_60_3,20376,0.009814011133023897,-0.00040830465644978685,0.4198566941499804,40,development
pullback_60_3,7122,-0.003554791430567562,-0.013777107220041246,0.43330525133389497,40,selection
pullback_60_3,8865,-0.0020447452768629186,-0.012267061066336602,0.41804850535815,40,holdout
pullback_60_5,11029,0.0018519720739062404,-0.008370343715567443,0.4531689183062834,5,development
pullback_60_5,3644,-0.0011625819397946234,-0.011384897729268307,0.45142700329308455,5,selection
pullback_60_5,4306,0.0020692086117388665,-0.008153107177734816,0.48327914537854155,5,holdout
pullback_60_5,11033,0.0031430763773559797,-0.007079239412117704,0.4506480558325025,10,development
pullback_60_5,3644,-0.003913329726196284,-0.014135645515669967,0.4349615806805708,10,selection
pullback_60_5,4304,0.0015226746434107816,-0.008699641146062902,0.48420074349442377,10,holdout
pullback_60_5,11036,0.007363038718590682,-0.002859277070883001,0.4275099673794853,20,development
pullback_60_5,3644,-0.006061888278182351,-0.016284204067656034,0.43304061470911087,20,selection
pullback_60_5,4305,0.001593033413663353,-0.008629282375810331,0.43646922183507547,20,holdout
pullback_60_5,11034,0.012969028334378128,0.0027467125449044446,0.41653072321914086,40,development
pullback_60_5,3644,-0.01011010270191969,-0.020332418491393375,0.409165751920966,40,selection
pullback_60_5,4285,-0.01455550144832804,-0.024777817237801723,0.3964994165694282,40,holdout
pullback_60_8,4453,0.0014523457116015668,-0.008769970077872117,0.45295306534920277,5,development
pullback_60_8,1408,-0.001645545638120256,-0.01186786142759394,0.44957386363636365,5,selection
pullback_60_8,1350,0.006363212108031275,-0.0038591036814424086,0.5059259259259259,5,holdout
pullback_60_8,4454,0.0005029468286836777,-0.009719368960790006,0.44589133363268973,10,development
pullback_60_8,1408,-0.0072473763045533416,-0.017469692094027024,0.421875,10,selection
pullback_60_8,1347,0.0035346312390138732,-0.006687684550459811,0.49962880475129917,10,holdout
pullback_60_8,4455,0.01002099227971637,-0.00020132350975731426,0.42783389450056114,20,development
pullback_60_8,1408,-0.01276406922021016,-0.022986385009683842,0.42045454545454547,20,selection
pullback_60_8,1349,-0.0023606559765964735,-0.012582971766070157,0.4255003706449222,20,holdout
pullback_60_8,4456,0.01980610034940146,0.009583784559927776,0.4196588868940754,40,development
pullback_60_8,1408,-0.02814026333059808,-0.038362579120071766,0.3650568181818182,40,selection
pullback_60_8,1342,-0.02581620118900693,-0.03603851697848061,0.3889716840536513,40,holdout
pullback_60_10,2322,0.0013013894359276488,-0.008920926353546035,0.4487510766580534,5,development
pullback_60_10,704,-0.004462454857148627,-0.014684770646622311,0.42045454545454547,5,selection
pullback_60_10,624,0.010728082468665476,0.0005057666791917926,0.5208333333333334,5,holdout
pullback_60_10,2323,0.0019886871957660434,-0.00823362859370764,0.44468359879466207,10,development
pullback_60_10,704,-0.006423279411375348,-0.01664559520084903,0.41051136363636365,10,selection
pullback_60_10,624,0.005699276124181789,-0.004523039665291895,0.5112179487179487,10,holdout
pullback_60_10,2323,0.01375271887151882,0.003530403082045136,0.4300473525613431,20,development
pullback_60_10,704,-0.021347921767521004,-0.03157023755699469,0.3934659090909091,20,selection
pullback_60_10,624,-0.0023960086720118744,-0.012618324461485558,0.4182692307692308,20,holdout
pullback_60_10,2322,0.024658494673640292,0.014436178884166609,0.429801894918174,40,development
pullback_60_10,704,-0.039322405311409764,-0.04954472110088345,0.34375,40,selection
pullback_60_10,620,-0.03110684166968769,-0.041329157459161374,0.38387096774193546,40,holdout
pullback_90_3,20528,0.0017433161425911953,-0.008478999646882488,0.4484119251753702,5,development
pullback_90_3,7088,-0.001103444414843277,-0.01132576020431696,0.4641647855530474,5,selection
pullback_90_3,8999,0.0008972977111617296,-0.009325018078311953,0.47194132681409046,5,holdout
pullback_90_3,20539,0.003312750768477272,-0.0069095650209964115,0.45050878815911194,10,development
pullback_90_3,7088,-0.0034431258693612132,-0.013665441658834897,0.442579006772009,10,selection
pullback_90_3,8997,0.00047845141859500557,-0.009743864370878678,0.47471379348671777,10,holdout
pullback_90_3,20545,0.0031394350407188665,-0.0070828807487548166,0.42083231929909953,20,development
pullback_90_3,7088,-0.003944633982645867,-0.01416694977211955,0.4477990970654628,20,selection
pullback_90_3,8996,0.0011548379605417702,-0.009067477828931914,0.4406402845709204,20,holdout
pullback_90_3,20534,0.006960451869772476,-0.003261863919701208,0.4143858965617999,40,development
pullback_90_3,7088,-0.0017436561115253353,-0.011965971900999019,0.43354966139954854,40,selection
pullback_90_3,8955,-0.006149140476207963,-0.016371456265681646,0.41898380792853157,40,holdout
pullback_90_5,11137,0.0011100469071881351,-0.009112268882285548,0.44841519260123913,5,development
pullback_90_5,3615,-0.0016473482991617794,-0.011869664088635462,0.44951590594744123,5,selection
pullback_90_5,4342,0.0016878411885300128,-0.00853447460094367,0.4806540764624597,5,holdout
pullback_90_5,11146,0.002196122607560784,-0.008026193181912899,0.44966804234703034,10,development
pullback_90_5,3615,-0.005530985536337474,-0.015753301325811157,0.433195020746888,10,selection
pullback_90_5,4342,0.0010203794581034869,-0.009201936331370196,0.48549055734684476,10,holdout
pullback_90_5,11148,0.003746918077979721,-0.006475397711493963,0.42016505202726945,20,development
pullback_90_5,3615,-0.008113300188311672,-0.018335615977785356,0.4343015214384509,20,selection
pullback_90_5,4341,0.0008244625068690796,-0.009397853282604604,0.44229440221147204,20,holdout
pullback_90_5,11142,0.008186154226642383,-0.0020361615628313005,0.4118650152575839,40,development
pullback_90_5,3615,-0.008114449633781643,-0.018336765423255325,0.4099585062240664,40,selection
pullback_90_5,4321,-0.015593533443575763,-0.025815849233049446,0.39875028928488776,40,holdout
pullback_90_8,4508,0.0011609480712446896,-0.009061367718228994,0.4476486246672582,5,development
pullback_90_8,1369,-0.002695976700244323,-0.012918292489718007,0.44923301680058436,5,selection
pullback_90_8,1370,0.006685577131987148,-0.003536738657486536,0.5065693430656935,5,holdout
pullback_90_8,4510,-0.00019885807647690247,-0.010421173865950586,0.4465631929046563,10,development
pullback_90_8,1369,-0.007429772372059378,-0.01765208816153306,0.42658875091307524,10,selection
pullback_90_8,1367,0.003278186479082244,-0.006944129310391439,0.5018288222384785,10,holdout
pullback_90_8,4511,0.005448085124132455,-0.004774230665341228,0.42097095987585903,20,development
pullback_90_8,1369,-0.015307313234287325,-0.02552962902376101,0.422936449963477,20,selection
pullback_90_8,1369,-9.174498783013415e-05,-0.010314060777303818,0.4331628926223521,20,holdout
pullback_90_8,4510,0.015112067530447092,0.004889751740973409,0.41818181818181815,40,development
pullback_90_8,1369,-0.025138286711342828,-0.03536060250081651,0.366691015339664,40,selection
pullback_90_8,1361,-0.027105280405803536,-0.037327596195277216,0.38795003673769285,40,holdout
pullback_90_10,2354,0.0007019276249328038,-0.00952038816454088,0.4413763806287171,5,development
pullback_90_10,675,-0.005783086753392481,-0.016005402542866164,0.42518518518518517,5,selection
pullback_90_10,630,0.011634867313823127,0.0014125515243494438,0.5238095238095238,5,holdout
pullback_90_10,2355,0.00043451506553284544,-0.009787800723940839,0.4424628450106157,10,development
pullback_90_10,675,-0.006513541960561991,-0.016735857750035676,0.4237037037037037,10,selection
pullback_90_10,630,0.006617159216682116,-0.0036051565727915676,0.5111111111111111,10,holdout
pullback_90_10,2355,0.004894941703435894,-0.00532737408603779,0.4182590233545648,20,development
pullback_90_10,675,-0.023433576809116743,-0.03365589259859043,0.40444444444444444,20,selection
pullback_90_10,630,0.0004503560003277356,-0.009771959789145948,0.4253968253968254,20,holdout
pullback_90_10,2353,0.015947838865410915,0.005725523075937232,0.4211644708882278,40,development
pullback_90_10,675,-0.03376063329305187,-0.043982949082525556,0.3451851851851852,40,selection
pullback_90_10,626,-0.03131309718507445,-0.04153541297454813,0.3769968051118211,40,holdout
reversal_3_ma100_vr1,4321,-0.0038298733412922598,-0.014052189130765943,0.44642443878731775,5,development
reversal_3_ma100_vr1,1628,-0.005703595636295474,-0.015925911425769157,0.4742014742014742,5,selection
reversal_3_ma100_vr1,2374,0.00402721702378116,-0.006195098765692524,0.5130581297388374,5,holdout
reversal_3_ma100_vr1,4322,-0.005729712208966064,-0.015952027998439748,0.463905599259602,10,development
reversal_3_ma100_vr1,1628,-0.0046768832522323485,-0.014899199041706033,0.43243243243243246,10,selection
reversal_3_ma100_vr1,2375,0.001987065400531945,-0.00823525038894174,0.5002105263157894,10,holdout
reversal_3_ma100_vr1,4324,-0.00920574846632463,-0.019428064255798315,0.42923219241443106,20,development
reversal_3_ma100_vr1,1628,-0.008287799552419414,-0.018510115341893098,0.4342751842751843,20,selection
reversal_3_ma100_vr1,2372,0.009261629545919014,-0.00096068624355467,0.45531197301854975,20,holdout
reversal_3_ma100_vr1,4320,-0.0074159916568941695,-0.01763830744636785,0.40925925925925927,40,development
reversal_3_ma100_vr1,1628,-0.003909447969615238,-0.014131763759088922,0.43611793611793614,40,selection
reversal_3_ma100_vr1,2367,0.0016855966034537153,-0.008536719186019968,0.4355724545838614,40,holdout
reversal_3_ma100_vr1.5,1897,-0.004852920209790083,-0.015075235999263767,0.4612546125461255,5,development
reversal_3_ma100_vr1.5,691,-0.01080084771121553,-0.021023163500689213,0.46599131693198265,5,selection
reversal_3_ma100_vr1.5,992,0.007540826765895555,-0.0026814890235781286,0.5433467741935484,5,holdout
reversal_3_ma100_vr1.5,1895,-0.006868324246757181,-0.017090640036230863,0.48232189973614775,10,development
reversal_3_ma100_vr1.5,691,-0.0027303370028168607,-0.012952652792290544,0.4283646888567294,10,selection
reversal_3_ma100_vr1.5,991,0.00479265987668234,-0.005429655912791344,0.5186680121089808,10,holdout
reversal_3_ma100_vr1.5,1896,-0.00944941202310814,-0.01967172781258182,0.4440928270042194,20,development
reversal_3_ma100_vr1.5,691,-0.009206168639330797,-0.01942848442880448,0.4312590448625181,20,selection
reversal_3_ma100_vr1.5,989,0.011196971367785951,0.0009746555783122675,0.48028311425682507,20,holdout
reversal_3_ma100_vr1.5,1893,-0.012653738847065858,-0.022876054636539543,0.40834653988378233,40,development
reversal_3_ma100_vr1.5,691,-0.005280273178836714,-0.015502588968310398,0.4356005788712012,40,selection
reversal_3_ma100_vr1.5,988,0.00885711490142396,-0.0013652008880497227,0.4605263157894737,40,holdout
reversal_3_ma100_vr2,911,-0.010185099985643748,-0.020407415775117434,0.4632272228320527,5,development
reversal_3_ma100_vr2,332,-0.006911330429865963,-0.017133646219339646,0.4578313253012048,5,selection
reversal_3_ma100_vr2,474,0.006523726433842799,-0.0036985893556308845,0.5316455696202531,5,holdout
reversal_3_ma100_vr2,910,-0.009339929952010021,-0.019562245741483707,0.4747252747252747,10,development
reversal_3_ma100_vr2,332,0.0014627955493294598,-0.008759520240144224,0.4246987951807229,10,selection
reversal_3_ma100_vr2,473,0.005534462366492127,-0.0046878534229815565,0.5369978858350951,10,holdout
reversal_3_ma100_vr2,910,-0.0066807185656798706,-0.016903034355153553,0.43736263736263736,20,development
reversal_3_ma100_vr2,332,0.0031674266529774487,-0.007054889136496234,0.4367469879518072,20,selection
reversal_3_ma100_vr2,473,0.007909074467759132,-0.0023132413217145514,0.4904862579281184,20,holdout
reversal_3_ma100_vr2,909,-0.016023651231147382,-0.026245967020621066,0.3927392739273927,40,development
reversal_3_ma100_vr2,332,-0.003724346818678621,-0.013946662608152305,0.4307228915662651,40,selection
reversal_3_ma100_vr2,473,0.021177444374707217,0.010955128585233533,0.4883720930232558,40,holdout
reversal_3_ma200_vr1,5026,-0.005125574956881937,-0.01534789074635562,0.4444886589733386,5,development
reversal_3_ma200_vr1,2091,-0.007340018252801515,-0.0175623340422752,0.4533715925394548,5,selection
reversal_3_ma200_vr1,3198,0.005164266454967074,-0.005058049334506609,0.5262664165103189,5,holdout
reversal_3_ma200_vr1,5029,-0.005724272765470395,-0.015946588554944078,0.4660966394909525,10,development
reversal_3_ma200_vr1,2091,-0.007213022733891307,-0.017435338523364992,0.4294595887135342,10,selection
reversal_3_ma200_vr1,3198,0.0011079175368797624,-0.00911439825259392,0.5125078173858661,10,holdout
reversal_3_ma200_vr1,5027,-0.006594978845856644,-0.016817294635330327,0.4430077581062264,20,development
reversal_3_ma200_vr1,2091,-0.0029677825765143857,-0.013190098365988069,0.4562410329985653,20,selection
reversal_3_ma200_vr1,3196,0.005063400921322672,-0.005158914868151012,0.47027534418022526,20,holdout
reversal_3_ma200_vr1,5028,-0.0020575427090257976,-0.01227985849849948,0.4236276849642005,40,development
reversal_3_ma200_vr1,2091,-0.00018946184663085576,-0.01041177763610454,0.4528933524629364,40,selection
reversal_3_ma200_vr1,3190,-0.00028044579581027796,-0.010502761585283961,0.44231974921630096,40,holdout
reversal_3_ma200_vr1.5,2269,-0.005230292006522306,-0.01545260779599599,0.4605553107095637,5,development
reversal_3_ma200_vr1.5,940,-0.01214170864005816,-0.022364024429531844,0.4351063829787234,5,selection
reversal_3_ma200_vr1.5,1443,0.008934256541713356,-0.0012880592477603273,0.5592515592515592,5,holdout
reversal_3_ma200_vr1.5,2271,-0.005228403112060475,-0.015450718901534159,0.48833113166006165,10,development
reversal_3_ma200_vr1.5,940,-0.00967107741722838,-0.019893393206702064,0.4053191489361702,10,selection
reversal_3_ma200_vr1.5,1442,0.003451841082694051,-0.0067704747067796325,0.5388349514563107,10,holdout
reversal_3_ma200_vr1.5,2268,-0.0038726810614992204,-0.014094996850972904,0.46164021164021163,20,development
reversal_3_ma200_vr1.5,940,-0.00628853403073522,-0.016510849820208902,0.4340425531914894,20,selection
reversal_3_ma200_vr1.5,1440,0.007897608009056669,-0.0023247077804170145,0.4888888888888889,20,holdout
reversal_3_ma200_vr1.5,2268,-0.0029652687927535725,-0.013187584582227256,0.42857142857142855,40,development
reversal_3_ma200_vr1.5,940,-0.007676606784112855,-0.017898922573586537,0.44361702127659575,40,selection
reversal_3_ma200_vr1.5,1438,0.003155594637897315,-0.007066721151576368,0.4527121001390821,40,holdout
reversal_3_ma200_vr2,1156,-0.011187055213556821,-0.021409371003030503,0.4532871972318339,5,development
reversal_3_ma200_vr2,489,-0.011771546430427585,-0.021993862219901267,0.40899795501022496,5,selection
reversal_3_ma200_vr2,743,0.009431105800327796,-0.0007912099891458878,0.5491251682368775,5,holdout
reversal_3_ma200_vr2,1157,-0.00900669644748932,-0.019229012236963,0.4814174589455488,10,development
reversal_3_ma200_vr2,489,-0.011821282353554063,-0.022043598143027747,0.36809815950920244,10,selection
reversal_3_ma200_vr2,742,0.0054056158639944315,-0.004816699925479252,0.545822102425876,10,holdout
reversal_3_ma200_vr2,1155,-0.0015135651417149789,-0.011735880931188662,0.4536796536796537,20,development
reversal_3_ma200_vr2,489,0.0017410194573946733,-0.00848129633207901,0.4294478527607362,20,selection
reversal_3_ma200_vr2,742,0.005133447974694985,-0.005088867814778699,0.49056603773584906,20,holdout
reversal_3_ma200_vr2,1156,-0.004752884022935846,-0.01497519981240953,0.4195501730103806,40,development
reversal_3_ma200_vr2,489,-0.008367253578224626,-0.01858956936769831,0.4294478527607362,40,selection
reversal_3_ma200_vr2,741,0.00858687737509976,-0.0016354384143739235,0.4682860998650472,40,holdout
reversal_4_ma100_vr1,3308,-0.004220701044187994,-0.014443016833661677,0.45042321644498184,5,development
reversal_4_ma100_vr1,1210,-0.0077318570231894625,-0.017954172812663146,0.4677685950413223,5,selection
reversal_4_ma100_vr1,1761,0.004616685524474718,-0.005605630264998966,0.5190232822260079,5,holdout
reversal_4_ma100_vr1,3310,-0.007045537531563152,-0.017267853321036836,0.4643504531722054,10,development
reversal_4_ma100_vr1,1210,-0.004261311061035024,-0.014483626850508708,0.4322314049586777,10,selection
reversal_4_ma100_vr1,1762,0.002175231872409727,-0.008047083917063956,0.5130533484676504,10,holdout
reversal_4_ma100_vr1,3311,-0.011319569691488318,-0.021541885480962003,0.4279673814557535,20,development
reversal_4_ma100_vr1,1210,-0.00924098107587548,-0.019463296865349165,0.43305785123966944,20,selection
reversal_4_ma100_vr1,1760,0.004039912553709293,-0.00618240323576439,0.45170454545454547,20,holdout
reversal_4_ma100_vr1,3308,-0.011132348631509956,-0.02135466442098364,0.40205562273276907,40,development
reversal_4_ma100_vr1,1210,-0.0025324868215229226,-0.012754802610996607,0.4413223140495868,40,selection
reversal_4_ma100_vr1,1756,-0.005395885053237836,-0.015618200842711519,0.4265375854214123,40,holdout
reversal_4_ma100_vr1.5,1484,-0.005761157189445773,-0.015983472978919458,0.46630727762803237,5,development
reversal_4_ma100_vr1.5,535,-0.011363621170928082,-0.021585936960401765,0.4635514018691589,5,selection
reversal_4_ma100_vr1.5,760,0.00908990932374335,-0.0011324064657303335,0.5526315789473685,5,holdout
reversal_4_ma100_vr1.5,1483,-0.009148074686047728,-0.01937039047552141,0.4861766689143628,10,development
reversal_4_ma100_vr1.5,535,0.000797208557705299,-0.009425107231768384,0.4336448598130841,10,selection
reversal_4_ma100_vr1.5,759,0.005609046509002226,-0.004613269280471457,0.5375494071146245,10,holdout
reversal_4_ma100_vr1.5,1483,-0.013042643233923889,-0.02326495902339757,0.44841537424140254,20,development
reversal_4_ma100_vr1.5,535,-0.007224215641283977,-0.01744653143075766,0.4373831775700935,20,selection
reversal_4_ma100_vr1.5,758,0.004159328152681515,-0.006062987636792168,0.4841688654353562,20,holdout
reversal_4_ma100_vr1.5,1480,-0.01847513525369939,-0.028697451043173075,0.4027027027027027,40,development
reversal_4_ma100_vr1.5,535,-0.0016314074033819807,-0.011853723192855664,0.44672897196261685,40,selection
reversal_4_ma100_vr1.5,757,0.001539046470524425,-0.008683269318949258,0.4583883751651255,40,holdout
reversal_4_ma100_vr2,737,-0.013801452471771341,-0.024023768261245027,0.46675712347354137,5,development
reversal_4_ma100_vr2,262,-0.005732377997456764,-0.015954693786930447,0.46564885496183206,5,selection
reversal_4_ma100_vr2,379,0.0074142704557490745,-0.002808045333724609,0.554089709762533,5,holdout
reversal_4_ma100_vr2,736,-0.014188472005089959,-0.02441078779456364,0.4701086956521739,10,development
reversal_4_ma100_vr2,262,0.006571639669953567,-0.0036506761195201163,0.4351145038167939,10,selection
reversal_4_ma100_vr2,378,0.00496384152819831,-0.005258474261275374,0.5555555555555556,10,holdout
reversal_4_ma100_vr2,736,-0.013857800961487154,-0.024080116750960837,0.44157608695652173,20,development
reversal_4_ma100_vr2,262,0.007676805167482362,-0.0025455106219913213,0.45038167938931295,20,selection
reversal_4_ma100_vr2,378,0.008535710533545106,-0.0016866052559285777,0.5052910052910053,20,holdout
reversal_4_ma100_vr2,735,-0.028233677875091324,-0.03845599366456501,0.38503401360544215,40,development
reversal_4_ma100_vr2,262,-0.00025676231924929606,-0.01047907810872298,0.4389312977099237,40,selection
reversal_4_ma100_vr2,378,0.027579969459635267,0.017357653670161583,0.5026455026455027,40,holdout
reversal_4_ma200_vr1,3880,-0.005716488510042172,-0.015938804299515857,0.44587628865979384,5,development
reversal_4_ma200_vr1,1600,-0.009117570781001451,-0.019339886570475133,0.4425,5,selection
reversal_4_ma200_vr1,2410,0.00609511209714125,-0.004127203692332434,0.5373443983402489,5,holdout
reversal_4_ma200_vr1,3884,-0.006986678243551272,-0.017208994033024956,0.46189495365602473,10,development
reversal_4_ma200_vr1,1600,-0.007741636323741103,-0.017963952113214787,0.4225,10,selection
reversal_4_ma200_vr1,2410,0.0011746665403416854,-0.009047649249131998,0.5269709543568465,10,holdout
reversal_4_ma200_vr1,3880,-0.00851886334027441,-0.018741179129748094,0.4417525773195876,20,development
reversal_4_ma200_vr1,1600,-0.0023328459444693496,-0.012555161733943034,0.450625,20,selection
reversal_4_ma200_vr1,2409,1.2018723108553495e-05,-0.01021029706636513,0.46865919468659195,20,holdout
reversal_4_ma200_vr1,3882,-0.005147765049329253,-0.015370080838802936,0.42014425553838225,40,development
reversal_4_ma200_vr1,1600,0.0009881570054112233,-0.00923415878406246,0.4525,40,selection
reversal_4_ma200_vr1,2403,-0.007233650889213604,-0.017455966678687287,0.4307116104868914,40,holdout
reversal_4_ma200_vr1.5,1797,-0.006329988294360464,-0.01655230408383415,0.46299387868670006,5,development
reversal_4_ma200_vr1.5,751,-0.013004152011383439,-0.023226467800857124,0.43142476697736354,5,selection
reversal_4_ma200_vr1.5,1127,0.010067469963038991,-0.0001548458264346922,0.5696539485359361,5,holdout
reversal_4_ma200_vr1.5,1798,-0.007638398815824693,-0.017860714605298377,0.4872080088987764,10,development
reversal_4_ma200_vr1.5,751,-0.00835592968549426,-0.018578245474967944,0.40612516644474034,10,selection
reversal_4_ma200_vr1.5,1126,0.00397286572622694,-0.006249450063246744,0.5550621669626998,10,holdout
reversal_4_ma200_vr1.5,1795,-0.007632335870726514,-0.0178546516602002,0.4623955431754875,20,development
reversal_4_ma200_vr1.5,751,-0.003904064730300543,-0.014126380519774226,0.43541944074567246,20,selection
reversal_4_ma200_vr1.5,1125,0.002640200771328186,-0.007582115018145498,0.49422222222222223,20,holdout
reversal_4_ma200_vr1.5,1796,-0.007956685694812197,-0.018179001484285882,0.42483296213808464,40,development
reversal_4_ma200_vr1.5,751,-0.003798564292714143,-0.014020880082187825,0.45139813581890814,40,selection
reversal_4_ma200_vr1.5,1123,-0.003805170319822712,-0.014027486109296395,0.44612644701691895,40,holdout
reversal_4_ma200_vr2,945,-0.013653725577936702,-0.023876041367410387,0.45185185185185184,5,development
reversal_4_ma200_vr2,405,-0.010988805190432346,-0.02121112097990603,0.40987654320987654,5,selection
reversal_4_ma200_vr2,605,0.010427522074489635,0.00020520628501595126,0.5669421487603306,5,holdout
reversal_4_ma200_vr2,945,-0.013752036533595536,-0.02397435232306922,0.4740740740740741,10,development
reversal_4_ma200_vr2,405,-0.00870531969553852,-0.018927635485012202,0.3802469135802469,10,selection
reversal_4_ma200_vr2,604,0.005858650030954363,-0.00436366575851932,0.5629139072847682,10,holdout
reversal_4_ma200_vr2,943,-0.00960423012554651,-0.019826545915020193,0.44750795334040294,20,development
reversal_4_ma200_vr2,405,0.006912399818309506,-0.003309915971164178,0.43703703703703706,20,selection
reversal_4_ma200_vr2,604,0.005965137330531688,-0.004257178458941996,0.5066225165562914,20,holdout
reversal_4_ma200_vr2,944,-0.014826605886951968,-0.025048921676425653,0.4067796610169492,40,development
reversal_4_ma200_vr2,405,-0.003144679710716022,-0.013366995500189705,0.43209876543209874,40,selection
reversal_4_ma200_vr2,603,0.009700860486844346,-0.000521455302629337,0.4759535655058043,40,holdout
reversal_5_ma100_vr1,2662,-0.006970241067608542,-0.017192556857082226,0.44665664913598796,5,development
reversal_5_ma100_vr1,879,-0.009753384616248207,-0.019975700405721893,0.43686006825938567,5,selection
reversal_5_ma100_vr1,1340,0.005497174243285029,-0.004725141546188655,0.5134328358208955,5,holdout
reversal_5_ma100_vr1,2663,-0.012691927697009733,-0.022914243486483417,0.45812992865189633,10,development
reversal_5_ma100_vr1,879,-0.005541923909631218,-0.015764239699104902,0.4197952218430034,10,selection
reversal_5_ma100_vr1,1340,0.0016067960859171128,-0.008615519703556571,0.5082089552238805,10,holdout
reversal_5_ma100_vr1,2664,-0.018803508954945418,-0.0290258247444191,0.4144144144144144,20,development
reversal_5_ma100_vr1,879,-0.01137560732198742,-0.021597923111461102,0.42775881683731515,20,selection
reversal_5_ma100_vr1,1339,0.0019423635348338806,-0.008279952254639802,0.43539955190440627,20,holdout
reversal_5_ma100_vr1,2662,-0.018842572180333722,-0.029064887969807406,0.3989481592787378,40,development
reversal_5_ma100_vr1,879,-0.001966131798076341,-0.012188447587550024,0.4323094425483504,40,selection
reversal_5_ma100_vr1,1335,-0.009464613059615974,-0.01968692884908966,0.41123595505617977,40,holdout
reversal_5_ma100_vr1.5,1202,-0.009316003125254728,-0.01953831891472841,0.4667221297836938,5,development
reversal_5_ma100_vr1.5,388,-0.013285814543816147,-0.02350813033328983,0.4252577319587629,5,selection
reversal_5_ma100_vr1.5,586,0.013181685766115666,0.0029593699766419825,0.552901023890785,5,holdout
reversal_5_ma100_vr1.5,1202,-0.015414253125355446,-0.025636568914829128,0.480865224625624,10,development
reversal_5_ma100_vr1.5,388,-0.003635743162741984,-0.013858058952215667,0.42783505154639173,10,selection
reversal_5_ma100_vr1.5,585,0.006983340789501733,-0.0032389749999719502,0.535042735042735,10,holdout
reversal_5_ma100_vr1.5,1201,-0.02010371333223161,-0.030326029121705293,0.42964196502914237,20,development
reversal_5_ma100_vr1.5,388,-0.009238813441023098,-0.019461129230496782,0.42783505154639173,20,selection
reversal_5_ma100_vr1.5,585,0.0030713437068898863,-0.007150972082583798,0.4717948717948718,20,holdout
reversal_5_ma100_vr1.5,1200,-0.02374699737136605,-0.03396931316083973,0.39916666666666667,40,development
reversal_5_ma100_vr1.5,388,0.0007459979604216603,-0.009476317829052023,0.44329896907216493,40,selection
reversal_5_ma100_vr1.5,584,-0.0035700578082009903,-0.013792373597674674,0.4417808219178082,40,holdout
reversal_5_ma100_vr2,593,-0.01701399725496693,-0.027236313044440612,0.4688026981450253,5,development
reversal_5_ma100_vr2,298,0.0138631002363987,0.003640784446925017,0.5570469798657718,5,holdout
reversal_5_ma100_vr2,593,-0.020242899602920347,-0.03046521539239403,0.4654300168634064,10,development
reversal_5_ma100_vr2,297,0.009711864378653394,-0.0005104514108202896,0.5656565656565656,10,holdout
reversal_5_ma100_vr2,592,-0.018665303203256524,-0.028887618992730207,0.42567567567567566,20,development
reversal_5_ma100_vr2,297,0.008730809221833979,-0.0014915065676397044,0.49158249158249157,20,holdout
reversal_5_ma100_vr2,592,-0.034425369907687645,-0.04464768569716133,0.3902027027027027,40,development
reversal_5_ma100_vr2,297,0.020890875214752292,0.010668559425278609,0.4781144781144781,40,holdout
reversal_5_ma200_vr1,3118,-0.008471710072429013,-0.018694025861902698,0.44194996792815905,5,development
reversal_5_ma200_vr1,1198,-0.011011557041125396,-0.02123387283059908,0.41986644407345575,5,selection
reversal_5_ma200_vr1,1867,0.007746913385128997,-0.002475402404344687,0.5409748259239422,5,holdout
reversal_5_ma200_vr1,3122,-0.012117215575288344,-0.02233953136476203,0.45579756566303653,10,development
reversal_5_ma200_vr1,1198,-0.009550549797104202,-0.019772865586577884,0.41569282136894825,10,selection
reversal_5_ma200_vr1,1867,0.0011392639940341323,-0.009083051795439551,0.5281199785752544,10,holdout
reversal_5_ma200_vr1,3118,-0.015293089466710834,-0.025515405256184516,0.4291212315586915,20,development
reversal_5_ma200_vr1,1198,-0.0035044197814844383,-0.013726735570958121,0.44490818030050083,20,selection
reversal_5_ma200_vr1,1866,-0.003062459423439655,-0.013284775212913338,0.4592711682743837,20,holdout
reversal_5_ma200_vr1,3121,-0.010694252101819823,-0.020916567891293508,0.41461070169817366,40,development
reversal_5_ma200_vr1,1198,0.00016211492057451374,-0.01006020086889917,0.44156928213689484,40,selection
reversal_5_ma200_vr1,1863,-0.011638001908075244,-0.021860317697548926,0.4251207729468599,40,holdout
reversal_5_ma200_vr1.5,1461,-0.00909341702583768,-0.019315732815311362,0.4647501711156742,5,development
reversal_5_ma200_vr1.5,567,-0.015542130322439267,-0.02576444611191295,0.4038800705467372,5,selection
reversal_5_ma200_vr1.5,905,0.013508777910309517,0.003286462120835833,0.5767955801104973,5,holdout
reversal_5_ma200_vr1.5,1463,-0.012820679482227884,-0.023042995271701568,0.47778537252221465,10,development
reversal_5_ma200_vr1.5,567,-0.013967145965060055,-0.024189461754533736,0.3950617283950617,10,selection
reversal_5_ma200_vr1.5,904,0.005876864798693357,-0.0043454509907803265,0.5608407079646017,10,holdout
reversal_5_ma200_vr1.5,1459,-0.013048693757530726,-0.02327100954700441,0.4434544208361892,20,development
reversal_5_ma200_vr1.5,567,-0.006684583704270088,-0.01690689949374377,0.42328042328042326,20,selection
reversal_5_ma200_vr1.5,904,0.002919705057898902,-0.007302610731574781,0.4922566371681416,20,holdout
reversal_5_ma200_vr1.5,1462,-0.010254174322552375,-0.02047649011202606,0.4186046511627907,40,development
reversal_5_ma200_vr1.5,567,-0.004452731309410952,-0.014675047098884637,0.43915343915343913,40,selection
reversal_5_ma200_vr1.5,903,-0.00701480990140384,-0.017237125690877524,0.4429678848283499,40,holdout
reversal_5_ma200_vr2,764,-0.016798105630515026,-0.02702042141998871,0.4489528795811518,5,development
reversal_5_ma200_vr2,324,-0.011496676592644169,-0.02171899238211785,0.3888888888888889,5,selection
reversal_5_ma200_vr2,502,0.015870037984962223,0.005647722195488539,0.5856573705179283,5,holdout
reversal_5_ma200_vr2,765,-0.01948085314939547,-0.029703168938869155,0.46013071895424834,10,development
reversal_5_ma200_vr2,324,-0.007658840467817032,-0.017881156257290715,0.3734567901234568,10,selection
reversal_5_ma200_vr2,501,0.011248129886619992,0.0010258140971463083,0.5828343313373253,10,holdout
reversal_5_ma200_vr2,762,-0.013823391122115383,-0.024045706911589068,0.42913385826771655,20,development
reversal_5_ma200_vr2,324,0.007255142813867023,-0.0029671729756066603,0.4166666666666667,20,selection
reversal_5_ma200_vr2,501,0.008427074188358526,-0.0017952416011151572,0.5109780439121756,20,holdout
reversal_5_ma200_vr2,764,-0.017624801657332316,-0.027847117446806,0.4018324607329843,40,development
reversal_5_ma200_vr2,324,-0.0008690581549358756,-0.011091373944409559,0.41358024691358025,40,selection
reversal_5_ma200_vr2,501,0.0073340707092173505,-0.002888245080256333,0.47305389221556887,40,holdout
reversal_6_ma100_vr1,2065,-0.008655148991158965,-0.01887746478063265,0.4464891041162228,5,development
reversal_6_ma100_vr1,665,-0.011737353948089592,-0.021959669737563275,0.4180451127819549,5,selection
reversal_6_ma100_vr1,996,0.008573605451679962,-0.0016487103377937212,0.5271084337349398,5,holdout
reversal_6_ma100_vr1,2065,-0.016865825078922654,-0.027088140868396338,0.4464891041162228,10,development
reversal_6_ma100_vr1,665,-0.006184905389405987,-0.01640722117887967,0.4075187969924812,10,selection
reversal_6_ma100_vr1,995,0.0036107489398968483,-0.006611566849576835,0.521608040201005,10,holdout
reversal_6_ma100_vr1,2066,-0.022494332757718657,-0.03271664854719234,0.4046466602129719,20,development
reversal_6_ma100_vr1,665,-0.01537914562549949,-0.025601461414973173,0.40601503759398494,20,selection
reversal_6_ma100_vr1,994,0.008660005670799475,-0.0015623101186742084,0.4476861167002012,20,holdout
reversal_6_ma100_vr1,2065,-0.024766684326648917,-0.034989000116122604,0.38498789346246975,40,development
reversal_6_ma100_vr1,665,-0.004804041324601579,-0.015026357114075264,0.41353383458646614,40,selection
reversal_6_ma100_vr1,992,-0.0046855585265063926,-0.014907874315980077,0.41935483870967744,40,holdout
reversal_6_ma100_vr1.5,936,-0.013207678447826098,-0.02342999423729978,0.4668803418803419,5,development
reversal_6_ma100_vr1.5,300,-0.013163975547541486,-0.02338629133701517,0.42,5,selection
reversal_6_ma100_vr1.5,445,0.01731104877784722,0.007088732988373536,0.5707865168539326,5,holdout
reversal_6_ma100_vr1.5,936,-0.021041634799448875,-0.03126395058892256,0.47863247863247865,10,development
reversal_6_ma100_vr1.5,300,0.00014663134200814407,-0.01007568444746554,0.43333333333333335,10,selection
reversal_6_ma100_vr1.5,444,0.008567277199766039,-0.0016550385897076449,0.5472972972972973,10,holdout
reversal_6_ma100_vr1.5,935,-0.02439399390109505,-0.03461630969056873,0.42245989304812837,20,development
reversal_6_ma100_vr1.5,300,-0.009555835451032777,-0.019778151240506463,0.39666666666666667,20,selection
reversal_6_ma100_vr1.5,444,0.008163330347990569,-0.002058985441483115,0.481981981981982,20,holdout
reversal_6_ma100_vr1.5,934,-0.030707934827536948,-0.04093025061701063,0.3929336188436831,40,development
reversal_6_ma100_vr1.5,300,0.0021559385923172487,-0.008066377197156435,0.4166666666666667,40,selection
reversal_6_ma100_vr1.5,444,0.0027024176394017346,-0.0075198981500719485,0.44819819819819817,40,holdout
reversal_6_ma100_vr2,466,-0.021543827171387243,-0.03176614296086093,0.4656652360515021,5,development
reversal_6_ma100_vr2,232,0.01849715845183393,0.008274842662360248,0.5862068965517241,5,holdout
reversal_6_ma100_vr2,466,-0.029476215379972415,-0.0396985311694461,0.45064377682403434,10,development
reversal_6_ma100_vr2,231,0.012404869112251074,0.00218255332277739,0.5800865800865801,10,holdout
reversal_6_ma100_vr2,465,-0.02672418104288071,-0.03694649683235439,0.4021505376344086,20,development
reversal_6_ma100_vr2,231,0.015636146111293783,0.0054138303218201,0.5021645021645021,20,holdout
reversal_6_ma100_vr2,465,-0.0477092269916585,-0.05793154278113218,0.3720430107526882,40,development
reversal_6_ma100_vr2,231,0.031655752768980215,0.02143343697950653,0.4805194805194805,40,holdout
reversal_6_ma200_vr1,2452,-0.00961406221119952,-0.019836378000673203,0.4396411092985318,5,development
reversal_6_ma200_vr1,929,-0.01412157418570702,-0.024343889975180704,0.3982777179763186,5,selection
reversal_6_ma200_vr1,1436,0.010422602241967865,0.00020028645249418192,0.5543175487465181,5,holdout
reversal_6_ma200_vr1,2453,-0.015932520541245228,-0.02615483633071891,0.4427231960864248,10,development
reversal_6_ma200_vr1,929,-0.012226928615855252,-0.022449244405328937,0.4047362755651238,10,selection
reversal_6_ma200_vr1,1435,0.0018655410886255187,-0.008356774700848165,0.537979094076655,10,holdout
reversal_6_ma200_vr1,2449,-0.01775513708058353,-0.027977452870057214,0.4254797876684361,20,development
reversal_6_ma200_vr1,929,-0.008367517001451491,-0.018589832790925173,0.42734122712594186,20,selection
reversal_6_ma200_vr1,1434,-0.0018570903592981473,-0.01207940614877183,0.46513249651324967,20,holdout
reversal_6_ma200_vr1,2453,-0.013646022091045136,-0.02386833788051882,0.41214838972686507,40,development
reversal_6_ma200_vr1,929,-0.006694518525118132,-0.016916834314591817,0.4176533907427341,40,selection
reversal_6_ma200_vr1,1433,-0.01125577972974643,-0.021478095519220114,0.4305652477320307,40,holdout
reversal_6_ma200_vr1.5,1153,-0.010036596470328585,-0.020258912259802267,0.46487424111014747,5,development
reversal_6_ma200_vr1.5,457,-0.0172017989969824,-0.027424114786456084,0.38949671772428884,5,selection
reversal_6_ma200_vr1.5,725,0.01668058959001263,0.006458273800538948,0.5958620689655172,5,holdout
reversal_6_ma200_vr1.5,1154,-0.0161221335420602,-0.026344449331533883,0.47227036395147315,10,development
reversal_6_ma200_vr1.5,457,-0.014424208309379113,-0.024646524098852797,0.3851203501094092,10,selection
reversal_6_ma200_vr1.5,724,0.006205505584930852,-0.0040168102045428315,0.5787292817679558,10,holdout
reversal_6_ma200_vr1.5,1150,-0.015913230318768092,-0.026135546108241776,0.44173913043478263,20,development
reversal_6_ma200_vr1.5,457,-0.008882773503558893,-0.019105089293032576,0.3982494529540481,20,selection
reversal_6_ma200_vr1.5,724,0.0035802277380891194,-0.006642088051384564,0.4958563535911602,20,holdout
reversal_6_ma200_vr1.5,1153,-0.013645831812997306,-0.02386814760247099,0.41803989592367735,40,development
reversal_6_ma200_vr1.5,457,-0.00924136973245692,-0.019463685521930604,0.40919037199124725,40,selection
reversal_6_ma200_vr1.5,724,-0.006247128805331175,-0.016469444594804858,0.44613259668508287,40,holdout
reversal_6_ma200_vr2,611,-0.018578956939246213,-0.028801272728719896,0.4500818330605565,5,development
reversal_6_ma200_vr2,268,-0.012090476673195622,-0.022312792462669304,0.3805970149253731,5,selection
reversal_6_ma200_vr2,418,0.018652127870250522,0.008429812080776838,0.6076555023923444,5,holdout
reversal_6_ma200_vr2,611,-0.025453155871844678,-0.03567547166131836,0.44844517184942717,10,development
reversal_6_ma200_vr2,268,-0.005019891959348367,-0.01524220774882205,0.3619402985074627,10,selection
reversal_6_ma200_vr2,417,0.011897742791733746,0.001675427002260062,0.5947242206235012,10,holdout
reversal_6_ma200_vr2,608,-0.02060781527811391,-0.030830131067587592,0.4243421052631579,20,development
reversal_6_ma200_vr2,268,0.008806013715908494,-0.0014163020735651899,0.40671641791044777,20,selection
reversal_6_ma200_vr2,417,0.008267726384708985,-0.001954589404764699,0.5083932853717026,20,holdout
reversal_6_ma200_vr2,610,-0.024972853553419064,-0.03519516934289275,0.39672131147540984,40,development
reversal_6_ma200_vr2,268,-0.000916371254449022,-0.011138687043922705,0.40298507462686567,40,selection
reversal_6_ma200_vr2,417,0.009847806474766931,-0.0003745093147067523,0.47721822541966424,40,holdout
reversal_8_ma100_vr1,1298,-0.011691448749991189,-0.02191376453946487,0.42989214175654855,5,development
reversal_8_ma100_vr1,382,-0.011788024999581407,-0.02201034078905509,0.4397905759162304,5,selection
reversal_8_ma100_vr1,547,0.01128163671610263,0.0010593209266289462,0.5356489945155393,5,holdout
reversal_8_ma100_vr1,1300,-0.022458112211083132,-0.032680428000556816,0.4346153846153846,10,development
reversal_8_ma100_vr1,382,-0.012254832673118984,-0.022477148462592668,0.38219895287958117,10,selection
reversal_8_ma100_vr1,546,0.0009580271187270952,-0.00926428867074659,0.5146520146520146,10,holdout
reversal_8_ma100_vr1,1299,-0.027384995636608424,-0.037607311426082105,0.37952270977675134,20,development
reversal_8_ma100_vr1,382,-0.022254749862906226,-0.03247706565237991,0.4162303664921466,20,selection
reversal_8_ma100_vr1,546,-0.0034589572940402,-0.013681273083513884,0.43772893772893773,20,holdout
reversal_8_ma100_vr1,1299,-0.024631014763086403,-0.03485333055256008,0.37490377213240955,40,development
reversal_8_ma100_vr1,382,-0.014456506875788087,-0.024678822665261772,0.4109947643979058,40,selection
reversal_8_ma100_vr1,545,-0.02320289074457887,-0.03342520653405255,0.3981651376146789,40,holdout
reversal_8_ma100_vr1.5,608,-0.02121650175261886,-0.031438817542092545,0.4309210526315789,5,development
reversal_8_ma100_vr1.5,254,0.02296337843803924,0.012741062648565556,0.5984251968503937,5,holdout
reversal_8_ma100_vr1.5,608,-0.03276919852345219,-0.042991514312925874,0.45723684210526316,10,development
reversal_8_ma100_vr1.5,253,0.007052362518252886,-0.003169953271220797,0.5573122529644269,10,holdout
reversal_8_ma100_vr1.5,607,-0.03428456175050824,-0.04450687753998192,0.3871499176276771,20,development
reversal_8_ma100_vr1.5,253,0.0007576934347541791,-0.009464622354719504,0.4624505928853755,20,holdout
reversal_8_ma100_vr1.5,607,-0.03913324290301239,-0.049355558692486076,0.38220757825370677,40,development
reversal_8_ma100_vr1.5,253,-0.0017011058112245717,-0.011923421600698255,0.4268774703557312,40,holdout
reversal_8_ma100_vr2,322,-0.030724915121980334,-0.04094723091145402,0.43167701863354035,5,development
reversal_8_ma100_vr2,322,-0.043402627253805254,-0.05362494304327894,0.42857142857142855,10,development
reversal_8_ma100_vr2,321,-0.035073219460273426,-0.04529553524974711,0.367601246105919,20,development
reversal_8_ma100_vr2,322,-0.056202494689959866,-0.06642481047943355,0.34782608695652173,40,development
reversal_8_ma200_vr1,1597,-0.012154034899939133,-0.022376350689412815,0.4257983719474014,5,development
reversal_8_ma200_vr1,551,-0.014461893450290829,-0.024684209239764512,0.41197822141560797,5,selection
reversal_8_ma200_vr1,851,0.014417496676500876,0.004195180887027193,0.5781433607520564,5,holdout
reversal_8_ma200_vr1,1598,-0.021408342834606325,-0.03163065862408001,0.4311639549436796,10,development
reversal_8_ma200_vr1,551,-0.01779815166142768,-0.028020467450901365,0.38475499092558985,10,selection
reversal_8_ma200_vr1,850,0.0030248032716933292,-0.007197512517780355,0.54,10,holdout
reversal_8_ma200_vr1,1594,-0.021816146043353073,-0.032038461832826756,0.4065244667503137,20,development
reversal_8_ma200_vr1,551,-0.0146894228378646,-0.02491173862733828,0.4283121597096189,20,selection
reversal_8_ma200_vr1,850,-0.0019475047795900636,-0.012169820569063747,0.46588235294117647,20,holdout
reversal_8_ma200_vr1,1598,-0.013910277082305859,-0.024132592871779542,0.40362953692115144,40,development
reversal_8_ma200_vr1,551,-0.01360604262930265,-0.023828358418776334,0.41379310344827586,40,selection
reversal_8_ma200_vr1,850,-0.015385970567632211,-0.025608286357105894,0.42,40,holdout
reversal_8_ma200_vr1.5,768,-0.01573894449101733,-0.025961260280491012,0.4375,5,development
reversal_8_ma200_vr1.5,284,-0.016642638672845603,-0.026864954462319287,0.3873239436619718,5,selection
reversal_8_ma200_vr1.5,463,0.01867043271013337,0.008448116920659686,0.6112311015118791,5,holdout
reversal_8_ma200_vr1.5,768,-0.025692955409091705,-0.035915271198565385,0.453125,10,development
reversal_8_ma200_vr1.5,284,-0.023682162064062658,-0.03390447785353634,0.352112676056338,10,selection
reversal_8_ma200_vr1.5,462,0.0023879650232050773,-0.007834350766268606,0.5800865800865801,10,holdout
reversal_8_ma200_vr1.5,765,-0.0246274984682796,-0.034849814257753284,0.4117647058823529,20,development
reversal_8_ma200_vr1.5,284,-0.019583939362281713,-0.029806255151755397,0.38380281690140844,20,selection
reversal_8_ma200_vr1.5,462,-0.002908508272325795,-0.013130824061799478,0.4805194805194805,20,holdout
reversal_8_ma200_vr1.5,768,-0.021672087105504157,-0.031894402894977844,0.4075520833333333,40,development
reversal_8_ma200_vr1.5,284,-0.02047458722100334,-0.030696903010477023,0.39436619718309857,40,selection
reversal_8_ma200_vr1.5,462,-0.015274574116309574,-0.025496889905783256,0.42207792207792205,40,holdout
reversal_8_ma200_vr2,424,-0.02312135080505301,-0.03334366659452669,0.4386792452830189,5,development
reversal_8_ma200_vr2,278,0.019622464515769104,0.00940014872629542,0.6223021582733813,5,holdout
reversal_8_ma200_vr2,424,-0.034921524763280046,-0.04514384055275373,0.4363207547169811,10,development
reversal_8_ma200_vr2,277,0.008494690159059152,-0.0017276256304145313,0.6028880866425993,10,holdout
reversal_8_ma200_vr2,421,-0.02674261136377968,-0.03696492715325336,0.39667458432304037,20,development
reversal_8_ma200_vr2,277,0.002044433549473426,-0.008177882240000257,0.48736462093862815,20,holdout
reversal_8_ma200_vr2,424,-0.034914380812494254,-0.04513669660196794,0.37735849056603776,40,development
reversal_8_ma200_vr2,277,-0.00454998049499974,-0.014772296284473425,0.4296028880866426,40,holdout
breakout_10_vr1_ma50,21471,-0.0005422941283063979,-0.01076460991778008,0.3982115411485259,5,development
breakout_10_vr1_ma50,8584,-0.002273272654408834,-0.012495588443882518,0.4016775396085741,5,selection
breakout_10_vr1_ma50,11070,0.0030364981089108173,-0.007185817680562866,0.44290876242095756,5,holdout
breakout_10_vr1_ma50,21452,0.0010044721313976607,-0.009217843658076022,0.4124557150848406,10,development
breakout_10_vr1_ma50,8584,-0.0032537667137628335,-0.013476082503236517,0.41076421248835043,10,selection
breakout_10_vr1_ma50,11079,0.00555149379926339,-0.0046708219902102934,0.45238739958480007,10,holdout
breakout_10_vr1_ma50,21463,0.004339664546979006,-0.005882651242494677,0.4258491357219401,20,development
breakout_10_vr1_ma50,8584,-0.004931852142031352,-0.015154167931505036,0.39853215284249766,20,selection
breakout_10_vr1_ma50,10995,0.013688607843526105,0.0034662920540524216,0.4693042291950887,20,holdout
breakout_10_vr1_ma50,21469,0.0071827491033465635,-0.00303956668612712,0.4172527830825842,40,development
breakout_10_vr1_ma50,8584,-0.003189424435145077,-0.01341174022461876,0.40785181733457593,40,selection
breakout_10_vr1_ma50,10936,0.016654715190426005,0.006432399400952322,0.4533650329188003,40,holdout
breakout_10_vr1_ma100,18764,-6.812814888792862e-05,-0.010290443938361612,0.3954380729055638,5,development
breakout_10_vr1_ma100,7699,-0.0012825213818601273,-0.01150483717133381,0.4044681127419145,5,selection
breakout_10_vr1_ma100,9940,0.0038086992199170434,-0.00641361656955664,0.4467806841046278,5,holdout
breakout_10_vr1_ma100,18745,0.0015320529722441562,-0.008690262817229528,0.41066951186983197,10,development
breakout_10_vr1_ma100,7699,-0.001870031949716765,-0.012092347739190448,0.410962462657488,10,selection
breakout_10_vr1_ma100,9948,0.006654532649177108,-0.0035677831402965753,0.4582830719742662,10,holdout
breakout_10_vr1_ma100,18757,0.006122265033175219,-0.004100050756298465,0.4282134669723303,20,development
breakout_10_vr1_ma100,7699,-0.0015857491229823082,-0.011808064912455991,0.40394856474866864,20,selection
breakout_10_vr1_ma100,9954,0.01523037015500144,0.005008054365527757,0.4751858549326904,20,holdout
breakout_10_vr1_ma100,18764,0.011063660821143604,0.0008413450316699204,0.42219143039863566,40,development
breakout_10_vr1_ma100,7699,0.0013478925963605398,-0.008874423193113143,0.4171970385764385,40,selection
breakout_10_vr1_ma100,9938,0.018701661968915605,0.008479346179441922,0.4579392231837392,40,holdout
breakout_10_vr1.5_ma50,16126,-0.001666793817098457,-0.01188910960657214,0.3862706188763487,5,development
breakout_10_vr1.5_ma50,6259,-0.0032840053212181658,-0.01350632111069185,0.39303403099536666,5,selection
breakout_10_vr1.5_ma50,7567,0.001992221844859259,-0.008230093944614424,0.42936434518303157,5,holdout
breakout_10_vr1.5_ma50,16117,-0.0007143871649384753,-0.010936702954412158,0.3998262703977167,10,development
breakout_10_vr1.5_ma50,6259,-0.004557613925969462,-0.014779929715443146,0.39830643872823135,10,selection
breakout_10_vr1.5_ma50,7581,0.003990476877772151,-0.006231838911701533,0.43635404300224245,10,holdout
breakout_10_vr1.5_ma50,16121,0.002379905720217915,-0.007842410069255769,0.41455244711866507,20,development
breakout_10_vr1.5_ma50,6259,-0.005931212027790329,-0.016153527817264014,0.3917558715449752,20,selection
breakout_10_vr1.5_ma50,7513,0.01288912711691422,0.0026668113274405363,0.45760681485425264,20,holdout
breakout_10_vr1.5_ma50,16127,0.002397880989292702,-0.007824434800180982,0.40373287034166305,40,development
breakout_10_vr1.5_ma50,6259,-0.0006991219943364967,-0.01092143778381018,0.4066144751557757,40,selection
breakout_10_vr1.5_ma50,7472,0.014421018945780855,0.004198703156307172,0.4475374732334047,40,holdout
breakout_10_vr1.5_ma100,14081,-0.0009907739210320704,-0.011213089710505754,0.38434770257794193,5,development
breakout_10_vr1.5_ma100,5631,-0.00208899783499379,-0.012311313624467473,0.3985082578582845,5,selection
breakout_10_vr1.5_ma100,6777,0.0028053710695162583,-0.007416944719957425,0.433377600708278,5,holdout
breakout_10_vr1.5_ma100,14072,0.0001275765450215501,-0.010094739244452134,0.39909039226833426,10,development
breakout_10_vr1.5_ma100,5631,-0.0028093014114320258,-0.01303161720090571,0.4024152015627775,10,selection
breakout_10_vr1.5_ma100,6787,0.004952948132274288,-0.005269367657199395,0.4411374686901429,10,holdout
breakout_10_vr1.5_ma100,14076,0.004791334531254918,-0.0054309812582187655,0.4184427394146064,20,development
breakout_10_vr1.5_ma100,5631,-0.0020384994084190274,-0.01226081519789271,0.3992186112591014,20,selection
breakout_10_vr1.5_ma100,6785,0.014152571135802204,0.00393025534632852,0.46204863669859986,20,holdout
breakout_10_vr1.5_ma100,14083,0.006422658910086683,-0.003799656879387001,0.41028190016331745,40,development
breakout_10_vr1.5_ma100,5631,0.004205803534815917,-0.006016512254657766,0.41520156277748177,40,selection
breakout_10_vr1.5_ma100,6778,0.016841169207334153,0.006618853417860469,0.45293596931248153,40,holdout
breakout_10_vr2_ma50,12145,-0.003624902334465309,-0.013847218123938992,0.3752984767393989,5,development
breakout_10_vr2_ma50,4551,-0.0026345283602887057,-0.01285684414976239,0.3931004174906614,5,selection
breakout_10_vr2_ma50,5239,0.0023561086704828793,-0.007866207118990803,0.4220271044092384,5,holdout
breakout_10_vr2_ma50,12140,-0.0029381082831196072,-0.013160424072593291,0.38929159802306423,10,development
breakout_10_vr2_ma50,4551,-0.004130000700292499,-0.014352316489766183,0.3970555921775434,10,selection
breakout_10_vr2_ma50,5254,0.003139957028494574,-0.00708235876097911,0.4250095165588123,10,holdout
breakout_10_vr2_ma50,12141,4.614147340127719e-05,-0.010176174316072406,0.4030969442385306,20,development
breakout_10_vr2_ma50,4551,-0.006420573101360182,-0.016642888890833867,0.3893649747308284,20,selection
breakout_10_vr2_ma50,5200,0.012364542167260847,0.002142226377787163,0.4503846153846154,20,holdout
breakout_10_vr2_ma50,12146,-0.0016048280169597294,-0.011827143806433413,0.39115758274329,40,development
breakout_10_vr2_ma50,4551,0.0003895359780857133,-0.00983277981138797,0.4087013843111404,40,selection
breakout_10_vr2_ma50,5179,0.012348567658754897,0.002126251869281214,0.4394670785865997,40,holdout
breakout_10_vr2_ma100,10586,-0.002947935591538427,-0.01317025138101211,0.373134328358209,5,development
breakout_10_vr2_ma100,4100,-0.001374065070674565,-0.011596380860148248,0.4007317073170732,5,selection
breakout_10_vr2_ma100,4685,0.0032357603910016662,-0.006986555398472018,0.4264674493062967,5,holdout
breakout_10_vr2_ma100,10582,-0.001918451273049265,-0.012140767062522949,0.3898128898128898,10,development
breakout_10_vr2_ma100,4100,-0.002012919026493528,-0.012235234815967212,0.4026829268292683,10,selection
breakout_10_vr2_ma100,4693,0.00405946820327174,-0.006162847586201944,0.4310675474110377,10,holdout
breakout_10_vr2_ma100,10583,0.0029926828950655343,-0.00722963289440815,0.40876878011905887,20,development
breakout_10_vr2_ma100,4100,-0.002248241679576732,-0.012470557469050415,0.39878048780487807,20,selection
breakout_10_vr2_ma100,4689,0.013571307490201112,0.0033489917007274283,0.45510769886969504,20,holdout
breakout_10_vr2_ma100,10589,0.002953245757728038,-0.007269070031745645,0.40117102653697234,40,development
breakout_10_vr2_ma100,4100,0.007016404447509001,-0.003205911341964683,0.41878048780487803,40,selection
breakout_10_vr2_ma100,4689,0.01509438699566987,0.004872071206196187,0.4448709746214545,40,holdout
breakout_20_vr1_ma50,18193,0.00018459778790480633,-0.010037718001568878,0.4019677898092673,5,development
breakout_20_vr1_ma50,7274,-0.001870824598369757,-0.01209314038784344,0.4033544129777289,5,selection
breakout_20_vr1_ma50,9533,0.0038179930972858317,-0.006404322692187852,0.4457148851358439,5,holdout
breakout_20_vr1_ma50,18176,0.0021751552018692026,-0.00804716058760448,0.4170334507042254,10,development
breakout_20_vr1_ma50,7274,-0.0032653096817810315,-0.013487625471254715,0.41297772889744294,10,selection
breakout_20_vr1_ma50,9544,0.006065748063212092,-0.0041565677262615916,0.45704107292539814,10,holdout
breakout_20_vr1_ma50,18183,0.004940144224384934,-0.00528217156508875,0.42792718473299235,20,development
breakout_20_vr1_ma50,7274,-0.005905088302279074,-0.016127404091752756,0.3982678031344515,20,selection
breakout_20_vr1_ma50,9471,0.015090106770730418,0.004867790981256734,0.47365642487593707,20,holdout
breakout_20_vr1_ma50,18188,0.00971508937362195,-0.0005072264158517328,0.42016714317132176,40,development
breakout_20_vr1_ma50,7274,-0.004515504933540543,-0.014737820723014227,0.4106406378883695,40,selection
breakout_20_vr1_ma50,9421,0.017310902803164045,0.007088587013690362,0.45610869334465554,40,holdout
breakout_20_vr1_ma100,15867,0.0009681619507930249,-0.009254153838680659,0.40032772420747464,5,development
breakout_20_vr1_ma100,6519,-0.000912347670435708,-0.011134663459909391,0.4060438717594723,5,selection
breakout_20_vr1_ma100,8535,0.004847672641574009,-0.005374643147899674,0.4512009373169303,5,holdout
breakout_20_vr1_ma100,15852,0.003236929508270047,-0.0069853862812036364,0.41635124905374715,10,development
breakout_20_vr1_ma100,6519,-0.001754931472143094,-0.011977247261616777,0.4147875441018561,10,selection
breakout_20_vr1_ma100,8544,0.007330168269015786,-0.0028921475204578976,0.46266385767790263,10,holdout
breakout_20_vr1_ma100,15859,0.007420906093963366,-0.0028014096955103172,0.4314269499968472,20,development
breakout_20_vr1_ma100,6519,-0.003096168129106336,-0.01331848391858002,0.40312931431201104,20,selection
breakout_20_vr1_ma100,8550,0.017100389482548016,0.0068780736930743325,0.48140350877192983,20,holdout
breakout_20_vr1_ma100,15866,0.014359670701145931,0.0041373549116722474,0.4266986007815454,40,development
breakout_20_vr1_ma100,6519,0.0009139902162549095,-0.009308325573218774,0.42061665899677864,40,selection
breakout_20_vr1_ma100,8536,0.01973202837346264,0.009509712583988958,0.4630974695407685,40,holdout
breakout_20_vr1.5_ma50,14106,-0.0011110702274809824,-0.011333386016954666,0.38969232950517513,5,development
breakout_20_vr1.5_ma50,5459,-0.0026530995252760704,-0.012875415314749753,0.3960432313610551,5,selection
breakout_20_vr1.5_ma50,6696,0.002328083992379374,-0.007894231797094309,0.4302568697729988,5,holdout
breakout_20_vr1.5_ma50,14097,0.00034847928600133796,-0.009873836503472346,0.4027807334893949,10,development
breakout_20_vr1.5_ma50,5459,-0.004083406327040715,-0.014305722116514399,0.40300421322586555,10,selection
breakout_20_vr1.5_ma50,6709,0.003886942629730561,-0.006335373159743122,0.4379192129974661,10,holdout
breakout_20_vr1.5_ma50,14099,0.0034380574810415586,-0.006784258308432125,0.4164834385417405,20,development
breakout_20_vr1.5_ma50,5459,-0.005668442386735608,-0.01589075817620929,0.3951273126946327,20,selection
breakout_20_vr1.5_ma50,6649,0.013157308845880695,0.0029349930564070113,0.45931719055497067,20,holdout
breakout_20_vr1.5_ma50,14104,0.005312555320663478,-0.004909760468810206,0.4078984685195689,40,development
breakout_20_vr1.5_ma50,5459,-0.0005320667807892556,-0.010754382570262939,0.41252976735665875,40,selection
breakout_20_vr1.5_ma50,6614,0.01337407268878675,0.003151756899313067,0.4463259752041125,40,holdout
breakout_20_vr1.5_ma100,12336,-0.00030444317415181574,-0.0105267589636255,0.38845654993514916,5,development
breakout_20_vr1.5_ma100,4925,-0.0016912063511882137,-0.011913522140661898,0.3997969543147208,5,selection
breakout_20_vr1.5_ma100,6009,0.0034068031297133307,-0.006815512659760353,0.436511898818439,5,holdout
breakout_20_vr1.5_ma100,12329,0.0013902659577463832,-0.0088320498317273,0.4027090599399789,10,development
breakout_20_vr1.5_ma100,4925,-0.002335701337782879,-0.012558017127256562,0.4069035532994924,10,selection
breakout_20_vr1.5_ma100,6019,0.0052390806350078025,-0.004983235154465881,0.4435952816082406,10,holdout
breakout_20_vr1.5_ma100,12330,0.006063828743359925,-0.004158487046113758,0.42068126520681265,20,development
breakout_20_vr1.5_ma100,4925,-0.0026037584129715383,-0.012826074202445222,0.4016243654822335,20,selection
breakout_20_vr1.5_ma100,6018,0.015029991667053542,0.004807675877579859,0.46576935859089397,20,holdout
breakout_20_vr1.5_ma100,12337,0.009731960339303658,-0.0004903554501700259,0.4154980951608981,40,development
breakout_20_vr1.5_ma100,4925,0.005378313518794939,-0.004844002270678744,0.4211167512690355,40,selection
breakout_20_vr1.5_ma100,6011,0.016177964218808738,0.0059556484293350545,0.45400099817002165,40,holdout
breakout_20_vr2_ma50,10824,-0.003234899201395243,-0.013457214990868927,0.37823355506282336,5,development
breakout_20_vr2_ma50,4074,-0.0015933237052304533,-0.011815639494704136,0.39862542955326463,5,selection
breakout_20_vr2_ma50,4764,0.002612377065161576,-0.007609938724312107,0.4250629722921914,5,holdout
breakout_20_vr2_ma50,10818,-0.002069181661151748,-0.012291497450625431,0.391846921797005,10,development
breakout_20_vr2_ma50,4074,-0.002827267337128221,-0.013049583126601904,0.4059891998036328,10,selection
breakout_20_vr2_ma50,4778,0.003056834758398376,-0.007165481031075308,0.4284219338635412,10,holdout
breakout_20_vr2_ma50,10819,0.000964594537068478,-0.009257721252405206,0.4049357611609206,20,development
breakout_20_vr2_ma50,4074,-0.004720081956923697,-0.014942397746397381,0.3942071674030437,20,selection
breakout_20_vr2_ma50,4729,0.012137059549466207,0.0019147437599925238,0.45358426728695284,20,holdout
breakout_20_vr2_ma50,10823,0.0010311806165441196,-0.009191135172929564,0.3948073547075672,40,development
breakout_20_vr2_ma50,4074,0.003021927742166984,-0.0072003880473067,0.41433480608738343,40,selection
breakout_20_vr2_ma50,4708,0.010927631012460217,0.0007053152229865335,0.4386151231945625,40,holdout
breakout_20_vr2_ma100,9459,-0.002245516760924788,-0.012467832550398471,0.377418331747542,5,development
breakout_20_vr2_ma100,3688,-0.0007187105819155403,-0.010941026371389224,0.403470715835141,5,selection
breakout_20_vr2_ma100,4274,0.003688830394831441,-0.006533485394642243,0.43074403369209174,5,holdout
breakout_20_vr2_ma100,9454,-0.0008861036234417189,-0.011108419412915403,0.3934842394753543,10,development
breakout_20_vr2_ma100,3688,-0.0009766783624466863,-0.011198994151920369,0.4107917570498915,10,selection
breakout_20_vr2_ma100,4282,0.004487036976772936,-0.005735278812700748,0.43554413825315275,10,holdout
breakout_20_vr2_ma100,9455,0.004120578407267041,-0.0061017373822066425,0.4113167636171338,20,development
breakout_20_vr2_ma100,3688,-0.001305939734036173,-0.011528255523509856,0.4037418655097614,20,selection
breakout_20_vr2_ma100,4279,0.01396702112577134,0.0037447053362976573,0.4594531432577705,20,holdout
breakout_20_vr2_ma100,9461,0.005829812719379356,-0.004392503070094328,0.40555966599725185,40,development
breakout_20_vr2_ma100,3688,0.009479778555154472,-0.0007425372343192113,0.42489154013015185,40,selection
breakout_20_vr2_ma100,4277,0.013717224647907878,0.003494908858434195,0.4451718494271686,40,holdout
breakout_40_vr1_ma50,13999,0.001921195734013861,-0.008301120055459823,0.4103864561754411,5,development
breakout_40_vr1_ma50,5400,-0.0006463813858232845,-0.010868697175296968,0.4087037037037037,5,selection
breakout_40_vr1_ma50,7502,0.004380146785039225,-0.005842169004434458,0.4538789656091709,5,holdout
breakout_40_vr1_ma50,13984,0.0034949172435566377,-0.006727398545917046,0.42412757437070936,10,development
breakout_40_vr1_ma50,5400,-0.0028726324065176706,-0.013094948195991354,0.41425925925925927,10,selection
breakout_40_vr1_ma50,7519,0.007284507765083196,-0.002937808024390487,0.4668173959303099,10,holdout
breakout_40_vr1_ma50,13989,0.006971524410913402,-0.0032507913785602815,0.4331975123311173,20,development
breakout_40_vr1_ma50,5400,-0.006199030136708168,-0.01642134592618185,0.40055555555555555,20,selection
breakout_40_vr1_ma50,7448,0.01700675686659756,0.006784441077123875,0.48576799140708915,20,holdout
breakout_40_vr1_ma50,13996,0.01512767702579459,0.004905361236320906,0.43062303515290085,40,development
breakout_40_vr1_ma50,5400,0.0012227574977910433,-0.008999558291682641,0.4203703703703704,40,selection
breakout_40_vr1_ma50,7406,0.019555188443508946,0.009332872654035262,0.46516338104239807,40,holdout
breakout_40_vr1_ma100,12973,0.002567539069978624,-0.007654776719495059,0.4097741463038619,5,development
breakout_40_vr1_ma100,5177,4.883492662820516e-05,-0.010173480862845478,0.4120146803167858,5,selection
breakout_40_vr1_ma100,7101,0.004759605351049735,-0.005462710438423948,0.4550063371356147,5,holdout
breakout_40_vr1_ma100,12960,0.004440345958375061,-0.005781969831098623,0.4236111111111111,10,development
breakout_40_vr1_ma100,5177,-0.0019319991371350511,-0.012154314926608735,0.41761638014293995,10,selection
breakout_40_vr1_ma100,7114,0.0077524981052337245,-0.002469817684239959,0.4699184706213101,10,holdout
breakout_40_vr1_ma100,12964,0.008954493871718849,-0.0012678219177548345,0.4348195001542734,20,development
breakout_40_vr1_ma100,5177,-0.004685434829331379,-0.014907750618805064,0.40486768398686496,20,selection
breakout_40_vr1_ma100,7115,0.017969060347478204,0.007746744558004521,0.4892480674631061,20,holdout
breakout_40_vr1_ma100,12973,0.018516210495193502,0.008293894705719819,0.4362907577275881,40,development
breakout_40_vr1_ma100,5177,0.00347972734341781,-0.0067425884460558735,0.4268881591655399,40,selection
breakout_40_vr1_ma100,7103,0.02071819989940962,0.010495884109935936,0.4695199211600732,40,holdout
breakout_40_vr1.5_ma50,10910,0.000886921255696923,-0.009335394533776761,0.3999083409715857,5,development
breakout_40_vr1.5_ma50,4102,-0.0010698112480160627,-0.011292127037489746,0.4037055095075573,5,selection
breakout_40_vr1.5_ma50,5313,0.003160005990426748,-0.0070623097990469355,0.437794089968003,5,holdout
breakout_40_vr1.5_ma50,10902,0.0017567324925900345,-0.008465583296883648,0.41075032104201065,10,development
breakout_40_vr1.5_ma50,4102,-0.0025169464282471755,-0.01273926221772086,0.4107752315943442,10,selection
breakout_40_vr1.5_ma50,5327,0.005253292429072953,-0.0049690233604007305,0.446029660221513,10,holdout
breakout_40_vr1.5_ma50,10903,0.0054474011872739396,-0.004774914602199744,0.42107676786205633,20,development
breakout_40_vr1.5_ma50,4102,-0.004516422520311777,-0.01473873830978546,0.4039492930277913,20,selection
breakout_40_vr1.5_ma50,5271,0.014521222674358932,0.004298906884885248,0.4695503699487763,20,holdout
breakout_40_vr1.5_ma50,10909,0.010825286300728739,0.0006029705112550552,0.41919515995966633,40,development
breakout_40_vr1.5_ma50,4102,0.007492500415556973,-0.00272981537391671,0.4234519746465139,40,selection
breakout_40_vr1.5_ma50,5239,0.01510865682245137,0.004886341032977687,0.4567665585035312,40,holdout
breakout_40_vr1.5_ma100,10114,0.0015017218440190896,-0.008720593945454594,0.3987542020961044,5,development
breakout_40_vr1.5_ma100,3934,-0.0004207228481997068,-0.01064303863767339,0.4072191154041688,5,selection
breakout_40_vr1.5_ma100,5022,0.003656613183971205,-0.0065657026055024785,0.4398645957785743,5,holdout
breakout_40_vr1.5_ma100,10108,0.0025410282898302608,-0.007681287499643422,0.4092797783933518,10,development
breakout_40_vr1.5_ma100,3934,-0.0015581094174271718,-0.011780425206900855,0.41509913573970514,10,selection
breakout_40_vr1.5_ma100,5032,0.006008997207501647,-0.004213318581972036,0.44992050874403816,10,holdout
breakout_40_vr1.5_ma100,10107,0.00738438460546356,-0.0028379311840101232,0.42267735233006826,20,development
breakout_40_vr1.5_ma100,3934,-0.002967616159208533,-0.013189931948682216,0.40899847483477375,20,selection
breakout_40_vr1.5_ma100,5031,0.01583205149607766,0.005609735706603978,0.4740608228980322,20,holdout
breakout_40_vr1.5_ma100,10115,0.013662271517714935,0.0034399557282412518,0.42481463173504697,40,development
breakout_40_vr1.5_ma100,3934,0.010033000737675093,-0.00018931505179859039,0.4298423995932893,40,selection
breakout_40_vr1.5_ma100,5024,0.016716554562243382,0.006494238772769698,0.46178343949044587,40,holdout
breakout_40_vr2_ma50,8364,-0.0008627962033762731,-0.011085111992849957,0.3914395026303204,5,development
breakout_40_vr2_ma50,3103,0.0009288667677807168,-0.009293449021692967,0.41185949081534,5,selection
breakout_40_vr2_ma50,3798,0.0038041006115542035,-0.00641821517791948,0.43285939968404424,5,holdout
breakout_40_vr2_ma50,8359,-0.0002352830343351788,-0.010457598823808862,0.40244048331140087,10,development
breakout_40_vr2_ma50,3103,0.00039740482741766495,-0.009824910962056019,0.41830486625845953,10,selection
breakout_40_vr2_ma50,3810,0.00449585349934844,-0.005726462290125243,0.4380577427821522,10,holdout
breakout_40_vr2_ma50,8359,0.0036520213064146836,-0.006570294483059,0.4118913745663357,20,development
breakout_40_vr2_ma50,3103,-0.0010317765176073297,-0.011254092307081014,0.40799226554946827,20,selection
breakout_40_vr2_ma50,3768,0.013090631065540297,0.0028683152760666138,0.4601910828025478,20,holdout
breakout_40_vr2_ma50,8363,0.006756234210646861,-0.0034660815788268226,0.40798756427119454,40,development
breakout_40_vr2_ma50,3103,0.014944712316354775,0.004722396526881091,0.43055107960038674,40,selection
breakout_40_vr2_ma50,3747,0.011754091780273562,0.0015317759907998788,0.4472911662663464,40,holdout
breakout_40_vr2_ma100,7748,-0.00017340609871708813,-0.010395721888190771,0.3904233350542075,5,development
breakout_40_vr2_ma100,2991,0.0012638095049104375,-0.008958506284563246,0.41424272818455365,5,selection
breakout_40_vr2_ma100,3594,0.004377269397311308,-0.005845046392162376,0.43516972732331666,5,holdout
breakout_40_vr2_ma100,7744,0.0006730607342615325,-0.00954925505521215,0.40237603305785125,10,development
breakout_40_vr2_ma100,2991,0.0011179151861834987,-0.009104400603290186,0.42092945503176193,10,selection
breakout_40_vr2_ma100,3601,0.005249062461916413,-0.004973253327557271,0.4429325187447931,10,holdout
breakout_40_vr2_ma100,7743,0.006042192210690333,-0.00418012357878335,0.4150845925351931,20,development
breakout_40_vr2_ma100,2991,0.0003333641409810498,-0.009888951648492635,0.412905382815112,20,selection
breakout_40_vr2_ma100,3600,0.014645768315207112,0.004423452525733429,0.4663888888888889,20,holdout
breakout_40_vr2_ma100,7749,0.009626188660662553,-0.0005961271288111303,0.41476319525100014,40,development
breakout_40_vr2_ma100,2991,0.017095955951647562,0.006873640162173879,0.43664326312270146,40,selection
breakout_40_vr2_ma100,3597,0.013549008381588248,0.003326692592114565,0.45176536002224077,40,holdout
slow_momentum_12_1_lowvol,68831,0.0026586205188450277,-0.007563695270628655,0.4310993593003153,5,development
slow_momentum_12_1_lowvol,25644,0.001655643236949355,-0.00856667255252433,0.44076587115894555,5,selection
slow_momentum_12_1_lowvol,35880,0.0012015069498443793,-0.009020808839629304,0.4592809364548495,5,holdout
slow_momentum_12_1_lowvol,68816,0.006113974243533302,-0.004108341545940381,0.44668391071843755,10,development
slow_momentum_12_1_lowvol,25644,0.003225584942869519,-0.006996730846604165,0.45215255030416474,10,selection
slow_momentum_12_1_lowvol,35887,0.0023994075725426948,-0.007822908216930989,0.4649873213141249,10,holdout
slow_momentum_12_1_lowvol,68818,0.012125346006344377,0.0019030302168706933,0.44914121305472404,20,development
slow_momentum_12_1_lowvol,25644,0.003714062091506567,-0.006508253697967117,0.44731711121509904,20,selection
slow_momentum_12_1_lowvol,35907,0.005987200454336118,-0.0042351153351375655,0.45681900465090375,20,holdout
slow_momentum_12_1_lowvol,68815,0.01652544727900005,0.006303131489526367,0.44240354573857443,40,development
slow_momentum_12_1_lowvol,25644,0.0021000000483211746,-0.008122315741152509,0.4561690843862112,40,selection
slow_momentum_12_1_lowvol,35784,0.012366040221044856,0.0021437244315711725,0.4531634249944109,40,holdout
adaptive_r0_mom_30_0_ma50,135118,0.001749663323585889,-0.008472652465887794,0.4248730739057712,5,development
adaptive_r0_mom_30_0_ma50,52072,-0.0002229034980354886,-0.010445219287509171,0.43286219081272087,5,selection
adaptive_r0_mom_30_0_ma50,67880,0.0023982650980009317,-0.007824050691472751,0.4543164407778433,5,holdout
adaptive_r0_mom_30_0_ma50,135076,0.004084100736550789,-0.006138215052922894,0.43152743640617136,10,development
adaptive_r0_mom_30_0_ma50,52072,-0.0009795075032732533,-0.011201823292746937,0.43219004455369486,10,selection
adaptive_r0_mom_30_0_ma50,67893,0.003942935113300054,-0.0062793806761736294,0.46050402839762566,10,holdout
adaptive_r0_mom_30_0_ma50,135071,0.007226346204822844,-0.0029959695846508393,0.43285383242887077,20,development
adaptive_r0_mom_30_0_ma50,52072,-0.0023039660287790644,-0.012526281818252747,0.4295974804117376,20,selection
adaptive_r0_mom_30_0_ma50,67397,0.007220197704585521,-0.0030021180848881623,0.4551092778610324,20,holdout
adaptive_r0_mom_30_0_ma50,135127,0.01445914624700861,0.004236830457534927,0.43329608442428236,40,development
adaptive_r0_mom_30_0_ma50,52072,-0.0026222719005519284,-0.012844587690025612,0.43124903979105855,40,selection
adaptive_r0_mom_30_0_ma50,66893,0.00993601239905234,-0.00028630339042134273,0.4466087632487704,40,holdout
adaptive_r0_mom_30_0_ma100,119032,0.0019559155029961694,-0.008266400286477514,0.4258770750722495,5,development
adaptive_r0_mom_30_0_ma100,46484,0.00012377380109756836,-0.010098541988376114,0.43608553480767576,5,selection
adaptive_r0_mom_30_0_ma100,61666,0.0028387595397043074,-0.0073835562497693765,0.4606752505432491,5,holdout
adaptive_r0_mom_30_0_ma100,118995,0.004583261587790203,-0.005639054201683481,0.4333711500483214,10,development
adaptive_r0_mom_30_0_ma100,46484,-0.00037412816481811255,-0.010596443954291795,0.43496687032097064,10,selection
adaptive_r0_mom_30_0_ma100,61679,0.004896541791846177,-0.0053257739976275064,0.46814961332057914,10,holdout
adaptive_r0_mom_30_0_ma100,119016,0.008491835109906346,-0.0017304806795673377,0.43475667137191637,20,development
adaptive_r0_mom_30_0_ma100,46484,6.171416616126691e-05,-0.010160601623312417,0.43675243094398075,20,selection
adaptive_r0_mom_30_0_ma100,61700,0.009264982799095142,-0.0009573329903785413,0.46298217179902756,20,holdout
adaptive_r0_mom_30_0_ma100,119043,0.017211118922540458,0.006988803133066775,0.43526288820006215,40,development
adaptive_r0_mom_30_0_ma100,46484,0.0014231453952349932,-0.00879917039423869,0.4412055761122107,40,selection
adaptive_r0_mom_30_0_ma100,61500,0.012887773320687504,0.0026654575312138207,0.45427642276422764,40,holdout
adaptive_r0_mom_30_0_ma200,102697,0.002620717572296629,-0.007601598217177054,0.42882460052387117,5,development
adaptive_r0_mom_30_0_ma200,40917,0.0008539013039691565,-0.009368414485504527,0.44397194320209205,5,selection
adaptive_r0_mom_30_0_ma200,56779,0.002982973298621024,-0.00723934249085266,0.46437943605910637,5,holdout
adaptive_r0_mom_30_0_ma200,102673,0.00580395383152328,-0.004418361957950404,0.4367847437982722,10,development
adaptive_r0_mom_30_0_ma200,40917,0.0009872196129504167,-0.009235096176523266,0.4460248796343818,10,selection
adaptive_r0_mom_30_0_ma200,56790,0.0050920241145744425,-0.005130291674899241,0.47274167987321714,10,holdout
adaptive_r0_mom_30_0_ma200,102677,0.010988532496244773,0.0007662167067710897,0.43934863698783566,20,development
adaptive_r0_mom_30_0_ma200,40917,0.0021422279796952377,-0.008080087809778445,0.44849329129701593,20,selection
adaptive_r0_mom_30_0_ma200,56804,0.009471136700221023,-0.0007511790892526602,0.4687522005492571,20,holdout
adaptive_r0_mom_30_0_ma200,102705,0.023395258778295923,0.01317294298882224,0.4451292536877465,40,development
adaptive_r0_mom_30_0_ma200,40917,0.004783741269756456,-0.005438574519717227,0.45149937678715446,40,selection
adaptive_r0_mom_30_0_ma200,56616,0.014307884464398766,0.004085568674925082,0.45858061325420374,40,holdout
adaptive_r0_mom_30_2_ma50,120058,0.001719733903840091,-0.008502581885633593,0.4235036399073781,5,development
adaptive_r0_mom_30_2_ma50,45963,-0.0004995112812931932,-0.010721827070766876,0.43136870961425494,5,selection
adaptive_r0_mom_30_2_ma50,59779,0.002458091442614488,-0.007764224346859196,0.45567841549708094,5,holdout
adaptive_r0_mom_30_2_ma50,120020,0.004162160281876272,-0.006060155507597411,0.43017830361606396,10,development
adaptive_r0_mom_30_2_ma50,45963,-0.0014180479877912322,-0.011640363777264916,0.4289972369079477,10,selection
adaptive_r0_mom_30_2_ma50,59800,0.003986695327406667,-0.0062356204620670165,0.46165551839464886,10,holdout
adaptive_r0_mom_30_2_ma50,120017,0.0076069434943427175,-0.002615372295130966,0.431080596915437,20,development
adaptive_r0_mom_30_2_ma50,45963,-0.0031342561477192936,-0.013356571937192977,0.42664752083197355,20,selection
adaptive_r0_mom_30_2_ma50,59373,0.0074504600110897184,-0.002771855778383965,0.45487005878092734,20,holdout
adaptive_r0_mom_30_2_ma50,120072,0.01509991679831904,0.004877601008845357,0.4316826570724232,40,development
adaptive_r0_mom_30_2_ma50,45963,-0.003799737296146515,-0.014022053085620198,0.42601657855231384,40,selection
adaptive_r0_mom_30_2_ma50,58928,0.009688760650489873,-0.0005335551389838104,0.4442370350257942,40,holdout
adaptive_r0_mom_30_2_ma100,105342,0.001964261354499017,-0.008258054434974666,0.4246454405650168,5,development
adaptive_r0_mom_30_2_ma100,40993,-0.00012516479895973586,-0.01034748058843342,0.43404971580513746,5,selection
adaptive_r0_mom_30_2_ma100,54266,0.0028922156123748393,-0.007330100177098844,0.46017764345999335,5,holdout
adaptive_r0_mom_30_2_ma100,105309,0.004770990618698437,-0.005451325170775246,0.4322802419546288,10,development
adaptive_r0_mom_30_2_ma100,40993,-0.0007963457606660891,-0.011018661550139773,0.43107359793135414,10,selection
adaptive_r0_mom_30_2_ma100,54277,0.004950134760225701,-0.005272181029247982,0.46784089024817144,10,holdout
adaptive_r0_mom_30_2_ma100,105333,0.009049388893801946,-0.0011729268956717376,0.434327323820645,20,development
adaptive_r0_mom_30_2_ma100,40993,-0.0010031077351260887,-0.011225423524599772,0.4334642499939014,20,selection
adaptive_r0_mom_30_2_ma100,54304,0.009582455390321562,-0.0006398603991521219,0.46204699469652327,20,holdout
adaptive_r0_mom_30_2_ma100,105358,0.01810853542017806,0.007886219630704377,0.43537272917101694,40,development
adaptive_r0_mom_30_2_ma100,40993,0.00017605049859673266,-0.010046265290876951,0.43692825604371477,40,selection
adaptive_r0_mom_30_2_ma100,54116,0.012428361383465002,0.002206045593991318,0.45032892305417993,40,holdout
adaptive_r0_mom_30_2_ma200,90186,0.002700812764045252,-0.007521503025428432,0.42840352161089307,5,development
adaptive_r0_mom_30_2_ma200,35780,0.0006721614057339314,-0.009550154383739752,0.44192286193404134,5,selection
adaptive_r0_mom_30_2_ma200,49441,0.0030535041929377633,-0.00716881159653592,0.46465484112376365,5,holdout
adaptive_r0_mom_30_2_ma200,90163,0.006133583176515281,-0.004088732612958402,0.4360325188824684,10,development
adaptive_r0_mom_30_2_ma200,35780,0.0006186899620173207,-0.009603625827456363,0.44231414197875907,10,selection
adaptive_r0_mom_30_2_ma200,49452,0.005143954910201457,-0.005078360879272227,0.47286257380894603,10,holdout
adaptive_r0_mom_30_2_ma200,90171,0.011627572063088608,0.0014052562736149247,0.4387996140666068,20,development
adaptive_r0_mom_30_2_ma200,35780,0.0012574992420608389,-0.008964816547412845,0.4460313024035774,20,selection
adaptive_r0_mom_30_2_ma200,49468,0.009699325884384208,-0.0005229899050894753,0.4678377941295383,20,holdout
adaptive_r0_mom_30_2_ma200,90193,0.024423528299131986,0.014201212509658303,0.4450234497133924,40,development
adaptive_r0_mom_30_2_ma200,35780,0.0035926116054680775,-0.006629704184005606,0.44714924538848516,40,selection
adaptive_r0_mom_30_2_ma200,49294,0.013711915586462108,0.0034895997969884244,0.45470036921329166,40,holdout
adaptive_r0_mom_30_4_ma50,103397,0.0017548094649934842,-0.0084675063244802,0.4212501329825817,5,development
adaptive_r0_mom_30_4_ma50,38706,-0.0007423445174340118,-0.010964660306907695,0.42920994161111975,5,selection
adaptive_r0_mom_30_4_ma50,50117,0.0026712559517350584,-0.007551059837738626,0.45846718678292797,5,holdout
adaptive_r0_mom_30_4_ma50,103367,0.004532343147650548,-0.005689972641823135,0.42886994882312535,10,development
adaptive_r0_mom_30_4_ma50,38706,-0.0017803440003882967,-0.01200265978986198,0.4264713481114039,10,selection
adaptive_r0_mom_30_4_ma50,50136,0.0041736069105747274,-0.006048708878898956,0.4633796074676879,10,holdout
adaptive_r0_mom_30_4_ma50,103365,0.008443473061403091,-0.0017788427280705926,0.42942001644657285,20,development
adaptive_r0_mom_30_4_ma50,38706,-0.0038797631989624685,-0.014102078988436153,0.4226734873146282,20,selection
adaptive_r0_mom_30_4_ma50,49763,0.007954671390235799,-0.002267644399237885,0.45622249462452025,20,holdout
adaptive_r0_mom_30_4_ma50,103418,0.016247271239548798,0.006024955450075115,0.4298381326268155,40,development
adaptive_r0_mom_30_4_ma50,38706,-0.00516353686780149,-0.015385852657275174,0.41980571487624657,40,selection
adaptive_r0_mom_30_4_ma50,49395,0.009404033773465971,-0.0008182820160077126,0.4408340925194858,40,holdout
adaptive_r0_mom_30_4_ma100,91349,0.0020399762945101465,-0.008182339494963537,0.42243483781979,5,development
adaptive_r0_mom_30_4_ma100,34887,-0.00026422776528740996,-0.010486543554761094,0.4323386934961447,5,selection
adaptive_r0_mom_30_4_ma100,45898,0.003119129094077933,-0.007103186695395751,0.46217700117652183,5,holdout
adaptive_r0_mom_30_4_ma100,91326,0.00524673904930426,-0.004975576740169424,0.4308959113505464,10,development
adaptive_r0_mom_30_4_ma100,34887,-0.00104616221811267,-0.011268478007586354,0.4291283286037779,10,selection
adaptive_r0_mom_30_4_ma100,45908,0.005181772625928406,-0.005040543163545278,0.46946066045133744,10,holdout
adaptive_r0_mom_30_4_ma100,91343,0.010128438777850753,-9.387701162293094e-05,0.43342128022946474,20,development
adaptive_r0_mom_30_4_ma100,34887,-0.0016143092157057178,-0.011836625005179402,0.42995958379912286,20,selection
adaptive_r0_mom_30_4_ma100,45935,0.010080251255573457,-0.00014206453390022689,0.46308914770871884,20,holdout
adaptive_r0_mom_30_4_ma100,91370,0.019644882647488378,0.009422566858014694,0.4340264857174127,40,development
adaptive_r0_mom_30_4_ma100,34887,-0.0008879397782486857,-0.011110255567722369,0.4322527015793849,40,selection
adaptive_r0_mom_30_4_ma100,45782,0.011890608347644546,0.001668292558170862,0.44700974181992925,40,holdout
adaptive_r0_mom_30_4_ma200,78124,0.002795661082878775,-0.007426654706594909,0.4266038605294148,5,development
adaptive_r0_mom_30_4_ma200,30361,0.000621697580440101,-0.009600618209033582,0.4405322617832087,5,selection
adaptive_r0_mom_30_4_ma200,41714,0.0032725989520706496,-0.006949716837403034,0.4664381262885362,5,holdout
adaptive_r0_mom_30_4_ma200,78106,0.006748654961903377,-0.0034736608275703065,0.43568995979822295,10,development
adaptive_r0_mom_30_4_ma200,30361,0.0005274057742815449,-0.009694910015192139,0.44082869470702546,10,selection
adaptive_r0_mom_30_4_ma200,41726,0.0052655604627505695,-0.004956755326723114,0.47349374490725205,10,holdout
adaptive_r0_mom_30_4_ma200,78112,0.012749929574198907,0.0025276137847252238,0.4382681278164687,20,development
adaptive_r0_mom_30_4_ma200,30361,0.0009389343331665129,-0.009283381456307171,0.4439577089028688,20,selection
adaptive_r0_mom_30_4_ma200,41742,0.010049638210760312,-0.00017267757871337192,0.46789804034305976,20,holdout
adaptive_r0_mom_30_4_ma200,78136,0.02623304638297213,0.016010730593498446,0.44394389269990786,40,development
adaptive_r0_mom_30_4_ma200,30361,0.002955372438579601,-0.0072669433508940826,0.44425414182668554,40,selection
adaptive_r0_mom_30_4_ma200,41606,0.013011968888640533,0.0027896530991668497,0.4503677354227756,40,holdout
adaptive_r0_mom_30_6_ma50,89211,0.001712084345507065,-0.008510231443966619,0.41963435002410016,5,development
adaptive_r0_mom_30_6_ma50,32003,-0.0010889982872880613,-0.011311314076761746,0.42349154766740615,5,selection
adaptive_r0_mom_30_6_ma50,41761,0.002822687143666137,-0.0073996286458075464,0.45947175594454154,5,holdout
adaptive_r0_mom_30_6_ma50,89181,0.004496535534115535,-0.0057257802553581484,0.4272098316906067,10,development
adaptive_r0_mom_30_6_ma50,32003,-0.002165162846436427,-0.01238747863591011,0.4214917351498297,10,selection
adaptive_r0_mom_30_6_ma50,41779,0.004519563073270536,-0.005702752716203147,0.46403695636563824,10,holdout
adaptive_r0_mom_30_6_ma50,89177,0.008892086403197455,-0.0013302293862762285,0.42801394978525853,20,development
adaptive_r0_mom_30_6_ma50,32003,-0.004308519237019234,-0.014530835026492918,0.417554604255851,20,selection
adaptive_r0_mom_30_6_ma50,41439,0.007659560639683058,-0.002562755149790625,0.45647819686768504,20,holdout
adaptive_r0_mom_30_6_ma50,89226,0.017661807122197233,0.0074394913327235496,0.4283056508192679,40,development
adaptive_r0_mom_30_6_ma50,32003,-0.006049088621788576,-0.01627140441126226,0.41661719213823706,40,selection
adaptive_r0_mom_30_6_ma50,41119,0.008989040385552814,-0.0012332754039208697,0.4386050244412559,40,holdout
adaptive_r0_mom_30_6_ma100,79477,0.0020540390467862248,-0.008168276742687459,0.42112812511795866,5,development
adaptive_r0_mom_30_6_ma100,29129,-0.00043610836303985707,-0.010658424152513541,0.42758076144048884,5,selection
adaptive_r0_mom_30_6_ma100,38595,0.0031316120671149184,-0.007090703722358765,0.46166601891436715,5,holdout
adaptive_r0_mom_30_6_ma100,79453,0.005218652336486175,-0.005003663452987509,0.4291216190703938,10,development
adaptive_r0_mom_30_6_ma100,29129,-0.00122952545078268,-0.011451841240256364,0.4246627072676714,10,selection
adaptive_r0_mom_30_6_ma100,38600,0.005314257323563405,-0.004908058465910278,0.468419689119171,10,holdout
adaptive_r0_mom_30_6_ma100,79467,0.01052485928776016,0.0003025434982864769,0.43131111027218844,20,development
adaptive_r0_mom_30_6_ma100,29129,-0.0017212718974435,-0.011943587686917183,0.426276219574994,20,selection
adaptive_r0_mom_30_6_ma100,38622,0.009397307095741327,-0.0008250086937323566,0.46160219563979077,20,holdout
adaptive_r0_mom_30_6_ma100,79494,0.020827011877175058,0.010604696087701374,0.4323974136412811,40,development
adaptive_r0_mom_30_6_ma100,29129,-0.0008887736154869881,-0.011111089404960672,0.4314600569878815,40,selection
adaptive_r0_mom_30_6_ma100,38489,0.010986497622041961,0.0007641818325682774,0.4439450232533971,40,holdout
adaptive_r0_mom_30_6_ma200,68158,0.0029335062149277984,-0.007288809574545885,0.4254672965756037,5,development
adaptive_r0_mom_30_6_ma200,25323,0.0005528050934593246,-0.009669510696014358,0.436757098290092,5,selection
adaptive_r0_mom_30_6_ma200,35111,0.0032949514425976907,-0.006927364346875993,0.46563754948591607,5,holdout
adaptive_r0_mom_30_6_ma200,68143,0.006918545082831894,-0.0033037707066417895,0.4343659656897994,10,development
adaptive_r0_mom_30_6_ma200,25323,0.00042174704800480476,-0.009800568741468878,0.43707301662520237,10,selection
adaptive_r0_mom_30_6_ma200,35122,0.005439282044169334,-0.004783033745304349,0.4722111497067365,10,holdout
adaptive_r0_mom_30_6_ma200,68145,0.013365515256249154,0.00314319946677547,0.436979969183359,20,development
adaptive_r0_mom_30_6_ma200,25323,0.0008965851583013094,-0.009325730631172374,0.4405876081033053,20,selection
adaptive_r0_mom_30_6_ma200,35131,0.010139926199859576,-8.238958961410796e-05,0.4661125501693661,20,holdout
adaptive_r0_mom_30_6_ma200,68170,0.027771998185074278,0.017549682395600594,0.44261405310253776,40,development
adaptive_r0_mom_30_6_ma200,25323,0.003230689304822078,-0.006991626484651606,0.4443786281246298,40,selection
adaptive_r0_mom_30_6_ma200,35016,0.012209073652743301,0.0019867578632696177,0.4463673749143249,40,holdout
adaptive_r0_mom_30_8_ma50,76973,0.0014977503646653545,-0.00872456542480833,0.4174840528497005,5,development
adaptive_r0_mom_30_8_ma50,26617,-0.0010129018050809306,-0.011235217594554614,0.423488747792764,5,selection
adaptive_r0_mom_30_8_ma50,34930,0.0030213312270482356,-0.007200984562425448,0.4606069281419983,5,holdout
adaptive_r0_mom_30_8_ma50,76955,0.004397742566213593,-0.0058245732232600905,0.4255344032226626,10,development
adaptive_r0_mom_30_8_ma50,26617,-0.0019402768143855996,-0.012162592603859284,0.42164781906300486,10,selection
adaptive_r0_mom_30_8_ma50,34943,0.005088284377692612,-0.005134031411781072,0.46518616031823257,10,holdout
adaptive_r0_mom_30_8_ma50,76947,0.009443677012467578,-0.0007786387770061052,0.4268262570340624,20,development
adaptive_r0_mom_30_8_ma50,26617,-0.004179208390523221,-0.014401524179996905,0.4186046511627907,20,selection
adaptive_r0_mom_30_8_ma50,34643,0.008610117650744044,-0.0016121981387296393,0.45599399590104783,20,holdout
adaptive_r0_mom_30_8_ma50,76990,0.019347988525100276,0.009125672735626592,0.42751006624236915,40,development
adaptive_r0_mom_30_8_ma50,26617,-0.006493117903435694,-0.016715433692909377,0.41559905323665325,40,selection
adaptive_r0_mom_30_8_ma50,34380,0.00877835474175468,-0.001443961047719003,0.43455497382198954,40,holdout
adaptive_r0_mom_30_8_ma100,69013,0.0018265698309386333,-0.00839574595853505,0.4188341326996363,5,development
adaptive_r0_mom_30_8_ma100,24423,-0.0003380865811518214,-0.010560402370625504,0.4275478033001679,5,selection
adaptive_r0_mom_30_8_ma100,32452,0.0033527525897443368,-0.006869563199729346,0.4621903118451867,5,holdout
adaptive_r0_mom_30_8_ma100,68998,0.005161844706169035,-0.005060471083304648,0.4274181860343778,10,development
adaptive_r0_mom_30_8_ma100,24423,-0.000985538371074874,-0.011207854160548557,0.42541866273594564,10,selection
adaptive_r0_mom_30_8_ma100,32457,0.005778994338110303,-0.004443321451363381,0.46862002033459654,10,holdout
adaptive_r0_mom_30_8_ma100,69007,0.01103869640269241,0.000816380613218726,0.42968104685031955,20,development
adaptive_r0_mom_30_8_ma100,24423,-0.001554591891435118,-0.011776907680908801,0.42783441837612085,20,selection
adaptive_r0_mom_30_8_ma100,32471,0.010225074687463072,2.7588979893879845e-06,0.4606879985217579,20,holdout
adaptive_r0_mom_30_8_ma100,69030,0.021989612125802974,0.01176729633632929,0.4314356077067941,40,development
adaptive_r0_mom_30_8_ma100,24423,-0.0011240646413543515,-0.011346380430828034,0.43086434917905253,40,selection
adaptive_r0_mom_30_8_ma100,32353,0.01050344999388602,0.0002811342044123366,0.43974283683120574,40,holdout
adaptive_r0_mom_30_8_ma200,59466,0.002785829665030157,-0.007436486124443527,0.4234352403053846,5,development
adaptive_r0_mom_30_8_ma200,21337,0.0008533049772841158,-0.009369010812189568,0.4384871350236678,5,selection
adaptive_r0_mom_30_8_ma200,29571,0.003622234160039535,-0.006600081629434149,0.466132359406175,5,holdout
adaptive_r0_mom_30_8_ma200,59458,0.006857452903507269,-0.0033648628859664145,0.43312926771838944,10,development
adaptive_r0_mom_30_8_ma200,21337,0.0008161663635032923,-0.009406149425970392,0.43811219946571683,10,selection
adaptive_r0_mom_30_8_ma200,29580,0.0061188348878288765,-0.004103480901644807,0.4721771467207573,10,holdout
adaptive_r0_mom_30_8_ma200,59458,0.013971902376337617,0.0037495865868639334,0.43642571226748295,20,development
adaptive_r0_mom_30_8_ma200,21337,0.001345753077909174,-0.00887656271156451,0.443173829498055,20,selection
adaptive_r0_mom_30_8_ma200,29585,0.011034017008115233,0.000811701218641549,0.4635119148217002,20,holdout
adaptive_r0_mom_30_8_ma200,59479,0.02918325598973652,0.018960940200262837,0.4426772474318667,40,development
adaptive_r0_mom_30_8_ma200,21337,0.003365673614702838,-0.006856642174770845,0.4449079064535783,40,selection
adaptive_r0_mom_30_8_ma200,29484,0.011434278690665116,0.0012119629011914327,0.44074752408085743,40,holdout
adaptive_r0_mom_30_12_ma50,58247,0.0011264171205637688,-0.009095898668909915,0.4134976908681992,5,development
adaptive_r0_mom_30_12_ma50,18696,-0.0016776308406380703,-0.011899946630111754,0.42190842961061187,5,selection
adaptive_r0_mom_30_12_ma50,24579,0.002990360487732296,-0.007231955301741387,0.4568940965865169,5,holdout
adaptive_r0_mom_30_12_ma50,58232,0.004282952897090388,-0.005939362892383296,0.4212975683473005,10,development
adaptive_r0_mom_30_12_ma50,18696,-0.0024127194898799047,-0.012635035279353588,0.42003637141634576,10,selection
adaptive_r0_mom_30_12_ma50,24590,0.005049087645625895,-0.005173228143847789,0.46453843025620173,10,holdout
adaptive_r0_mom_30_12_ma50,58232,0.010124242935993148,-9.807285348053564e-05,0.42170971287264736,20,development
adaptive_r0_mom_30_12_ma50,18696,-0.005020172352933486,-0.01524248814240717,0.4186991869918699,20,selection
adaptive_r0_mom_30_12_ma50,24347,0.00779159888398609,-0.002430716905487593,0.45525116030722473,20,holdout
adaptive_r0_mom_30_12_ma50,58255,0.023200315158654342,0.012977999369180659,0.42380911509741653,40,development
adaptive_r0_mom_30_12_ma50,18696,-0.007947983507206909,-0.01817029929668059,0.41516902011125373,40,selection
adaptive_r0_mom_30_12_ma50,24153,0.004109961750145414,-0.006112354039328269,0.4257442139692792,40,holdout
adaptive_r0_mom_30_12_ma100,52711,0.0013238396089934176,-0.008898476180480265,0.4137466562956499,5,development
adaptive_r0_mom_30_12_ma100,17414,-0.0008746959696045191,-0.011097011759078203,0.42718502354427473,5,selection
adaptive_r0_mom_30_12_ma100,22984,0.0032133506834779004,-0.007008965105995783,0.45710059171597633,5,holdout
adaptive_r0_mom_30_12_ma100,52698,0.00482008923757154,-0.005402226551902143,0.4217427606360773,10,development
adaptive_r0_mom_30_12_ma100,17414,-0.0012556722587106575,-0.011477988048184342,0.4253474216147927,10,selection
adaptive_r0_mom_30_12_ma100,22987,0.005589920693646293,-0.00463239509582739,0.4666550659068169,10,holdout
adaptive_r0_mom_30_12_ma100,52710,0.011300546170952146,0.0010782303814784629,0.4230885979889964,20,development
adaptive_r0_mom_30_12_ma100,17414,-0.0023842109110308787,-0.012606526700504562,0.4283909498104973,20,selection
adaptive_r0_mom_30_12_ma100,22998,0.009075087554302102,-0.001147228235171582,0.4587790242629794,20,holdout
adaptive_r0_mom_30_12_ma100,52718,0.02457159858569859,0.014349282796224907,0.42615425471376,40,development
adaptive_r0_mom_30_12_ma100,17414,-0.0028433482784263123,-0.013065664067899996,0.42994142643849775,40,selection
adaptive_r0_mom_30_12_ma100,22913,0.005220473490723807,-0.005001842298749877,0.43032339719809715,40,holdout
adaptive_r0_mom_30_12_ma200,46000,0.002402559975676389,-0.007819755813797295,0.41932608695652174,5,development
adaptive_r0_mom_30_12_ma200,15381,0.0006089482067191739,-0.009613367582754509,0.43904817632143556,5,selection
adaptive_r0_mom_30_12_ma200,20930,0.003745596812920913,-0.00647671897655277,0.46024844720496894,5,holdout
adaptive_r0_mom_30_12_ma200,45993,0.0068123808054373425,-0.003409934984036341,0.4283912769334464,10,development
adaptive_r0_mom_30_12_ma200,15381,0.0008753734898986186,-0.009346942299575065,0.43950328327156885,10,selection
adaptive_r0_mom_30_12_ma200,20940,0.006206453428542484,-0.004015862360931199,0.46996179560649476,10,holdout
adaptive_r0_mom_30_12_ma200,45997,0.014495845493988935,0.0042735297045152516,0.43144118094658346,20,development
adaptive_r0_mom_30_12_ma200,15381,0.0010240833541044915,-0.009198232435369193,0.4456147194590729,20,selection
adaptive_r0_mom_30_12_ma200,20941,0.009906700212437733,-0.00031561557703595026,0.46148703500310395,20,holdout
adaptive_r0_mom_30_12_ma200,46005,0.03209801734701196,0.021875701557538277,0.43775676556895987,40,development
adaptive_r0_mom_30_12_ma200,15381,0.0025327668395324085,-0.007689548949941275,0.44632988752356806,40,selection
adaptive_r0_mom_30_12_ma200,20865,0.005824177875326822,-0.004398137914146861,0.429810687754613,40,holdout
adaptive_r0_mom_45_0_ma50,132810,0.0017423521889730774,-0.008479963600500606,0.4238385663730141,5,development
adaptive_r0_mom_45_0_ma50,50932,0.0002070860109662294,-0.010015229778507453,0.43355847011701876,5,selection
adaptive_r0_mom_45_0_ma50,67396,0.0021200598128404205,-0.008102255976633263,0.4535432369873583,5,holdout
adaptive_r0_mom_45_0_ma50,132781,0.004247998359303047,-0.005974317430170637,0.431522582297166,10,development
adaptive_r0_mom_45_0_ma50,50932,-4.890507077074036e-05,-0.010271220860244424,0.4351095578418283,10,selection
adaptive_r0_mom_45_0_ma50,67391,0.003579043184812621,-0.006643272604661063,0.4585478773129943,10,holdout
adaptive_r0_mom_45_0_ma50,132785,0.008154075241899782,-0.002068240547573902,0.43458221937718866,20,development
adaptive_r0_mom_45_0_ma50,50932,-0.0004913789081097554,-0.010713694697583438,0.4319092122830441,20,selection
adaptive_r0_mom_45_0_ma50,66842,0.0075923508423646575,-0.002629964947109026,0.4576164686873523,20,holdout
adaptive_r0_mom_45_0_ma50,132818,0.015291618288081585,0.005069302498607901,0.43328464515351833,40,development
adaptive_r0_mom_45_0_ma50,50932,-6.887141751237943e-05,-0.010291187206986062,0.43383334642268123,40,selection
adaptive_r0_mom_45_0_ma50,66348,0.011708947556622983,0.0014866317671492994,0.4505034062820281,40,holdout
adaptive_r0_mom_45_0_ma100,129795,0.0019373846766474955,-0.008284931112826188,0.4261643360684156,5,development
adaptive_r0_mom_45_0_ma100,50051,0.0004713957736006464,-0.009750920015873037,0.4384727577870572,5,selection
adaptive_r0_mom_45_0_ma100,67298,0.002317952202911522,-0.007904363586562161,0.4569377990430622,5,holdout
adaptive_r0_mom_45_0_ma100,129773,0.00443035220378608,-0.005791963585687603,0.43441239703174006,10,development
adaptive_r0_mom_45_0_ma100,50051,0.0005346940484347352,-0.009687621741038948,0.4402509440370822,10,selection
adaptive_r0_mom_45_0_ma100,67301,0.0041711242288696194,-0.006051191560604064,0.46381183043342594,10,holdout
adaptive_r0_mom_45_0_ma100,129790,0.00842632141764051,-0.001795994371833174,0.43645889513830033,20,development
adaptive_r0_mom_45_0_ma100,50051,0.00160276638457016,-0.008619549404903523,0.4398913108629198,20,selection
adaptive_r0_mom_45_0_ma100,67308,0.008330594518220387,-0.0018917212712532966,0.46201045938075713,20,holdout
adaptive_r0_mom_45_0_ma100,129805,0.015676615464382444,0.00545429967490876,0.4352759909094411,40,development
adaptive_r0_mom_45_0_ma100,50051,0.002958549305438122,-0.007263766484035561,0.4417693952168788,40,selection
adaptive_r0_mom_45_0_ma100,67098,0.011997987981498074,0.0017756721920243902,0.4553041819428299,40,holdout
adaptive_r0_mom_45_0_ma200,110969,0.0025473432115927295,-0.0076749725778809536,0.42922798258973227,5,development
adaptive_r0_mom_45_0_ma200,43893,0.0014535008412223905,-0.008768814948251293,0.44663158134554487,5,selection
adaptive_r0_mom_45_0_ma200,61351,0.002632168464764534,-0.0075901473247091495,0.46211145702596534,5,holdout
adaptive_r0_mom_45_0_ma200,110953,0.005770860017664914,-0.00445145577180877,0.4387803844871252,10,development
adaptive_r0_mom_45_0_ma200,43893,0.0021366366199228014,-0.008085679169550882,0.44993506937324856,10,selection
adaptive_r0_mom_45_0_ma200,61356,0.004697545277765566,-0.005524770511708118,0.4701251711324076,10,holdout
adaptive_r0_mom_45_0_ma200,110957,0.011462418006278488,0.0012401022168048049,0.44353217913245674,20,development
adaptive_r0_mom_45_0_ma200,43893,0.003971824249717213,-0.006250491539756471,0.45027680951404553,20,selection
adaptive_r0_mom_45_0_ma200,61352,0.008845778303868514,-0.0013765374856051695,0.4683628895553527,20,holdout
adaptive_r0_mom_45_0_ma200,110977,0.02245328896998637,0.012230973180512687,0.4457590311505988,40,development
adaptive_r0_mom_45_0_ma200,43893,0.0070303669390408986,-0.003191948850432785,0.453534732189643,40,selection
adaptive_r0_mom_45_0_ma200,61157,0.014080550308183358,0.0038582345187096745,0.46006180813316544,40,holdout
adaptive_r0_mom_45_2_ma50,121774,0.0017219868097996208,-0.008500328979674062,0.4228570959318081,5,development
adaptive_r0_mom_45_2_ma50,46166,9.375621484604566e-05,-0.010128559574627638,0.4326127453104016,5,selection
adaptive_r0_mom_45_2_ma50,61336,0.002080590309940948,-0.008141725479532735,0.4547737054910656,5,holdout
adaptive_r0_mom_45_2_ma50,121743,0.004416203879865705,-0.005806111909607978,0.43120343674790335,10,development
adaptive_r0_mom_45_2_ma50,46166,-0.000267817154794542,-0.010490132944268225,0.43287267686175973,10,selection
adaptive_r0_mom_45_2_ma50,61331,0.0036218322212544746,-0.0066004835682192085,0.4601262004532781,10,holdout
adaptive_r0_mom_45_2_ma50,121760,0.008601280555160407,-0.001621035234313277,0.4336892247043364,20,development
adaptive_r0_mom_45_2_ma50,46166,-0.0007264084883805137,-0.010948724277854198,0.42994844690898065,20,selection
adaptive_r0_mom_45_2_ma50,60820,0.007889840417619497,-0.002332475371854187,0.45859914501808613,20,holdout
adaptive_r0_mom_45_2_ma50,121784,0.01619450795029108,0.005972192160817395,0.4329879130263417,40,development
adaptive_r0_mom_45_2_ma50,46166,-0.0004795494171286371,-0.01070186520660232,0.4300784126846597,40,selection
adaptive_r0_mom_45_2_ma50,60369,0.011719120118267725,0.0014968043287940415,0.45004886613990625,40,holdout
adaptive_r0_mom_45_2_ma100,118654,0.0019457171169097174,-0.008276598672563966,0.4249835656615032,5,development
adaptive_r0_mom_45_2_ma100,45475,0.00040374755263922034,-0.009818568236834463,0.43760307861462344,5,selection
adaptive_r0_mom_45_2_ma100,61138,0.002288216321434637,-0.007934099468039047,0.45696620759593054,5,holdout
adaptive_r0_mom_45_2_ma100,118632,0.004633225352168092,-0.005589090437305592,0.4336519657428013,10,development
adaptive_r0_mom_45_2_ma100,45475,0.0004375352755756412,-0.009784780513898042,0.43898845519516216,10,selection
adaptive_r0_mom_45_2_ma100,61140,0.004129429194676458,-0.006092886594797226,0.4634936211972522,10,holdout
adaptive_r0_mom_45_2_ma100,118650,0.008885234889971007,-0.0013370808995026764,0.4356089338390223,20,development
adaptive_r0_mom_45_2_ma100,45475,0.0012961445855146974,-0.008926171203958985,0.43806487080813633,20,selection
adaptive_r0_mom_45_2_ma100,61143,0.008428159872886701,-0.001794155916586982,0.4610176144448261,20,holdout
adaptive_r0_mom_45_2_ma100,118663,0.016434386769354586,0.006212070979880902,0.4348786057996174,40,development
adaptive_r0_mom_45_2_ma100,45475,0.0023021394739870873,-0.007920176315486596,0.43810885101704233,40,selection
adaptive_r0_mom_45_2_ma100,60954,0.011826392775945296,0.0016040769864716121,0.4528332841158907,40,holdout
adaptive_r0_mom_45_2_ma200,100998,0.0026049432327092253,-0.007617372556764458,0.4279688706707063,5,development
adaptive_r0_mom_45_2_ma200,39582,0.0015088945384157135,-0.00871342125105797,0.44633924511141426,5,selection
adaptive_r0_mom_45_2_ma200,55315,0.0026620153335340816,-0.007560300455939602,0.46302088041218475,5,holdout
adaptive_r0_mom_45_2_ma200,100983,0.006084619131055897,-0.004137696658417786,0.4386579919392373,10,development
adaptive_r0_mom_45_2_ma200,39582,0.002192003750612564,-0.00803031203886112,0.4488151179829215,10,selection
adaptive_r0_mom_45_2_ma200,55320,0.004707135884421499,-0.0055151799050521845,0.47037237888647865,10,holdout
adaptive_r0_mom_45_2_ma200,100985,0.012059111660178099,0.0018367958707044153,0.4431450215378522,20,development
adaptive_r0_mom_45_2_ma200,39582,0.003956677130947593,-0.006265638658526091,0.4487140619473498,20,selection
adaptive_r0_mom_45_2_ma200,55313,0.009001352210872744,-0.00122096357860094,0.46831667058376875,20,holdout
adaptive_r0_mom_45_2_ma200,101001,0.02355868276996761,0.013336366980493928,0.4456787556558846,40,development
adaptive_r0_mom_45_2_ma200,39582,0.006656326075319524,-0.0035659897141541597,0.45055833459653377,40,selection
adaptive_r0_mom_45_2_ma200,55145,0.01402657598628877,0.003804260196815087,0.4583915132831626,40,holdout
adaptive_r0_mom_45_4_ma50,109028,0.0016824362616731797,-0.008539879527800503,0.4223777378288146,5,development
adaptive_r0_mom_45_4_ma50,40596,1.6413206913916174e-05,-0.010205902582559767,0.43304759089565475,5,selection
adaptive_r0_mom_45_4_ma50,53971,0.002216269881603466,-0.008006045907870218,0.45731967167552945,5,holdout
adaptive_r0_mom_45_4_ma50,109004,0.004600607444312124,-0.0056217083451615595,0.43073648673443177,10,development
adaptive_r0_mom_45_4_ma50,40596,-0.0005788467404328723,-0.010801162529906556,0.4305842940191152,10,selection
adaptive_r0_mom_45_4_ma50,53968,0.00395196086625935,-0.006270354923214334,0.46299659057219095,10,holdout
adaptive_r0_mom_45_4_ma50,109014,0.009097690794023826,-0.0011246249954498574,0.433806667033592,20,development
adaptive_r0_mom_45_4_ma50,40596,-0.0012575176184674945,-0.011479833407941177,0.42802246526751403,20,selection
adaptive_r0_mom_45_4_ma50,53518,0.00860501486875686,-0.0016173009207168243,0.4604432153667925,20,holdout
adaptive_r0_mom_45_4_ma50,109040,0.01758695830992177,0.007364642520448085,0.4327494497432135,40,development
adaptive_r0_mom_45_4_ma50,40596,-0.0011618732550438453,-0.011384189044517528,0.424844812296778,40,selection
adaptive_r0_mom_45_4_ma50,53115,0.012160014258510717,0.001937698469037033,0.44844205968182244,40,holdout
adaptive_r0_mom_45_4_ma100,106180,0.001973580151314475,-0.00824873563815921,0.4247410058391411,5,development
adaptive_r0_mom_45_4_ma100,39922,0.0003159928679434982,-0.009906322921530186,0.4372275938079255,5,selection
adaptive_r0_mom_45_4_ma100,53591,0.002500344262590488,-0.007721971526883196,0.4589203411020507,5,holdout
adaptive_r0_mom_45_4_ma100,106158,0.004862396720206765,-0.005359919069266919,0.4334294165300778,10,development
adaptive_r0_mom_45_4_ma100,39922,-2.4967386013126936e-05,-0.01024728317548681,0.4358749561645208,10,selection
adaptive_r0_mom_45_4_ma100,53591,0.004484461801113842,-0.005737853988359841,0.46567520665783435,10,holdout
adaptive_r0_mom_45_4_ma100,106173,0.009320681330854529,-0.0009016344586191549,0.4356286438171663,20,development
adaptive_r0_mom_45_4_ma100,39922,0.0006484119393861365,-0.009573903850087547,0.43567456540253496,20,selection
adaptive_r0_mom_45_4_ma100,53596,0.009052257727996154,-0.0011700580614775295,0.46171356071348607,20,holdout
adaptive_r0_mom_45_4_ma100,106189,0.01754340478603205,0.007321088996558367,0.4345553682584825,40,development
adaptive_r0_mom_45_4_ma100,39922,0.0014240046209873076,-0.008798311168486376,0.4320925805320375,40,selection
adaptive_r0_mom_45_4_ma100,53429,0.012307131965107755,0.0020848161756340713,0.4508787362668214,40,holdout
adaptive_r0_mom_45_4_ma200,90623,0.002676725620521515,-0.007545590168952169,0.4273308100592565,5,development
adaptive_r0_mom_45_4_ma200,34942,0.0015164325315465844,-0.0087058832579271,0.44633964856047165,5,selection
adaptive_r0_mom_45_4_ma200,48663,0.0028408303542601355,-0.007381485435213548,0.4643569036023262,5,holdout
adaptive_r0_mom_45_4_ma200,90606,0.006365687581319114,-0.00385662820815457,0.438171864997903,10,development
adaptive_r0_mom_45_4_ma200,34942,0.0018782996465257877,-0.008344016142947896,0.4470837387670998,10,selection
adaptive_r0_mom_45_4_ma200,48667,0.005056403060559797,-0.005165912728913887,0.4714693734974418,10,holdout
adaptive_r0_mom_45_4_ma200,90607,0.01257438280081633,0.0023520670113426467,0.4433211562020594,20,development
adaptive_r0_mom_45_4_ma200,34942,0.003601722481211804,-0.00662059330826188,0.44759887814091925,20,selection
adaptive_r0_mom_45_4_ma200,48661,0.009464894149225652,-0.0007574216402480311,0.46772569408766773,20,holdout
adaptive_r0_mom_45_4_ma200,90625,0.024890342973646878,0.014668027184173194,0.4458262068965517,40,development
adaptive_r0_mom_45_4_ma200,34942,0.006175973224006672,-0.004046342565467011,0.4460820788735619,40,selection
adaptive_r0_mom_45_4_ma200,48515,0.014164323052379331,0.003942007262905648,0.45569411522209624,40,holdout
adaptive_r0_mom_45_6_ma50,97372,0.001545786431078238,-0.008676529358395446,0.41998726533294994,5,development
adaptive_r0_mom_45_6_ma50,35194,-0.0003029225840544692,-0.010525238373528152,0.4314940046598852,5,selection
adaptive_r0_mom_45_6_ma50,47298,0.0023572355827547243,-0.00786508020671896,0.4574189183474988,5,holdout
adaptive_r0_mom_45_6_ma50,97349,0.004550546684661704,-0.0056717691048119795,0.42848925001797655,10,development
adaptive_r0_mom_45_6_ma50,35194,-0.00121960467442606,-0.011441920463899743,0.4303574472921521,10,selection
adaptive_r0_mom_45_6_ma50,47297,0.004266059162422247,-0.005956256627051437,0.4653149248366704,10,holdout
adaptive_r0_mom_45_6_ma50,97359,0.00940378514310536,-0.000818530646368323,0.4314649903963681,20,development
adaptive_r0_mom_45_6_ma50,35194,-0.0019766685742033923,-0.012198984363677076,0.42657839404443937,20,selection
adaptive_r0_mom_45_6_ma50,46894,0.009037876419004429,-0.001184439370469255,0.4615089350449951,20,holdout
adaptive_r0_mom_45_6_ma50,97375,0.018664794187870943,0.00844247839839726,0.4306752246469833,40,development
adaptive_r0_mom_45_6_ma50,35194,-0.0024174442409301243,-0.012639760030403808,0.42052622606126044,40,selection
adaptive_r0_mom_45_6_ma50,46539,0.01213019492062221,0.0019078791311485273,0.4467435913964632,40,holdout
adaptive_r0_mom_45_6_ma100,94810,0.0017704230977011275,-0.008451892691772557,0.4214534331821538,5,development
adaptive_r0_mom_45_6_ma100,34646,2.9617402061303333e-05,-0.01019269838741238,0.43572129538763493,5,selection
adaptive_r0_mom_45_6_ma100,46771,0.0027035200695686643,-0.007518795719905019,0.45906651557589107,5,holdout
adaptive_r0_mom_45_6_ma100,94787,0.004777862150462647,-0.005444453639011037,0.43105067150558624,10,development
adaptive_r0_mom_45_6_ma100,34646,-0.0006050870863773353,-0.010827402875851018,0.43557697858338623,10,selection
adaptive_r0_mom_45_6_ma100,46774,0.004824267454434686,-0.005398048335038997,0.46713986402702357,10,holdout
adaptive_r0_mom_45_6_ma100,94805,0.009619563865140532,-0.000602751924333152,0.43344760297452667,20,development
adaptive_r0_mom_45_6_ma100,34646,-0.00025606645140968876,-0.010478382240883372,0.4335276799630549,20,selection
adaptive_r0_mom_45_6_ma100,46778,0.009525676044564661,-0.0006966397449090223,0.4624609859335585,20,holdout
adaptive_r0_mom_45_6_ma100,94815,0.018394178020210428,0.008171862230736744,0.43296946685651005,40,development
adaptive_r0_mom_45_6_ma100,34646,-0.0003589829854635416,-0.010581298774937225,0.4269468336893148,40,selection
adaptive_r0_mom_45_6_ma100,46621,0.012488273517666373,0.002265957728192689,0.449368310418052,40,holdout
adaptive_r0_mom_45_6_ma200,81416,0.002505037870257204,-0.00771727791921648,0.4243023484327405,5,development
adaptive_r0_mom_45_6_ma200,30474,0.0012571606446309886,-0.008965155144842696,0.4447397781715561,5,selection
adaptive_r0_mom_45_6_ma200,42719,0.0031541187904614897,-0.007068196999012194,0.4650623844191109,5,holdout
adaptive_r0_mom_45_6_ma200,81399,0.00634783313242702,-0.003874482657046664,0.4360372977555007,10,development
adaptive_r0_mom_45_6_ma200,30474,0.001335390213910789,-0.008886925575562895,0.44779156001837633,10,selection
adaptive_r0_mom_45_6_ma200,42726,0.005570925601598283,-0.0046513901878754,0.4735992135935964,10,holdout
adaptive_r0_mom_45_6_ma200,81405,0.012981169162105472,0.0027588533726317886,0.4416067809102635,20,development
adaptive_r0_mom_45_6_ma200,30474,0.0028222754366994973,-0.007400040352774187,0.4473321519984249,20,selection
adaptive_r0_mom_45_6_ma200,42720,0.01016050116302438,-6.18146264493042e-05,0.4683988764044944,20,holdout
adaptive_r0_mom_45_6_ma200,81415,0.02604592462203989,0.015823608832566206,0.44520051587545295,40,development
adaptive_r0_mom_45_6_ma200,30474,0.004320673487309749,-0.005901642302163935,0.4417208111833038,40,selection
adaptive_r0_mom_45_6_ma200,42580,0.014394853359786382,0.004172537570312699,0.4536636918741193,40,holdout
adaptive_r0_mom_45_8_ma50,87106,0.0014388639534808861,-0.008783451835992797,0.41764057585011366,5,development
adaptive_r0_mom_45_8_ma50,30382,-0.0003758312485499892,-0.010598147038023673,0.4311763544203805,5,selection
adaptive_r0_mom_45_8_ma50,41168,0.0024502519997280595,-0.007772063789745624,0.45882724446171785,5,holdout
adaptive_r0_mom_45_8_ma50,87092,0.004676734514245364,-0.005545581275228319,0.4272952739631654,10,development
adaptive_r0_mom_45_8_ma50,30382,-0.0013848586005175405,-0.011607174389991225,0.42923441511421234,10,selection
adaptive_r0_mom_45_8_ma50,41168,0.004649865262002716,-0.005572450527470968,0.46759619121647883,10,holdout
adaptive_r0_mom_45_8_ma50,87096,0.010132586695299282,-8.972909417440111e-05,0.4305823459171489,20,development
adaptive_r0_mom_45_8_ma50,30382,-0.0027710667272947105,-0.012993382516768393,0.42321111184253835,20,selection
adaptive_r0_mom_45_8_ma50,40802,0.009775046434661762,-0.0004472693548119213,0.46174207146708496,20,holdout
adaptive_r0_mom_45_8_ma50,87106,0.020159763787909,0.009937447998435316,0.4297637361375795,40,development
adaptive_r0_mom_45_8_ma50,30382,-0.003858067152933771,-0.014080382942407455,0.41564083997103546,40,selection
adaptive_r0_mom_45_8_ma50,40503,0.012311057127822904,0.00208874133834922,0.44399180307631536,40,holdout
adaptive_r0_mom_45_8_ma100,84738,0.001707284889213772,-0.008515030900259912,0.41899738016002264,5,development
adaptive_r0_mom_45_8_ma100,29929,-4.8538620921685835e-05,-0.01027085441039537,0.4351632196197668,5,selection
adaptive_r0_mom_45_8_ma100,40602,0.0027697998777030113,-0.007452515911770673,0.4601990049751244,5,holdout
adaptive_r0_mom_45_8_ma100,84725,0.004972000935676595,-0.0052503148537970884,0.4292593685452936,10,development
adaptive_r0_mom_45_8_ma100,29929,-0.0007864716230221397,-0.011008787412495823,0.4338267232450132,10,selection
adaptive_r0_mom_45_8_ma100,40602,0.005228260490725554,-0.004994055298748129,0.4693364858873947,10,holdout
adaptive_r0_mom_45_8_ma100,84737,0.010411044633617875,0.00018872884414419117,0.432573728123488,20,development
adaptive_r0_mom_45_8_ma100,29929,-0.0012635053840986455,-0.011485821173572329,0.429282635570851,20,selection
adaptive_r0_mom_45_8_ma100,40608,0.010364528052532643,0.00014221226305895923,0.4630368400315209,20,holdout
adaptive_r0_mom_45_8_ma100,84742,0.01979182427215757,0.009569508482683887,0.431639564796677,40,development
adaptive_r0_mom_45_8_ma100,29929,-0.0019048039917521115,-0.012127119781225795,0.4215977814160179,40,selection
adaptive_r0_mom_45_8_ma100,40474,0.012755205102336745,0.002532889312863062,0.44692889262242425,40,holdout
adaptive_r0_mom_45_8_ma200,73303,0.0024857764457331365,-0.007736539343740547,0.4220563960547317,5,development
adaptive_r0_mom_45_8_ma200,26525,0.0011769683158504812,-0.009045347473623202,0.444674835061263,5,selection
adaptive_r0_mom_45_8_ma200,37257,0.003354036299184077,-0.006868279490289606,0.4658185039053064,5,holdout
adaptive_r0_mom_45_8_ma200,73294,0.006564553083998805,-0.0036577627054748783,0.4341283051818703,10,development
adaptive_r0_mom_45_8_ma200,26525,0.0013070036639829185,-0.008915312125490765,0.44588124410933083,10,selection
adaptive_r0_mom_45_8_ma200,37262,0.005978564433692764,-0.00424375135578092,0.4746927164403414,10,holdout
adaptive_r0_mom_45_8_ma200,73293,0.013756673784658547,0.0035343579951848635,0.44084701131076637,20,development
adaptive_r0_mom_45_8_ma200,26525,0.002087790469036694,-0.00813452532043699,0.44388312912346845,20,selection
adaptive_r0_mom_45_8_ma200,37259,0.010803741853715857,0.0005814260642421736,0.46759172280522826,20,holdout
adaptive_r0_mom_45_8_ma200,73301,0.02742000524296817,0.017197689453494487,0.4438411481425901,40,development
adaptive_r0_mom_45_8_ma200,26525,0.0029931749919031797,-0.007229140797570504,0.43679547596606977,40,selection
adaptive_r0_mom_45_8_ma200,37139,0.014220104835099598,0.003997789045625914,0.44985056140445356,40,holdout
adaptive_r0_mom_45_12_ma50,70209,0.0015799623480239752,-0.008642353441449709,0.4177669529547494,5,development
adaptive_r0_mom_45_12_ma50,22942,-0.00028729714745007455,-0.010509612936923759,0.4346177316711708,5,selection
adaptive_r0_mom_45_12_ma50,31348,0.0023816840051822624,-0.00784063178429142,0.45636085236697715,5,holdout
adaptive_r0_mom_45_12_ma50,70201,0.005256651236114488,-0.004965664553359195,0.42804233557926524,10,development
adaptive_r0_mom_45_12_ma50,22942,-0.0014927354334629338,-0.011715051222936618,0.43091273646587047,10,selection
adaptive_r0_mom_45_12_ma50,31348,0.004802938328390848,-0.0054193774610828355,0.4659308408829909,10,holdout
adaptive_r0_mom_45_12_ma50,70199,0.012241651669624397,0.0020193358801507133,0.43143064716021595,20,development
adaptive_r0_mom_45_12_ma50,22942,-0.003311169542635612,-0.013533485332109296,0.42141051346874725,20,selection
adaptive_r0_mom_45_12_ma50,31053,0.00868534146783917,-0.0015369743216345141,0.4591826876630277,20,holdout
adaptive_r0_mom_45_12_ma50,70209,0.024621290067504867,0.014398974278031183,0.4315970886923329,40,development
adaptive_r0_mom_45_12_ma50,22942,-0.004888954579462932,-0.015111270368936615,0.4117775259349664,40,selection
adaptive_r0_mom_45_12_ma50,30829,0.01006437218840497,-0.00015794360106871283,0.4354666061176165,40,holdout
adaptive_r0_mom_45_12_ma100,68022,0.0017423060173550223,-0.00848000977211866,0.41787950957043307,5,development
adaptive_r0_mom_45_12_ma100,22543,-8.334706014714798e-05,-0.010305662849620832,0.43734196868207426,5,selection
adaptive_r0_mom_45_12_ma100,30755,0.002744196444595304,-0.007478119344878379,0.4574540725085352,5,holdout
adaptive_r0_mom_45_12_ma100,68015,0.0054422327987989835,-0.0047800829906747,0.42934646769095053,10,development
adaptive_r0_mom_45_12_ma100,22543,-0.0011939684195471985,-0.011416284209020883,0.4338375548950894,10,selection
adaptive_r0_mom_45_12_ma100,30755,0.005445356519353867,-0.004776959270119816,0.46802145992521543,10,holdout
adaptive_r0_mom_45_12_ma100,68022,0.012457598547637257,0.0022352827581635735,0.4327864514421805,20,development
adaptive_r0_mom_45_12_ma100,22543,-0.0025355679242304394,-0.012757883713704123,0.424965621257153,20,selection
adaptive_r0_mom_45_12_ma100,30761,0.00936201788594364,-0.0008602979035300436,0.46110334514482626,20,holdout
adaptive_r0_mom_45_12_ma100,68026,0.024083280509343045,0.013860964719869362,0.4329374062858319,40,development
adaptive_r0_mom_45_12_ma100,22543,-0.0039042916254541657,-0.014126607414927848,0.41640420529654437,40,selection
adaptive_r0_mom_45_12_ma100,30654,0.010500801372809778,0.0002784855833360949,0.43853983166960264,40,holdout
adaptive_r0_mom_45_12_ma200,59774,0.002556561450288634,-0.00766575433918505,0.42127011744236625,5,development
adaptive_r0_mom_45_12_ma200,20273,0.001302680718433867,-0.008919635071039817,0.4466531840378829,5,selection
adaptive_r0_mom_45_12_ma200,28380,0.0033266981496416622,-0.006895617639832021,0.4615221987315011,5,holdout
adaptive_r0_mom_45_12_ma200,59769,0.007063819247839149,-0.0031584965416345343,0.4342552159146046,10,development
adaptive_r0_mom_45_12_ma200,20273,0.0011682568554757318,-0.009054058933997952,0.44793567799536327,10,selection
adaptive_r0_mom_45_12_ma200,28384,0.0061900470902934174,-0.004032268699180266,0.47132187147688837,10,holdout
adaptive_r0_mom_45_12_ma200,59768,0.015631480791106593,0.00540916500163291,0.4413231160487217,20,development
adaptive_r0_mom_45_12_ma200,20273,0.00134759792458591,-0.008874717864887773,0.44098061461056576,20,selection
adaptive_r0_mom_45_12_ma200,28383,0.010440094668857631,0.00021777887938394767,0.4645738646372829,20,holdout
adaptive_r0_mom_45_12_ma200,59775,0.031324216422209415,0.02110190063273573,0.4446173149309912,40,development
adaptive_r0_mom_45_12_ma200,20273,0.0013334904908424735,-0.00888882529863121,0.43264440388694325,40,selection
adaptive_r0_mom_45_12_ma200,28286,0.011623252516634925,0.0014009367271612411,0.43947535883475924,40,holdout
adaptive_r0_mom_60_0_ma50,122671,0.0021723136973986084,-0.008050002092075076,0.4272892533687669,5,development
adaptive_r0_mom_60_0_ma50,46232,0.0006046658368938318,-0.009617649952579852,0.4382678664128742,5,selection
adaptive_r0_mom_60_0_ma50,62819,0.0027764988697718826,-0.007445816919701801,0.4593514700966268,5,holdout
adaptive_r0_mom_60_0_ma50,122649,0.005413527466786654,-0.0048087883226870295,0.4376880365922266,10,development
adaptive_r0_mom_60_0_ma50,46232,0.0010759211418772672,-0.009146394647596416,0.44123118186537463,10,selection
adaptive_r0_mom_60_0_ma50,62771,0.004890626307831113,-0.00533168948164257,0.4681620493540011,10,holdout
adaptive_r0_mom_60_0_ma50,122641,0.00981201160629912,-0.0004103041831745643,0.4397224419239895,20,development
adaptive_r0_mom_60_0_ma50,46232,0.00113320854975869,-0.009089107239714993,0.43813808617407857,20,selection
adaptive_r0_mom_60_0_ma50,62292,0.009638868875689604,-0.0005834469137840793,0.4679894689526745,20,holdout
adaptive_r0_mom_60_0_ma50,122664,0.016494939366856236,0.006272623577382553,0.4356045783603991,40,development
adaptive_r0_mom_60_0_ma50,46232,0.0012365125122592853,-0.008985803277214398,0.4404525004326008,40,selection
adaptive_r0_mom_60_0_ma50,61856,0.013141828471152013,0.002919512681678329,0.4561562338334196,40,holdout
adaptive_r0_mom_60_0_ma100,136300,0.001729762300312706,-0.008492553489160977,0.4267204695524578,5,development
adaptive_r0_mom_60_0_ma100,51640,0.00038914853431259083,-0.009833167255161092,0.4405112316034082,5,selection
adaptive_r0_mom_60_0_ma100,70540,0.0022842780415335065,-0.007938037747940177,0.4576835837822512,5,holdout
adaptive_r0_mom_60_0_ma100,136282,0.004216283228657778,-0.0060060325608159056,0.43604437856796935,10,development
adaptive_r0_mom_60_0_ma100,51640,0.0005978902508133591,-0.009624425538660324,0.44107281177381874,10,selection
adaptive_r0_mom_60_0_ma100,70547,0.0042098415169108385,-0.006012474272562845,0.46628488808879187,10,holdout
adaptive_r0_mom_60_0_ma100,136289,0.0078019399429178436,-0.00242037584655584,0.43685844051977785,20,development
adaptive_r0_mom_60_0_ma100,51640,0.0008646290324192419,-0.009357686757054442,0.4380518977536793,20,selection
adaptive_r0_mom_60_0_ma100,70537,0.008576569404600762,-0.0016457463848729217,0.46504671307257184,20,holdout
adaptive_r0_mom_60_0_ma100,136304,0.013700445908077525,0.0034781301186038414,0.4325331611691513,40,development
adaptive_r0_mom_60_0_ma100,51640,0.00152764794280993,-0.008694667846663753,0.4423896204492641,40,selection
adaptive_r0_mom_60_0_ma100,70331,0.011774113366204361,0.0015517975767306777,0.4557449773215225,40,holdout
adaptive_r0_mom_60_0_ma200,117905,0.0024468681906686398,-0.007775447598805043,0.430533056274119,5,development
adaptive_r0_mom_60_0_ma200,45954,0.0012621655338799218,-0.008960150255593761,0.44775209992601295,5,selection
adaptive_r0_mom_60_0_ma200,65139,0.0025878164762383406,-0.007634499313235343,0.4620734122415143,5,holdout
adaptive_r0_mom_60_0_ma200,117891,0.0057800660599434525,-0.004442249729530231,0.44223053498570714,10,development
adaptive_r0_mom_60_0_ma200,45954,0.0020579219740764422,-0.008164393815397242,0.45099447273360316,10,selection
adaptive_r0_mom_60_0_ma200,65149,0.004775782013722013,-0.00544653377575167,0.47257824371824586,10,holdout
adaptive_r0_mom_60_0_ma200,117884,0.011021248797920203,0.0007989330084465195,0.44548878558583016,20,development
adaptive_r0_mom_60_0_ma200,45954,0.003139853705018484,-0.007082462084455199,0.44899247073160115,20,selection
adaptive_r0_mom_60_0_ma200,65128,0.009318264302467764,-0.0009040514870059194,0.4712105392457929,20,holdout
adaptive_r0_mom_60_0_ma200,117900,0.02101286570866211,0.010790549919188427,0.444342663273961,40,development
adaptive_r0_mom_60_0_ma200,45954,0.005205639533742092,-0.005016676255731592,0.4530399965182574,40,selection
adaptive_r0_mom_60_0_ma200,64930,0.01328054313813474,0.003058227348661057,0.4609425535191745,40,holdout
adaptive_r0_mom_60_2_ma50,114042,0.002293008515716916,-0.007929307273756767,0.42672874905736485,5,development
adaptive_r0_mom_60_2_ma50,42303,0.000544941879443993,-0.00967737391002969,0.4368720894499208,5,selection
adaptive_r0_mom_60_2_ma50,58050,0.0028137564580668203,-0.007408559331406863,0.46082687338501294,5,holdout
adaptive_r0_mom_60_2_ma50,114023,0.005669695932369934,-0.00455261985710375,0.43771870587513045,10,development
adaptive_r0_mom_60_2_ma50,42303,0.0010709957831381745,-0.00915132000633551,0.43975604567051985,10,selection
adaptive_r0_mom_60_2_ma50,58005,0.00496614776650634,-0.005256168022967344,0.4689250926644255,10,holdout
adaptive_r0_mom_60_2_ma50,114022,0.010340618802780357,0.00011830301330667363,0.43950290294855376,20,development
adaptive_r0_mom_60_2_ma50,42303,0.0012946971502877558,-0.008927618639185928,0.437132118289483,20,selection
adaptive_r0_mom_60_2_ma50,57558,0.009882577808546157,-0.0003397379809275264,0.4686577017964488,20,holdout
adaptive_r0_mom_60_2_ma50,114037,0.017406096865952018,0.007183781076478334,0.43568315546708525,40,development
adaptive_r0_mom_60_2_ma50,42303,0.0012091947632304437,-0.00901312102624324,0.4379594827789991,40,selection
adaptive_r0_mom_60_2_ma50,57166,0.0129994776066001,0.002777161817126417,0.4562152328307036,40,holdout
adaptive_r0_mom_60_2_ma100,126700,0.001826931912745809,-0.008395383876727874,0.42597474348855563,5,development
adaptive_r0_mom_60_2_ma100,47416,0.00034900630497823165,-0.009873309484495453,0.43905010966762276,5,selection
adaptive_r0_mom_60_2_ma100,65143,0.0022730333614649103,-0.007949282428008773,0.45805382005741213,5,holdout
adaptive_r0_mom_60_2_ma100,126684,0.004440785329368595,-0.005781530460105089,0.4362271478639765,10,development
adaptive_r0_mom_60_2_ma100,47416,0.0005720733257151736,-0.00965024246375851,0.4396195377087903,10,selection
adaptive_r0_mom_60_2_ma100,65148,0.004172405336789449,-0.006049910452684234,0.46575489654325536,10,holdout
adaptive_r0_mom_60_2_ma100,126693,0.00832203606538858,-0.0019002797240851039,0.43693021713906843,20,development
adaptive_r0_mom_60_2_ma100,47416,0.0008804388618577364,-0.009341876927615947,0.4363505989539396,20,selection
adaptive_r0_mom_60_2_ma100,65140,0.008770613900764838,-0.0014517018887088458,0.46561252686521337,20,holdout
adaptive_r0_mom_60_2_ma100,126704,0.014516694394930198,0.0042943786054565145,0.4324409647682788,40,development
adaptive_r0_mom_60_2_ma100,47416,0.001537004590932118,-0.008685311198541566,0.43983043698329677,40,selection
adaptive_r0_mom_60_2_ma100,64956,0.011815489950176424,0.0015931741607027403,0.45600098528234495,40,holdout
adaptive_r0_mom_60_2_ma200,109392,0.00257588194262243,-0.007646433846851253,0.4297754863244113,5,development
adaptive_r0_mom_60_2_ma200,42062,0.0013771903470402528,-0.00884512544243343,0.44705434834292235,5,selection
adaptive_r0_mom_60_2_ma200,59972,0.002610075214520573,-0.0076122405749531104,0.4627159341025812,5,holdout
adaptive_r0_mom_60_2_ma200,109382,0.006082446001434541,-0.004139869788039143,0.44235797480389827,10,development
adaptive_r0_mom_60_2_ma200,42062,0.002169646270312635,-0.00805266951916105,0.4501212495839475,10,selection
adaptive_r0_mom_60_2_ma200,59979,0.004786933500995065,-0.0054353822884786185,0.47153170276263356,10,holdout
adaptive_r0_mom_60_2_ma200,109379,0.011646524585983151,0.0014242087965094675,0.4454419952641732,20,development
adaptive_r0_mom_60_2_ma200,42062,0.003350214496775788,-0.006872101292697896,0.44774380676144737,20,selection
adaptive_r0_mom_60_2_ma200,59962,0.009511433229800696,-0.000710882559672988,0.47158200193455857,20,holdout
adaptive_r0_mom_60_2_ma200,109387,0.02212475737040718,0.011902441580933495,0.44473292073098264,40,development
adaptive_r0_mom_60_2_ma200,42062,0.005370214622936218,-0.004852101166537465,0.45169036184679756,40,selection
adaptive_r0_mom_60_2_ma200,59786,0.013165184565164354,0.002942868775690671,0.46045897032750144,40,holdout
adaptive_r0_mom_60_4_ma50,104157,0.0023435975765368788,-0.007878718212936805,0.426711598836372,5,development
adaptive_r0_mom_60_4_ma50,37830,0.0006236065768101069,-0.009598709212663576,0.43764208300290774,5,selection
adaptive_r0_mom_60_4_ma50,52290,0.0029007343723196273,-0.007321581417154057,0.46228724421495504,5,holdout
adaptive_r0_mom_60_4_ma50,104139,0.005935499010725021,-0.0042868167787486625,0.4377706718904541,10,development
adaptive_r0_mom_60_4_ma50,37830,0.0011931766444235182,-0.009029139145050165,0.4403912238963785,10,selection
adaptive_r0_mom_60_4_ma50,52258,0.005081702248043116,-0.0051406135414305675,0.46997588885912206,10,holdout
adaptive_r0_mom_60_4_ma50,104141,0.01102791431764432,0.0008055985281706368,0.43973074965671544,20,development
adaptive_r0_mom_60_4_ma50,37830,0.0010005235391115632,-0.00922179225036212,0.4351044144858578,20,selection
adaptive_r0_mom_60_4_ma50,51841,0.010096035128390739,-0.00012628066108294478,0.4691267529561544,20,holdout
adaptive_r0_mom_60_4_ma50,104149,0.01883159202161041,0.008609276232136726,0.435491459351506,40,development
adaptive_r0_mom_60_4_ma50,37830,0.00027938615291672964,-0.009942929636556954,0.43391488236849063,40,selection
adaptive_r0_mom_60_4_ma50,51501,0.013036967461185257,0.002814651671711573,0.45500087376944137,40,holdout
adaptive_r0_mom_60_4_ma100,115171,0.001851496310890128,-0.008370819478583556,0.4256019310416685,5,development
adaptive_r0_mom_60_4_ma100,42166,0.0003215772368270219,-0.009900738552646662,0.43907413555945546,5,selection
adaptive_r0_mom_60_4_ma100,58226,0.002346801783408228,-0.007875514006065456,0.45895304503142925,5,holdout
adaptive_r0_mom_60_4_ma100,115152,0.004672183285200201,-0.0055501325042734825,0.4359889537307211,10,development
adaptive_r0_mom_60_4_ma100,42166,0.0005567793024513355,-0.009665536487022348,0.4389555566095907,10,selection
adaptive_r0_mom_60_4_ma100,58238,0.004248096578776881,-0.005974219210696802,0.4657955286926062,10,holdout
adaptive_r0_mom_60_4_ma100,115162,0.008955748501897266,-0.0012665672875764172,0.4367586530279085,20,development
adaptive_r0_mom_60_4_ma100,42166,0.00038963585032812664,-0.009832679939145557,0.4330503249063226,20,selection
adaptive_r0_mom_60_4_ma100,58222,0.008966482261831839,-0.0012558335276418447,0.46533956236474183,20,holdout
adaptive_r0_mom_60_4_ma100,115170,0.015699152895877075,0.005476837106403391,0.43210037336111834,40,development
adaptive_r0_mom_60_4_ma100,42166,0.00036457834507976197,-0.009857737444393921,0.4349238723141868,40,selection
adaptive_r0_mom_60_4_ma100,58066,0.01178142544631828,0.0015591096568445973,0.4543278338442462,40,holdout
adaptive_r0_mom_60_4_ma200,99950,0.002653241046820747,-0.007569074742652936,0.4299549774887444,5,development
adaptive_r0_mom_60_4_ma200,37491,0.0012001365104211557,-0.009022179279052528,0.44658718092342164,5,selection
adaptive_r0_mom_60_4_ma200,53866,0.0027313675141643866,-0.007490948275309297,0.46335350685033233,5,holdout
adaptive_r0_mom_60_4_ma200,99938,0.00634749121493981,-0.0038748245745338734,0.44175388741019433,10,development
adaptive_r0_mom_60_4_ma200,37491,0.0020616080793179475,-0.008160707710155736,0.4488277186524766,10,selection
adaptive_r0_mom_60_4_ma200,53880,0.004954581711543557,-0.005267734077930126,0.4715478841870824,10,holdout
adaptive_r0_mom_60_4_ma200,99939,0.012309915324634437,0.0020875995351607533,0.44511151802599586,20,development
adaptive_r0_mom_60_4_ma200,37491,0.0028087121724400836,-0.0074136036170336,0.4439998933077272,20,selection
adaptive_r0_mom_60_4_ma200,53858,0.00970990188876272,-0.0005124139007109639,0.47073786624085556,20,holdout
adaptive_r0_mom_60_4_ma200,99944,0.023246168271349833,0.013023852481876149,0.444378852157208,40,development
adaptive_r0_mom_60_4_ma200,37491,0.004007455945683864,-0.00621485984378982,0.4462404310367822,40,selection
adaptive_r0_mom_60_4_ma200,53706,0.01309626366664928,0.002873947877175596,0.45825419878598295,40,holdout
adaptive_r0_mom_60_6_ma50,94968,0.002477286214075948,-0.007745029575397735,0.427122820318423,5,development
adaptive_r0_mom_60_6_ma50,33796,0.0006709738354679894,-0.009551341954005694,0.439460291158717,5,selection
adaptive_r0_mom_60_6_ma50,46849,0.0029747721700491866,-0.0072475436194244965,0.461973574676087,5,holdout
adaptive_r0_mom_60_6_ma50,94956,0.006243535065526686,-0.003978780723946997,0.4379396773242344,10,development
adaptive_r0_mom_60_6_ma50,33796,0.001201257173158677,-0.009021058616315006,0.4401112557699136,10,selection
adaptive_r0_mom_60_6_ma50,46822,0.005137285050206915,-0.005085030739266768,0.4681559950450643,10,holdout
adaptive_r0_mom_60_6_ma50,94953,0.011631236702306138,0.0014089209128324547,0.43969121565406044,20,development
adaptive_r0_mom_60_6_ma50,33796,0.0005155908398331954,-0.009706724949640488,0.4319741981299562,20,selection
adaptive_r0_mom_60_6_ma50,46440,0.010036087360114186,-0.0001862284293594977,0.46655900086132646,20,holdout
adaptive_r0_mom_60_6_ma50,94960,0.020095415818521145,0.009873100029047462,0.43423546756529063,40,development
adaptive_r0_mom_60_6_ma50,33796,-0.0009796016661275811,-0.011201917455601264,0.429755000591786,40,selection
adaptive_r0_mom_60_6_ma50,46138,0.012375266755160803,0.0021529509656871195,0.4510815379947115,40,holdout
adaptive_r0_mom_60_6_ma100,104312,0.0019584790685730404,-0.008263836720900643,0.42583787100237747,5,development
adaptive_r0_mom_60_6_ma100,37263,0.0003694881816160267,-0.009852827607857656,0.4408126023132866,5,selection
adaptive_r0_mom_60_6_ma100,51694,0.002437014901163375,-0.007785300888310308,0.4585832011452006,5,holdout
adaptive_r0_mom_60_6_ma100,104299,0.004891978090901808,-0.005330337698571876,0.43623620552450165,10,development
adaptive_r0_mom_60_6_ma100,37263,0.0005078931278119607,-0.009714422661661722,0.4379947937632504,10,selection
adaptive_r0_mom_60_6_ma100,51707,0.004259847229834292,-0.0059624685596393915,0.46316746281934745,10,holdout
adaptive_r0_mom_60_6_ma100,104305,0.00938462979598608,-0.0008376859934876042,0.43642203154211207,20,development
adaptive_r0_mom_60_6_ma100,37263,-0.00020849041040671266,-0.010430806199880396,0.42838740842122214,20,selection
adaptive_r0_mom_60_6_ma100,51688,0.008725712801807855,-0.001496602987665829,0.4619447453954496,20,holdout
adaptive_r0_mom_60_6_ma100,104311,0.016521585775637122,0.006299269986163439,0.4306257249954463,40,development
adaptive_r0_mom_60_6_ma100,37263,-0.0009695991310315592,-0.011191914920505242,0.4302927837264847,40,selection
adaptive_r0_mom_60_6_ma100,51551,0.011089688123797497,0.0008673723343238134,0.45025314736862526,40,holdout
adaptive_r0_mom_60_6_ma200,91153,0.0027237422501600024,-0.007498573539313681,0.4293879521244501,5,development
adaptive_r0_mom_60_6_ma200,33476,0.0012722479733587833,-0.0089500678161149,0.44814195244354166,5,selection
adaptive_r0_mom_60_6_ma200,48077,0.0028596080958143374,-0.0073627076936593466,0.46263285978742436,5,holdout
adaptive_r0_mom_60_6_ma200,91145,0.006508967224818968,-0.0037133485646547153,0.44117614789620935,10,development
adaptive_r0_mom_60_6_ma200,33476,0.0019975947231205566,-0.008224721066353127,0.44691719440793404,10,selection
adaptive_r0_mom_60_6_ma200,48094,0.004990481291777469,-0.005231834497696214,0.4686447373892793,10,holdout
adaptive_r0_mom_60_6_ma200,91144,0.012711639620779692,0.0024893238313060083,0.44426402176775215,20,development
adaptive_r0_mom_60_6_ma200,33476,0.002172443449755939,-0.008049872339717745,0.4388218425140399,20,selection
adaptive_r0_mom_60_6_ma200,48068,0.009589075734795963,-0.0006332400546777209,0.46640176416742946,20,holdout
adaptive_r0_mom_60_6_ma200,91151,0.024068175940905562,0.013845860151431879,0.4429792322629483,40,development
adaptive_r0_mom_60_6_ma200,33476,0.002463022734097205,-0.007759293055376478,0.4407635320826861,40,selection
adaptive_r0_mom_60_6_ma200,47937,0.012475400803993812,0.0022530850145201283,0.453824811732065,40,holdout
adaptive_r0_mom_60_8_ma50,86670,0.0025650835554195703,-0.007657232234054113,0.426433598707742,5,development
adaptive_r0_mom_60_8_ma50,29940,0.0008574393978570226,-0.00936487639161666,0.4399799599198397,5,selection
adaptive_r0_mom_60_8_ma50,42118,0.003009063902005874,-0.00721325188746781,0.46139417826107604,5,holdout
adaptive_r0_mom_60_8_ma50,86659,0.006615429211078686,-0.003606886578394998,0.43814260492274315,10,development
adaptive_r0_mom_60_8_ma50,29940,0.0014493010296605937,-0.00877301475981309,0.43977955911823646,10,selection
adaptive_r0_mom_60_8_ma50,42088,0.00533685587475576,-0.004885459914717924,0.46766299182664894,10,holdout
adaptive_r0_mom_60_8_ma50,86652,0.012492089483205961,0.0022697736937322775,0.44008216775146564,20,development
adaptive_r0_mom_60_8_ma50,29940,0.00029517919945232224,-0.009927136590021361,0.43022712090848364,20,selection
adaptive_r0_mom_60_8_ma50,41742,0.010139868267900984,-8.244752157269934e-05,0.4636577068659863,20,holdout
adaptive_r0_mom_60_8_ma50,86662,0.021619341503700207,0.011397025714226523,0.43340795273591654,40,development
adaptive_r0_mom_60_8_ma50,29940,-0.002228659972539745,-0.012450975762013428,0.42651970607882433,40,selection
adaptive_r0_mom_60_8_ma50,41455,0.01192780863332546,0.001705492843851776,0.4465323845133277,40,holdout
adaptive_r0_mom_60_8_ma100,94563,0.002063359109385843,-0.00815895668008784,0.42517686621617334,5,development
adaptive_r0_mom_60_8_ma100,32856,0.0004401502327872256,-0.009782165556686458,0.4405892378865352,5,selection
adaptive_r0_mom_60_8_ma100,46043,0.0025407846430528388,-0.007681531146420844,0.45778945768086354,5,holdout
adaptive_r0_mom_60_8_ma100,94553,0.005352692734830994,-0.00486962305464269,0.43667572684103095,10,development
adaptive_r0_mom_60_8_ma100,32856,0.0005267006955461723,-0.009695615093927511,0.4369065010956903,10,selection
adaptive_r0_mom_60_8_ma100,46052,0.004515491662213212,-0.005706824127260471,0.4626074871883957,10,holdout
adaptive_r0_mom_60_8_ma100,94554,0.010308239945688042,8.592415621435853e-05,0.43708357129259473,20,development
adaptive_r0_mom_60_8_ma100,32856,-0.0004224983012271964,-0.01064481409070088,0.42692354516678843,20,selection
adaptive_r0_mom_60_8_ma100,46036,0.00870607537129416,-0.0015162404181795243,0.45894517334260143,20,holdout
adaptive_r0_mom_60_8_ma100,94560,0.01789715972583121,0.007674843936357527,0.42991751269035533,40,development
adaptive_r0_mom_60_8_ma100,32856,-0.0020772454700526562,-0.01229956125952634,0.42716703189676164,40,selection
adaptive_r0_mom_60_8_ma100,45909,0.01031443232548021,9.211653600652708e-05,0.4459691999390098,40,holdout
adaptive_r0_mom_60_8_ma200,83213,0.0028707521803304423,-0.007351563609143241,0.429007486810955,5,development
adaptive_r0_mom_60_8_ma200,29822,0.0014027628440824588,-0.008819552945391225,0.4475890282341895,5,selection
adaptive_r0_mom_60_8_ma200,42949,0.002919313051547944,-0.007303002737925739,0.461593983561899,5,holdout
adaptive_r0_mom_60_8_ma200,83206,0.007014285446059798,-0.0032080303434138856,0.4414946037545369,10,development
adaptive_r0_mom_60_8_ma200,29822,0.00214262906036082,-0.008079686729112863,0.4455100261551874,10,selection
adaptive_r0_mom_60_8_ma200,42963,0.005193701159235586,-0.005028614630238098,0.46721597653795127,10,holdout
adaptive_r0_mom_60_8_ma200,83199,0.013651772976536239,0.003429457187062555,0.4450414067476773,20,development
adaptive_r0_mom_60_8_ma200,29822,0.0021746327416430266,-0.008047683047830656,0.4371940178391791,20,selection
adaptive_r0_mom_60_8_ma200,42940,0.009398175446494345,-0.0008241403429793386,0.4622030740568235,20,holdout
adaptive_r0_mom_60_8_ma200,83208,0.025489750977868517,0.015267435188394834,0.441868570329776,40,development
adaptive_r0_mom_60_8_ma200,29822,0.0015472124266651527,-0.008675103362808531,0.43598685534169407,40,selection
adaptive_r0_mom_60_8_ma200,42820,0.011248569957647097,0.0010262541681734134,0.4483652498832321,40,holdout
adaptive_r0_mom_60_12_ma50,72629,0.0027121265488967237,-0.00751018924057696,0.4274463368626857,5,development
adaptive_r0_mom_60_12_ma50,23814,0.0008372621511987042,-0.009385053638274979,0.43608801545309483,5,selection
adaptive_r0_mom_60_12_ma50,33960,0.0030365458522952572,-0.007185769937178427,0.4583922261484099,5,holdout
adaptive_r0_mom_60_12_ma50,72623,0.007336582292982482,-0.002885733496491201,0.4394062487090867,10,development
adaptive_r0_mom_60_12_ma50,23814,0.0012245224028793907,-0.008997793386594293,0.43684387335180985,10,selection
adaptive_r0_mom_60_12_ma50,33942,0.005628453792426232,-0.004593861997047452,0.4655294325614283,10,holdout
adaptive_r0_mom_60_12_ma50,72619,0.014257559104714438,0.0040352433152407545,0.4411930761921811,20,development
adaptive_r0_mom_60_12_ma50,23814,-0.0005729259769261752,-0.010795241766399859,0.4248761232888217,20,selection
adaptive_r0_mom_60_12_ma50,33650,0.010026698511345198,-0.00019561727812848588,0.4586329866270431,20,holdout
adaptive_r0_mom_60_12_ma50,72624,0.024979059420666628,0.014756743631192944,0.4340438422560035,40,development
adaptive_r0_mom_60_12_ma50,23814,-0.0044495839306629955,-0.014671899720136678,0.4216847232720249,40,selection
adaptive_r0_mom_60_12_ma50,33408,0.011403471305095282,0.001181155515621599,0.4390265804597701,40,holdout
adaptive_r0_mom_60_12_ma100,78110,0.002163445860117054,-0.00805886992935663,0.4253488669824606,5,development
adaptive_r0_mom_60_12_ma100,25750,0.00041527969095452586,-0.009807036098519158,0.43681553398058254,5,selection
adaptive_r0_mom_60_12_ma100,36606,0.002639576687102939,-0.0075827391023707445,0.45522591924821065,5,holdout
adaptive_r0_mom_60_12_ma100,78102,0.0060110455184462334,-0.00421127027102745,0.43712068833064455,10,development
adaptive_r0_mom_60_12_ma100,25750,0.00010862087546080545,-0.010113694914012879,0.43355339805825244,10,selection
adaptive_r0_mom_60_12_ma100,36621,0.0048524022298411474,-0.005369913559632536,0.4612380874361705,10,holdout
adaptive_r0_mom_60_12_ma100,78105,0.012021890897896579,0.001799575108422895,0.4372447346520709,20,development
adaptive_r0_mom_60_12_ma100,25750,-0.0016070956330054645,-0.011829411422479149,0.4208155339805825,20,selection
adaptive_r0_mom_60_12_ma100,36601,0.00869552846671155,-0.001526787322762133,0.454386492172345,20,holdout
adaptive_r0_mom_60_12_ma100,78108,0.02064398215400976,0.010421666364536078,0.42978952220003075,40,development
adaptive_r0_mom_60_12_ma100,25750,-0.004579575425010552,-0.014801891214484235,0.42058252427184467,40,selection
adaptive_r0_mom_60_12_ma100,36490,0.010077956575759193,-0.0001443592137144907,0.43979172375993425,40,holdout
adaptive_r0_mom_60_12_ma200,69846,0.002846938293093531,-0.007375377496380153,0.4286573318443433,5,development
adaptive_r0_mom_60_12_ma200,23754,0.001421879083260037,-0.008800436706213647,0.4440094299907384,5,selection
adaptive_r0_mom_60_12_ma200,34316,0.0031777998516703755,-0.007044515937803308,0.4589987177992773,5,holdout
adaptive_r0_mom_60_12_ma200,69841,0.007433607083340118,-0.0027887087061335657,0.44148852393293336,10,development
adaptive_r0_mom_60_12_ma200,23754,0.0017259966866238553,-0.008496319102849828,0.4424517975919845,10,selection
adaptive_r0_mom_60_12_ma200,34330,0.005624865661556014,-0.00459745012791767,0.46495776288960095,10,holdout
adaptive_r0_mom_60_12_ma200,69838,0.014733092161473867,0.0045107763720001835,0.44454308542627224,20,development
adaptive_r0_mom_60_12_ma200,23754,0.0009489648166922915,-0.009273350972781392,0.4314220762818894,20,selection
adaptive_r0_mom_60_12_ma200,34309,0.009515389355867711,-0.0007069264336059724,0.45670232300562535,20,holdout
adaptive_r0_mom_60_12_ma200,69844,0.027226558004288658,0.017004242214814974,0.44033846858713704,40,development
adaptive_r0_mom_60_12_ma200,23754,-0.001217386020125706,-0.01143970180959939,0.4282647133114423,40,selection
adaptive_r0_mom_60_12_ma200,34204,0.010640267900715976,0.00041795211124229237,0.441117997894983,40,holdout
adaptive_r0_mom_90_0_ma50,113473,0.002220722934812012,-0.008001592854661671,0.42618949001083956,5,development
adaptive_r0_mom_90_0_ma50,42835,0.0011801536703245357,-0.009042162119149148,0.4430722539978989,5,selection
adaptive_r0_mom_90_0_ma50,59206,0.0026151250322107122,-0.007607190757262971,0.4589399723001047,5,holdout
adaptive_r0_mom_90_0_ma50,113450,0.005190885069263948,-0.0050314307202097355,0.4353459673865139,10,development
adaptive_r0_mom_90_0_ma50,42835,0.001878002528010559,-0.008344313261463124,0.4469709349830746,10,selection
adaptive_r0_mom_90_0_ma50,59239,0.00484759425938178,-0.005374721530091903,0.4679180944985567,10,holdout
adaptive_r0_mom_90_0_ma50,113446,0.008651246534830171,-0.0015710692546435125,0.4361370167304268,20,development
adaptive_r0_mom_90_0_ma50,42835,0.0022943349657683115,-0.007927980823705372,0.44290883623205324,20,selection
adaptive_r0_mom_90_0_ma50,58834,0.008300427420251345,-0.0019218883692223385,0.46464629295985316,20,holdout
adaptive_r0_mom_90_0_ma50,113458,0.017198839876129614,0.00697652408665593,0.4349891589839412,40,development
adaptive_r0_mom_90_0_ma50,42835,0.0039155635473710785,-0.006306752242102605,0.4507061982024046,40,selection
adaptive_r0_mom_90_0_ma50,58426,0.012970115306830303,0.0027477995173566198,0.4580837298463013,40,holdout
adaptive_r0_mom_90_0_ma100,134513,0.0016231703994454103,-0.008599145390028273,0.42508902485261646,5,development
adaptive_r0_mom_90_0_ma100,50957,0.0005402803843925164,-0.009682035405081167,0.4427654689247797,5,selection
adaptive_r0_mom_90_0_ma100,70521,0.002032807407742471,-0.008189508381731212,0.45607691325988003,5,holdout
adaptive_r0_mom_90_0_ma100,134492,0.0037028175286302027,-0.006519498260843481,0.4333863724236386,10,development
adaptive_r0_mom_90_0_ma100,50957,0.0006252870707899328,-0.00959702871868375,0.44486527856820457,10,selection
adaptive_r0_mom_90_0_ma100,70541,0.004046897501497646,-0.006175418287976037,0.4641697736068386,10,holdout
adaptive_r0_mom_90_0_ma100,134505,0.0063490598195581295,-0.003873255969915554,0.4319467677781495,20,development
adaptive_r0_mom_90_0_ma100,50957,0.0013275503633492281,-0.008894765426124456,0.4419608689679534,20,selection
adaptive_r0_mom_90_0_ma100,70545,0.00733933739319686,-0.0028829783962768234,0.4613367354171096,20,holdout
adaptive_r0_mom_90_0_ma100,134502,0.012957317397093509,0.002735001607619825,0.42901964283058985,40,development
adaptive_r0_mom_90_0_ma100,50957,0.0034525657356560013,-0.006769750053817683,0.44926114174696313,40,selection
adaptive_r0_mom_90_0_ma100,70332,0.011193026214593133,0.0009707104251194497,0.4549280555081613,40,holdout
adaptive_r0_mom_90_0_ma200,128090,0.0020410189677580346,-0.008181296821715648,0.42864392224217346,5,development
adaptive_r0_mom_90_0_ma200,49923,0.0006024972703180005,-0.009619818519155682,0.4470885163151253,5,selection
adaptive_r0_mom_90_0_ma200,70844,0.0020928380494719015,-0.008129477740001782,0.4592626051606346,5,holdout
adaptive_r0_mom_90_0_ma200,128080,0.004619887386697245,-0.0056024284027764385,0.43831980012492194,10,development
adaptive_r0_mom_90_0_ma200,49923,0.0010798483586202513,-0.009142467430853432,0.45145524107124974,10,selection
adaptive_r0_mom_90_0_ma200,70865,0.0040431673861626395,-0.006179148403311044,0.46798842870246243,10,holdout
adaptive_r0_mom_90_0_ma200,128069,0.007944170002227316,-0.0022781457872463676,0.43784210074256846,20,development
adaptive_r0_mom_90_0_ma200,49923,0.0023957395615930095,-0.007826576227880674,0.44883120004807403,20,selection
adaptive_r0_mom_90_0_ma200,70857,0.007341877532679253,-0.0028804382567944303,0.46384972550347886,20,holdout
adaptive_r0_mom_90_0_ma200,128076,0.017300055093219965,0.007077739303746281,0.43729504356788157,40,development
adaptive_r0_mom_90_0_ma200,49923,0.005162999930318974,-0.005059315859154709,0.45464014582456985,40,selection
adaptive_r0_mom_90_0_ma200,70636,0.010947288975141231,0.0007249731856675476,0.4550087773939634,40,holdout
adaptive_r0_mom_90_2_ma50,106996,0.002278236492980239,-0.007944079296493444,0.4266981943250215,5,development
adaptive_r0_mom_90_2_ma50,39751,0.0012789087209285112,-0.008943407068545172,0.4432341324746547,5,selection
adaptive_r0_mom_90_2_ma50,55382,0.0026449817695569007,-0.007577334019916783,0.45912029179155683,5,holdout
adaptive_r0_mom_90_2_ma50,106973,0.00530288135179457,-0.004919434437679114,0.43563329064343337,10,development
adaptive_r0_mom_90_2_ma50,39751,0.0021088422200551383,-0.008113473569418545,0.44912077683580287,10,selection
adaptive_r0_mom_90_2_ma50,55412,0.00483878083368565,-0.0053835349557880335,0.46782285425539594,10,holdout
adaptive_r0_mom_90_2_ma50,106972,0.008873607366248515,-0.001348708423225169,0.4362356504505852,20,development
adaptive_r0_mom_90_2_ma50,39751,0.002415329013420487,-0.007806986776053197,0.4441649266685115,20,selection
adaptive_r0_mom_90_2_ma50,55037,0.008468158683431301,-0.0017541571060423825,0.46466922252302995,20,holdout
adaptive_r0_mom_90_2_ma50,106978,0.017552348786742715,0.0073300329972690315,0.4347622875731459,40,development
adaptive_r0_mom_90_2_ma50,39751,0.0036203754742841062,-0.006601940315189577,0.4493471862343086,40,selection
adaptive_r0_mom_90_2_ma50,54662,0.013032502623461985,0.0028101868339883013,0.45689875965021404,40,holdout
adaptive_r0_mom_90_2_ma100,127458,0.001594464596050103,-0.00862785119342358,0.42495567167223713,5,development
adaptive_r0_mom_90_2_ma100,47721,0.0005752743828093961,-0.009647041406664288,0.4425724523794556,5,selection
adaptive_r0_mom_90_2_ma100,66328,0.0020261686561236954,-0.008196147133349988,0.4562628151007116,5,holdout
adaptive_r0_mom_90_2_ma100,127436,0.0036753722646824245,-0.006546943524791259,0.43297027527543236,10,development
adaptive_r0_mom_90_2_ma100,47721,0.0007270161187684429,-0.00949529967070524,0.44605100479872595,10,selection
adaptive_r0_mom_90_2_ma100,66348,0.0039963597958443346,-0.006225955993629349,0.4638270935069633,10,holdout
adaptive_r0_mom_90_2_ma100,127452,0.006405694324290643,-0.0038166214651830406,0.4314487022565358,20,development
adaptive_r0_mom_90_2_ma100,47721,0.0013149034749013382,-0.008907412314572346,0.4422162150835062,20,selection
adaptive_r0_mom_90_2_ma100,66350,0.007430005102112282,-0.0027923106873614014,0.46135644310474755,20,holdout
adaptive_r0_mom_90_2_ma100,127444,0.013102928940315665,0.002880613150841982,0.42824299300084745,40,development
adaptive_r0_mom_90_2_ma100,47721,0.0032526034682634495,-0.006969712321210234,0.4482722491146455,40,selection
adaptive_r0_mom_90_2_ma100,66149,0.01114676870911197,0.0009244529196382866,0.4532797170025246,40,holdout
adaptive_r0_mom_90_2_ma200,121347,0.0020722036550617387,-0.008150112134411944,0.4282182501421543,5,development
adaptive_r0_mom_90_2_ma200,46798,0.0005980388350869951,-0.009624276954386689,0.4462370186760118,5,selection
adaptive_r0_mom_90_2_ma200,66583,0.002159215405867134,-0.00806310038360655,0.45990718351531173,5,holdout
adaptive_r0_mom_90_2_ma200,121333,0.004696630310395472,-0.005525685479078212,0.4377621916543727,10,development
adaptive_r0_mom_90_2_ma200,46798,0.0011132888755136653,-0.009109026913960018,0.4518569169622633,10,selection
adaptive_r0_mom_90_2_ma200,66604,0.004059301708905149,-0.006163014080568534,0.46758452945769025,10,holdout
adaptive_r0_mom_90_2_ma200,121332,0.008109059063845864,-0.002113256725627819,0.4380048132397059,20,development
adaptive_r0_mom_90_2_ma200,46798,0.0023454660263230397,-0.007876849763150643,0.4486730202145391,20,selection
adaptive_r0_mom_90_2_ma200,66593,0.007481352356700163,-0.002740963432773521,0.464162900004505,20,holdout
adaptive_r0_mom_90_2_ma200,121327,0.017519190941785372,0.007296875152311689,0.4365392699069457,40,development
adaptive_r0_mom_90_2_ma200,46798,0.004724485040368791,-0.005497830749104892,0.4529894439933331,40,selection
adaptive_r0_mom_90_2_ma200,66391,0.010988589827279639,0.0007662740378059554,0.45460981157084546,40,holdout
adaptive_r0_mom_90_4_ma50,99747,0.0023617905124881777,-0.007860525276985506,0.4267797527745195,5,development
adaptive_r0_mom_90_4_ma50,36412,0.0013965157391110075,-0.008825800050362676,0.44510051631330333,5,selection
adaptive_r0_mom_90_4_ma50,51143,0.002702903557971968,-0.007519412231501715,0.46023893788006176,5,holdout
adaptive_r0_mom_90_4_ma50,99724,0.005501015856750504,-0.00472129993272318,0.435943203240945,10,development
adaptive_r0_mom_90_4_ma50,36412,0.0022300993112028124,-0.00799221647827087,0.44941228166538505,10,selection
adaptive_r0_mom_90_4_ma50,51169,0.004984063135220685,-0.005238252654252999,0.46897535617268266,10,holdout
adaptive_r0_mom_90_4_ma50,99724,0.009285584909309972,-0.0009367308801637112,0.4362440335325498,20,development
adaptive_r0_mom_90_4_ma50,36412,0.0024664768994627573,-0.007755838890010926,0.44444139294738,20,selection
adaptive_r0_mom_90_4_ma50,50817,0.008718373524138118,-0.0015039422653355655,0.4655331877127733,20,holdout
adaptive_r0_mom_90_4_ma50,99726,0.01847483917087525,0.008252523381401568,0.4345306138820368,40,development
adaptive_r0_mom_90_4_ma50,36412,0.0026140265668819023,-0.007608289222591781,0.4472975941997144,40,selection
adaptive_r0_mom_90_4_ma50,50463,0.012826934135561876,0.0026046183460881923,0.4560965459841864,40,holdout
adaptive_r0_mom_90_4_ma100,119012,0.0016091071328186355,-0.008613208656655049,0.42464625415924445,5,development
adaptive_r0_mom_90_4_ma100,43861,0.0006446061189704565,-0.009577709670503228,0.4440619228927749,5,selection
adaptive_r0_mom_90_4_ma100,61258,0.002071848427541278,-0.008150467361932406,0.4569035881027784,5,holdout
adaptive_r0_mom_90_4_ma100,118989,0.0037330205377565655,-0.0064892952517171185,0.43272067165872474,10,development
adaptive_r0_mom_90_4_ma100,43861,0.0007290035230993477,-0.009493312266374336,0.44620505688424794,10,selection
adaptive_r0_mom_90_4_ma100,61275,0.004135153587940597,-0.006087162201533086,0.464936760505916,10,holdout
adaptive_r0_mom_90_4_ma100,119004,0.006550013241529725,-0.003672302547943958,0.43067459917313705,20,development
adaptive_r0_mom_90_4_ma100,43861,0.0011673124210465112,-0.009055003368427173,0.4421923804746814,20,selection
adaptive_r0_mom_90_4_ma100,61277,0.007657282683295232,-0.002565033106178452,0.46186986960849913,20,holdout
adaptive_r0_mom_90_4_ma100,118995,0.01369127479043106,0.003468959000957377,0.42753056851128196,40,development
adaptive_r0_mom_90_4_ma100,43861,0.002376670576820133,-0.007845645212653551,0.4460682610975582,40,selection
adaptive_r0_mom_90_4_ma100,61092,0.010914052850559665,0.0006917370610859813,0.4517612780724154,40,holdout
adaptive_r0_mom_90_4_ma200,113396,0.0020911752903578665,-0.008131140499115817,0.42763413171540443,5,development
adaptive_r0_mom_90_4_ma200,43037,0.0006630300722964237,-0.00955928571717726,0.44708041917419894,5,selection
adaptive_r0_mom_90_4_ma200,61352,0.0022212471529196405,-0.008001068636554042,0.46050658495240576,5,holdout
adaptive_r0_mom_90_4_ma200,113380,0.0047566950143344425,-0.005465620775139241,0.43736108661139533,10,development
adaptive_r0_mom_90_4_ma200,43037,0.0010475724892627782,-0.009174743300210906,0.4514487533982387,10,selection
adaptive_r0_mom_90_4_ma200,61369,0.004249255705690157,-0.005973060083783527,0.4683960957486679,10,holdout
adaptive_r0_mom_90_4_ma200,113377,0.008300669586391687,-0.0019216462030819965,0.4375314217169267,20,development
adaptive_r0_mom_90_4_ma200,43037,0.0021496055333701733,-0.00807271025610351,0.44715012663522086,20,selection
adaptive_r0_mom_90_4_ma200,61365,0.007766864585661026,-0.0024554512038126577,0.46453189929112687,20,holdout
adaptive_r0_mom_90_4_ma200,113370,0.018070999183482463,0.007848683394008779,0.4359442533298051,40,development
adaptive_r0_mom_90_4_ma200,43037,0.00360998775558342,-0.006612328033890264,0.4493110579269001,40,selection
adaptive_r0_mom_90_4_ma200,61180,0.010761423674730557,0.0005391078852568735,0.4530565544295521,40,holdout
adaptive_r0_mom_90_6_ma50,93206,0.0023496381839632333,-0.00787267760551045,0.42663562431603114,5,development
adaptive_r0_mom_90_6_ma50,33270,0.0013694206771896675,-0.008852895112284017,0.44478509167418095,5,selection
adaptive_r0_mom_90_6_ma50,47082,0.00264571999422896,-0.007576595795244724,0.46006966568964786,5,holdout
adaptive_r0_mom_90_6_ma50,93184,0.005597871563446387,-0.004624444226027297,0.43565418956043955,10,development
adaptive_r0_mom_90_6_ma50,33270,0.002135269098653488,-0.008087046690820195,0.44752028854824166,10,selection
adaptive_r0_mom_90_6_ma50,47102,0.005042474685934564,-0.005179841103539119,0.4690246698653985,10,holdout
adaptive_r0_mom_90_6_ma50,93181,0.009326668310559802,-0.0008956474789138819,0.43573260643264183,20,development
adaptive_r0_mom_90_6_ma50,33270,0.002295701741734935,-0.007926614047738749,0.44283137962128044,20,selection
adaptive_r0_mom_90_6_ma50,46769,0.008385384143592,-0.0018369316458816832,0.46517992687463916,20,holdout
adaptive_r0_mom_90_6_ma50,93185,0.018871620592044468,0.008649304802570784,0.434619305682245,40,development
adaptive_r0_mom_90_6_ma50,33270,0.0022168648941406854,-0.008005450895332998,0.44532611962729185,40,selection
adaptive_r0_mom_90_6_ma50,46446,0.012197936137121472,0.001975620347647788,0.45306377298367995,40,holdout
adaptive_r0_mom_90_6_ma100,110935,0.0015931233902578687,-0.008629192399215814,0.42475323387569297,5,development
adaptive_r0_mom_90_6_ma100,40038,0.000624539193515235,-0.009597776595958448,0.4442030071432139,5,selection
adaptive_r0_mom_90_6_ma100,56360,0.0020000200212746187,-0.008222295768199064,0.4566891412349184,5,holdout
adaptive_r0_mom_90_6_ma100,110912,0.0038116811621719876,-0.006410634627301696,0.4326312752452395,10,development
adaptive_r0_mom_90_6_ma100,40038,0.0005908218910261718,-0.009631493898447512,0.44465258004895347,10,selection
adaptive_r0_mom_90_6_ma100,56373,0.004118277501074626,-0.006104038288399057,0.46454863143703545,10,holdout
adaptive_r0_mom_90_6_ma100,110921,0.006478607865513845,-0.003743707923959838,0.43008086836577386,20,development
adaptive_r0_mom_90_6_ma100,40038,0.0009162198903231321,-0.009306095899150551,0.4401818272640991,20,selection
adaptive_r0_mom_90_6_ma100,56373,0.00728592367272855,-0.002936392116745134,0.4609830947439377,20,holdout
adaptive_r0_mom_90_6_ma100,110917,0.013927852793953576,0.0037055370044798922,0.4273014957130106,40,development
adaptive_r0_mom_90_6_ma100,40038,0.0021662690402513723,-0.008056046749222312,0.4442779359608372,40,selection
adaptive_r0_mom_90_6_ma100,56207,0.010051750460786355,-0.00017056532868732835,0.4482893589766399,40,holdout
adaptive_r0_mom_90_6_ma200,105756,0.00208344676751469,-0.008138869021958994,0.4274556526343659,5,development
adaptive_r0_mom_90_6_ma200,39427,0.0006330330527858311,-0.009589282736687852,0.4467243259695133,5,selection
adaptive_r0_mom_90_6_ma200,56269,0.002226111737728986,-0.007996204051744697,0.46057331745721447,5,holdout
adaptive_r0_mom_90_6_ma200,105740,0.004851989453991611,-0.005370326335482073,0.43677889162095707,10,development
adaptive_r0_mom_90_6_ma200,39427,0.0008740842384790296,-0.009348231550994655,0.44969183554417025,10,selection
adaptive_r0_mom_90_6_ma200,56287,0.0043100398346313665,-0.005912275954842317,0.46804768418995507,10,holdout
adaptive_r0_mom_90_6_ma200,105730,0.00824730306125944,-0.001975012728214244,0.4365364607963681,20,development
adaptive_r0_mom_90_6_ma200,39427,0.0019289019105495548,-0.00829341387892413,0.444847439571867,20,selection
adaptive_r0_mom_90_6_ma200,56278,0.007573588166915872,-0.0026487276225578118,0.4639468353530687,20,holdout
adaptive_r0_mom_90_6_ma200,105730,0.018347545512985734,0.00812522972351205,0.43550553296131655,40,development
adaptive_r0_mom_90_6_ma200,39427,0.0030777918358245245,-0.0071445239536491595,0.44644532934283615,40,selection
adaptive_r0_mom_90_6_ma200,56116,0.01010082411857823,-0.00012149167089545339,0.45004989664266876,40,holdout
adaptive_r0_mom_90_8_ma50,86964,0.002229512232582975,-0.007992803556890709,0.4254864081688975,5,development
adaptive_r0_mom_90_8_ma50,30304,0.0013135778418847637,-0.00890873794758892,0.44413278775079196,5,selection
adaptive_r0_mom_90_8_ma50,43368,0.0025750784247493327,-0.007647237364724351,0.45858697657258807,5,holdout
adaptive_r0_mom_90_8_ma50,86943,0.005389224292300539,-0.004833091497173144,0.434928631402183,10,development
adaptive_r0_mom_90_8_ma50,30304,0.0021189840929773836,-0.0081033316964963,0.44561774023231254,10,selection
adaptive_r0_mom_90_8_ma50,43383,0.004988980157696121,-0.005233335631777562,0.46744116358942445,10,holdout
adaptive_r0_mom_90_8_ma50,86946,0.009263543429191511,-0.0009587723602821722,0.4353851816069744,20,development
adaptive_r0_mom_90_8_ma50,30304,0.0020628436884763714,-0.008159472100997312,0.44136087645195354,20,selection
adaptive_r0_mom_90_8_ma50,43074,0.00834823028133523,-0.0018740855081384542,0.4637600408599155,20,holdout
adaptive_r0_mom_90_8_ma50,86948,0.019217274214714558,0.008994958425240875,0.43445507659750654,40,development
adaptive_r0_mom_90_8_ma50,30304,0.001943104828766797,-0.008279210960706886,0.4436708025343189,40,selection
adaptive_r0_mom_90_8_ma50,42780,0.011540568688751411,0.0013182528992777276,0.44981299672744274,40,holdout
adaptive_r0_mom_90_8_ma100,103352,0.0014466568179198286,-0.008775658971553855,0.42389116804706245,5,development
adaptive_r0_mom_90_8_ma100,36441,0.0005384377807538716,-0.009683878008719811,0.44340166296204825,5,selection
adaptive_r0_mom_90_8_ma100,51813,0.001954535603634682,-0.008267780185839001,0.45550344508135027,5,holdout
adaptive_r0_mom_90_8_ma100,103328,0.0036041595679139043,-0.006618156221559779,0.4318190616289873,10,development
adaptive_r0_mom_90_8_ma100,36441,0.00048473997185577417,-0.00973757581761791,0.44277050574901894,10,selection
adaptive_r0_mom_90_8_ma100,51823,0.004063718505657767,-0.006158597283815916,0.46303764737664743,10,holdout
adaptive_r0_mom_90_8_ma100,103345,0.006353897924608997,-0.0038684178648646867,0.4296869708258745,20,development
adaptive_r0_mom_90_8_ma100,36441,0.0006332047488436464,-0.009589111040630037,0.43859937981943414,20,selection
adaptive_r0_mom_90_8_ma100,51820,0.007276298713015881,-0.0029460170764578023,0.4598224623697414,20,holdout
adaptive_r0_mom_90_8_ma100,103339,0.014192383006833986,0.003970067217360302,0.4268088524177706,40,development
adaptive_r0_mom_90_8_ma100,36441,0.0020676485988319767,-0.008154667190641706,0.44249608956944103,40,selection
adaptive_r0_mom_90_8_ma100,51676,0.009271860278046237,-0.0009504555114274466,0.445100239956653,40,holdout
adaptive_r0_mom_90_8_ma200,98507,0.0019221532762474518,-0.008300162513226232,0.42622351711045914,5,development
adaptive_r0_mom_90_8_ma200,35948,0.0005978067596325814,-0.009624509029841102,0.4459218871703572,5,selection
adaptive_r0_mom_90_8_ma200,51592,0.002146068872045634,-0.008076246917428049,0.4591797177857032,5,holdout
adaptive_r0_mom_90_8_ma200,98492,0.004622602838293293,-0.00559971295118039,0.43548714616415546,10,development
adaptive_r0_mom_90_8_ma200,35948,0.0008051115702179593,-0.009417204219255725,0.44750751084900414,10,selection
adaptive_r0_mom_90_8_ma200,51607,0.004197005267648325,-0.006025310521825359,0.46565388416300113,10,holdout
adaptive_r0_mom_90_8_ma200,98489,0.008135448446173007,-0.002086867343300677,0.435916701357512,20,development
adaptive_r0_mom_90_8_ma200,35948,0.0017703860925539943,-0.008451929696919689,0.4426671859352398,20,selection
adaptive_r0_mom_90_8_ma200,51596,0.007413085537632954,-0.00280923025184073,0.46212884719745717,20,holdout
adaptive_r0_mom_90_8_ma200,98485,0.018632286506015765,0.008409970716542082,0.43505102299842613,40,development
adaptive_r0_mom_90_8_ma200,35948,0.0030534564285575007,-0.007168859360916183,0.4446144430844553,40,selection
adaptive_r0_mom_90_8_ma200,51457,0.008976104054781352,-0.0012462117346923318,0.4469945779971627,40,holdout
adaptive_r0_mom_90_12_ma50,75716,0.0020335474147768614,-0.008188768374696821,0.4241507739447409,5,development
adaptive_r0_mom_90_12_ma50,25105,0.0013428602616353143,-0.00887945552783837,0.4431388169687313,5,selection
adaptive_r0_mom_90_12_ma50,36707,0.002376510107444235,-0.007845805682029448,0.4551447952706568,5,holdout
adaptive_r0_mom_90_12_ma50,75700,0.005256996392338381,-0.004965319397135302,0.43472919418758255,10,development
adaptive_r0_mom_90_12_ma50,25105,0.00209098388092769,-0.008131331908545994,0.4425413264289982,10,selection
adaptive_r0_mom_90_12_ma50,36721,0.004629480631924464,-0.005592835157549219,0.46319544674709295,10,holdout
adaptive_r0_mom_90_12_ma50,75700,0.009151520274787722,-0.0010707955146859616,0.43479524438573314,20,development
adaptive_r0_mom_90_12_ma50,25105,0.0020415215232465794,-0.008180794266227105,0.4391953794064927,20,selection
adaptive_r0_mom_90_12_ma50,36456,0.007420824875370384,-0.0028014909141032994,0.4577572964669739,20,holdout
adaptive_r0_mom_90_12_ma50,75699,0.0202971090473294,0.010074793257855718,0.4337441709930118,40,development
adaptive_r0_mom_90_12_ma50,25105,0.001919455439560217,-0.008302860349913467,0.44262099183429593,40,selection
adaptive_r0_mom_90_12_ma50,36196,0.01018897407901719,-3.3341710456493215e-05,0.4440545916675876,40,holdout
adaptive_r0_mom_90_12_ma100,89552,0.0012851911545514478,-0.008937124634922236,0.4218889583705557,5,development
adaptive_r0_mom_90_12_ma100,29986,0.0004032695240530833,-0.0098190462654206,0.4410058027079304,5,selection
adaptive_r0_mom_90_12_ma100,43487,0.0017100975569682734,-0.00851221823250541,0.45190516706142064,5,holdout
adaptive_r0_mom_90_12_ma100,89531,0.003412805300460666,-0.006809510489013017,0.4309010286939719,10,development
adaptive_r0_mom_90_12_ma100,29986,0.0001493488927842057,-0.010072966896689477,0.4386046821850197,10,selection
adaptive_r0_mom_90_12_ma100,43498,0.003676093720603474,-0.006546222068870209,0.45854981838245434,10,holdout
adaptive_r0_mom_90_12_ma100,89545,0.006090268745665197,-0.004132047043808486,0.42853313976213075,20,development
adaptive_r0_mom_90_12_ma100,29986,6.050012845838749e-05,-0.010161815661015296,0.43520309477756286,20,selection
adaptive_r0_mom_90_12_ma100,43497,0.006478291809488883,-0.0037440239799848007,0.453870381865416,20,holdout
adaptive_r0_mom_90_12_ma100,89534,0.014786949146681154,0.00456463335720747,0.4250787410369245,40,development
adaptive_r0_mom_90_12_ma100,29986,0.001733182766112995,-0.008489133023360688,0.4406056159541119,40,selection
adaptive_r0_mom_90_12_ma100,43367,0.008239092594299759,-0.001983223195173925,0.44141859017225077,40,holdout
adaptive_r0_mom_90_12_ma200,85689,0.0017873051543227788,-0.008435010635150904,0.42432517592689845,5,development
adaptive_r0_mom_90_12_ma200,29682,0.00047552209163465254,-0.009746793697839031,0.44286099319452865,5,selection
adaptive_r0_mom_90_12_ma200,43154,0.0019214808221771624,-0.00830083496729652,0.45509106919404924,5,holdout
adaptive_r0_mom_90_12_ma200,85675,0.004560995603327411,-0.005661320186146273,0.43480595272833383,10,development
adaptive_r0_mom_90_12_ma200,29682,0.0004393214586239964,-0.009782994330849688,0.44235563641264064,10,selection
adaptive_r0_mom_90_12_ma200,43166,0.003780460227740497,-0.006441855561733187,0.46047815410276605,10,holdout
adaptive_r0_mom_90_12_ma200,85673,0.008110319794079822,-0.0021119959953938613,0.4349211536890269,20,development
adaptive_r0_mom_90_12_ma200,29682,0.0012209277857246701,-0.009001388003749014,0.43895290074792803,20,selection
adaptive_r0_mom_90_12_ma200,43161,0.0064742166896815095,-0.003748099099792174,0.4553184587938185,20,holdout
adaptive_r0_mom_90_12_ma200,85666,0.019395573776172362,0.009173257986698678,0.4336959820698994,40,development
adaptive_r0_mom_90_12_ma200,29682,0.002673292728084485,-0.007549023061389199,0.4428946836466545,40,selection
adaptive_r0_mom_90_12_ma200,43033,0.007500010972882326,-0.002722304816591358,0.44210257244440315,40,holdout
adaptive_r0_mom_120_0_ma50,108490,0.002371113823170665,-0.007851201966303019,0.4292838049589824,5,development
adaptive_r0_mom_120_0_ma50,41260,0.001461863968045199,-0.008760451821428485,0.4475036354823073,5,selection
adaptive_r0_mom_120_0_ma50,56676,0.0026025116502295734,-0.00761980413924411,0.45996541746065356,5,holdout
adaptive_r0_mom_120_0_ma50,108453,0.005598882531775435,-0.004623433257698249,0.4387522705688178,10,development
adaptive_r0_mom_120_0_ma50,41260,0.0027049135911458564,-0.0075174021983278275,0.4527629665535628,10,selection
adaptive_r0_mom_120_0_ma50,56696,0.00485796423249016,-0.005364351556983523,0.46918653873289123,10,holdout
adaptive_r0_mom_120_0_ma50,108459,0.010194899110897857,-2.741667857582633e-05,0.4413280594510368,20,development
adaptive_r0_mom_120_0_ma50,41260,0.0040846217185075495,-0.006137694070966134,0.4500242365487155,20,selection
adaptive_r0_mom_120_0_ma50,56197,0.008627991048840338,-0.0015943247406333457,0.4685481431393135,20,holdout
adaptive_r0_mom_120_0_ma50,108479,0.02069219493172044,0.010469879142246757,0.4446206178154297,40,development
adaptive_r0_mom_120_0_ma50,41260,0.006842495127855797,-0.0033798206616178867,0.45334464372273386,40,selection
adaptive_r0_mom_120_0_ma50,55795,0.014206745303478367,0.003984429514004684,0.45986199480240164,40,holdout
adaptive_r0_mom_120_0_ma100,123974,0.0018543223547986278,-0.008367993434675055,0.4281784890380241,5,development
adaptive_r0_mom_120_0_ma100,47096,0.0008857123100485623,-0.009336603479425122,0.44725666723288604,5,selection
adaptive_r0_mom_120_0_ma100,65498,0.002337994745720261,-0.007884321043753422,0.4585483526214541,5,holdout
adaptive_r0_mom_120_0_ma100,123948,0.004377214789689212,-0.005845100999784471,0.4371429954497047,10,development
adaptive_r0_mom_120_0_ma100,47096,0.0016540921352920911,-0.008568223654181592,0.4505053507728894,10,selection
adaptive_r0_mom_120_0_ma100,65509,0.0047763362928566495,-0.005445979496617034,0.46846998122395395,10,holdout
adaptive_r0_mom_120_0_ma100,123963,0.008397394344295591,-0.0018249214451780925,0.438421141792309,20,development
adaptive_r0_mom_120_0_ma100,47096,0.0034440471380186542,-0.006778268651455029,0.45078138270766094,20,selection
adaptive_r0_mom_120_0_ma100,65504,0.008400891022593476,-0.0018214247668802072,0.4673607718612604,20,holdout
adaptive_r0_mom_120_0_ma100,123967,0.017505730121674886,0.0072834143322012025,0.43996386135019805,40,development
adaptive_r0_mom_120_0_ma100,47096,0.006669568459330412,-0.0035527473301432714,0.4546033633429591,40,selection
adaptive_r0_mom_120_0_ma100,65313,0.012429105489728679,0.0022067897002549953,0.4569228178157488,40,holdout
adaptive_r0_mom_120_0_ma200,133716,0.0018057171401594683,-0.008416598649314214,0.42846779742140056,5,development
adaptive_r0_mom_120_0_ma200,52175,0.0007358112563382884,-0.009486504533135395,0.44695735505510303,5,selection
adaptive_r0_mom_120_0_ma200,73813,0.002050534671137024,-0.00817178111833666,0.4581442293362958,5,holdout
adaptive_r0_mom_120_0_ma200,133692,0.004134110498886012,-0.006088205290587671,0.4382535978218592,10,development
adaptive_r0_mom_120_0_ma200,52175,0.0014464498881475087,-0.008775865901326174,0.4537038811691423,10,selection
adaptive_r0_mom_120_0_ma200,73820,0.003908022435268596,-0.0063142933542050875,0.4677594147927391,10,holdout
adaptive_r0_mom_120_0_ma200,133697,0.007905576191557923,-0.0023167395979157603,0.44022678145358535,20,development
adaptive_r0_mom_120_0_ma200,52175,0.003177239012657667,-0.007045076776816017,0.45456636320076665,20,selection
adaptive_r0_mom_120_0_ma200,73814,0.00717426083171086,-0.0030480549577628236,0.4642344270734549,20,holdout
adaptive_r0_mom_120_0_ma200,133713,0.017123830169891593,0.00690151438041791,0.44137069694046205,40,development
adaptive_r0_mom_120_0_ma200,52175,0.006175538322264945,-0.004046777467208738,0.45874460948730234,40,selection
adaptive_r0_mom_120_0_ma200,73584,0.01178811817614173,0.0015658023866680464,0.4553435529462927,40,holdout
adaptive_r0_mom_120_2_ma50,102966,0.0024023572610209704,-0.007819958528452714,0.42908338674902397,5,development
adaptive_r0_mom_120_2_ma50,38743,0.0015505895988653408,-0.008671726190608343,0.4484422992540588,5,selection
adaptive_r0_mom_120_2_ma50,53580,0.002691688016362127,-0.007530627773111556,0.46132885405001867,5,holdout
adaptive_r0_mom_120_2_ma50,102929,0.005807680041632744,-0.0044146357478409394,0.4394582673493379,10,development
adaptive_r0_mom_120_2_ma50,38743,0.0028758592213235573,-0.007346456568150126,0.45352708876442194,10,selection
adaptive_r0_mom_120_2_ma50,53598,0.0050280165400364025,-0.005194299249437281,0.47113698272323595,10,holdout
adaptive_r0_mom_120_2_ma50,102938,0.010572844451235788,0.00035052866176210444,0.442227360158542,20,development
adaptive_r0_mom_120_2_ma50,38743,0.004355835431729628,-0.005866480357744055,0.45239139973672665,20,selection
adaptive_r0_mom_120_2_ma50,53114,0.008755614045843324,-0.0014667017436303595,0.46906653612983396,20,holdout
adaptive_r0_mom_120_2_ma50,102955,0.02150327063579997,0.011280954846326286,0.44507794667573214,40,development
adaptive_r0_mom_120_2_ma50,38743,0.0071764286630999225,-0.003045887126373761,0.4544304777637251,40,selection
adaptive_r0_mom_120_2_ma50,52733,0.014202743626093025,0.0039804278366193414,0.4606223806724442,40,holdout
adaptive_r0_mom_120_2_ma100,118244,0.001851705892528329,-0.008370609896945354,0.4279625181827408,5,development
adaptive_r0_mom_120_2_ma100,44539,0.0009477310927790149,-0.009274584696694668,0.44763016682009027,5,selection
adaptive_r0_mom_120_2_ma100,62239,0.002373045047433809,-0.007849270742039874,0.4593743472742171,5,holdout
adaptive_r0_mom_120_2_ma100,118217,0.0045110532060786915,-0.005711262583394992,0.43747515162793843,10,development
adaptive_r0_mom_120_2_ma100,44539,0.0017436165455835726,-0.00847869924389011,0.4504142436965356,10,selection
adaptive_r0_mom_120_2_ma100,62248,0.004855054544329885,-0.005367261245143798,0.46968577303688475,10,holdout
adaptive_r0_mom_120_2_ma100,118235,0.008664007376308746,-0.0015583084131649376,0.43914238592633315,20,development
adaptive_r0_mom_120_2_ma100,44539,0.0036337192992392225,-0.006588596490234461,0.45223287455937494,20,selection
adaptive_r0_mom_120_2_ma100,62247,0.008421925776837985,-0.0018003900126356987,0.46749240927273605,20,holdout
adaptive_r0_mom_120_2_ma100,118235,0.018174845809644947,0.007952530020171263,0.4401488560916818,40,development
adaptive_r0_mom_120_2_ma100,44539,0.0068914473770552345,-0.003330868412418449,0.45503940366869483,40,selection
adaptive_r0_mom_120_2_ma100,62066,0.012291006656587784,0.0020686908671141008,0.4572390680888087,40,holdout
adaptive_r0_mom_120_2_ma200,127737,0.0017825117379425962,-0.008439804051531087,0.4279652723956254,5,development
adaptive_r0_mom_120_2_ma200,49595,0.0007606494457552946,-0.00946166634371839,0.4469402157475552,5,selection
adaptive_r0_mom_120_2_ma200,70293,0.0020345362477630622,-0.008187779541710622,0.45848092982231514,5,holdout
adaptive_r0_mom_120_2_ma200,127713,0.004217999568053716,-0.006004316221419967,0.4383265603345,10,development
adaptive_r0_mom_120_2_ma200,49595,0.001491878664958137,-0.008730437124515546,0.4536949289242867,10,selection
adaptive_r0_mom_120_2_ma200,70300,0.003934453487310397,-0.0062878623021632865,0.4680512091038407,10,holdout
adaptive_r0_mom_120_2_ma200,127718,0.008113601078197492,-0.002108714711276192,0.4406661551230054,20,development
adaptive_r0_mom_120_2_ma200,49595,0.003428947287837479,-0.006793368501636204,0.45575158786167963,20,selection
adaptive_r0_mom_120_2_ma200,70296,0.007116432797375509,-0.0031058829920981744,0.4639382041652441,20,holdout
adaptive_r0_mom_120_2_ma200,127732,0.01772710568136058,0.0075047898918868955,0.44135377196004133,40,development
adaptive_r0_mom_120_2_ma200,49595,0.006507236278730411,-0.003715079510743273,0.45972376247605606,40,selection
adaptive_r0_mom_120_2_ma200,70082,0.011529286553857602,0.0013069707643839183,0.4554521845837733,40,holdout
adaptive_r0_mom_120_4_ma50,96981,0.002369361521193529,-0.007852954268280154,0.4296511687856384,5,development
adaptive_r0_mom_120_4_ma50,35832,0.0017020704078144298,-0.008520245381659254,0.4500446528242911,5,selection
adaptive_r0_mom_120_4_ma50,50170,0.0027791039451113735,-0.00744321184436231,0.4611720151484951,5,holdout
adaptive_r0_mom_120_4_ma50,96948,0.00590014341234554,-0.004322172377128144,0.4399265585674795,10,development
adaptive_r0_mom_120_4_ma50,35832,0.0030927161026564737,-0.007129599686817209,0.4540354989953114,10,selection
adaptive_r0_mom_120_4_ma50,50187,0.005156560618831923,-0.00506575517064176,0.4714766772271704,10,holdout
adaptive_r0_mom_120_4_ma50,96956,0.010796831692027806,0.0005745159025541229,0.44266471389083706,20,development
adaptive_r0_mom_120_4_ma50,35832,0.004344997490800342,-0.005877318298673342,0.4528075463273052,20,selection
adaptive_r0_mom_120_4_ma50,49723,0.008958269731288843,-0.0012640460581848402,0.4692194758964664,20,holdout
adaptive_r0_mom_120_4_ma50,96972,0.02223974372637942,0.012017427936905738,0.4452316132491853,40,development
adaptive_r0_mom_120_4_ma50,35832,0.006737948516957608,-0.003484367272516075,0.45328198258539854,40,selection
adaptive_r0_mom_120_4_ma50,49359,0.014509532919789932,0.0042872171303162485,0.4608075528272453,40,holdout
adaptive_r0_mom_120_4_ma100,111817,0.0017693752364533522,-0.008452940553020332,0.4280297271434576,5,development
adaptive_r0_mom_120_4_ma100,41538,0.001035162399764936,-0.009187153389708748,0.44891424719533923,5,selection
adaptive_r0_mom_120_4_ma100,58447,0.002437824466801278,-0.0077844913226724054,0.4594247780040036,5,holdout
adaptive_r0_mom_120_4_ma100,111790,0.004521054474488516,-0.005701261314985167,0.4375167725199034,10,development
adaptive_r0_mom_120_4_ma100,41538,0.0018273908872082046,-0.00839492490226548,0.4511772353026145,10,selection
adaptive_r0_mom_120_4_ma100,58455,0.0049421351186005715,-0.005280180670873112,0.4695919938414165,10,holdout
adaptive_r0_mom_120_4_ma100,111811,0.008781965762346028,-0.001440350027127656,0.43877614903721457,20,development
adaptive_r0_mom_120_4_ma100,41538,0.00350012371782974,-0.0067221920716439435,0.4525013240887862,20,selection
adaptive_r0_mom_120_4_ma100,58452,0.008574699049781996,-0.0016476167396916874,0.4672722917949771,20,holdout
adaptive_r0_mom_120_4_ma100,111809,0.018617829327275605,0.008395513537801921,0.43948161597009183,40,development
adaptive_r0_mom_120_4_ma100,41538,0.0063989871261740045,-0.003823328663299679,0.4532476286773557,40,selection
adaptive_r0_mom_120_4_ma100,58282,0.012386056567159917,0.002163740777686234,0.4566418448234446,40,holdout
adaptive_r0_mom_120_4_ma200,120538,0.0016862349081277863,-0.008536080881345897,0.42756641059251027,5,development
adaptive_r0_mom_120_4_ma200,46315,0.0008251974197221148,-0.009397118369751569,0.44704739285328726,5,selection
adaptive_r0_mom_120_4_ma200,65846,0.0020815792778889975,-0.008140736511584687,0.4584940619020138,5,holdout
adaptive_r0_mom_120_4_ma200,120509,0.004196145689447812,-0.006026170100025871,0.43791749993776397,10,development
adaptive_r0_mom_120_4_ma200,46315,0.0014976424536353341,-0.008724673335838349,0.4525315772427939,10,selection
adaptive_r0_mom_120_4_ma200,65850,0.004022656582390193,-0.006199659207083491,0.4674563401670463,10,holdout
adaptive_r0_mom_120_4_ma200,120517,0.008185054264209998,-0.0020372615252636853,0.440128778512575,20,development
adaptive_r0_mom_120_4_ma200,46315,0.003334131253852276,-0.006888184535621407,0.4551009392205549,20,selection
adaptive_r0_mom_120_4_ma200,65843,0.007285457476653957,-0.0029368583128197264,0.46399769147821335,20,holdout
adaptive_r0_mom_120_4_ma200,120530,0.018185194194980898,0.007962878405507214,0.44064548245250146,40,development
adaptive_r0_mom_120_4_ma200,46315,0.006340375905947643,-0.0038819398835260406,0.45743279714995144,40,selection
adaptive_r0_mom_120_4_ma200,65648,0.01162855922345311,0.0014062434339794268,0.45513953204971974,40,holdout
adaptive_r0_mom_120_6_ma50,91344,0.0023670693927553494,-0.007855246396718335,0.4297271851462603,5,development
adaptive_r0_mom_120_6_ma50,33079,0.001764771141548628,-0.008457544647925055,0.4500438344569062,5,selection
adaptive_r0_mom_120_6_ma50,46952,0.002821966172727843,-0.007400349616745841,0.4611305162719373,5,holdout
adaptive_r0_mom_120_6_ma50,91316,0.005881545218279823,-0.00434077057119386,0.4396162775417232,10,development
adaptive_r0_mom_120_6_ma50,33079,0.0032385407316104747,-0.006983775057863208,0.45394358958856074,10,selection
adaptive_r0_mom_120_6_ma50,46967,0.005174491938462449,-0.0050478238510112345,0.47069218813209274,10,holdout
adaptive_r0_mom_120_6_ma50,91321,0.010827296911609363,0.0006049811221356793,0.44253786095202635,20,development
adaptive_r0_mom_120_6_ma50,33079,0.004432816438548826,-0.005789499350924858,0.4510716768947066,20,selection
adaptive_r0_mom_120_6_ma50,46529,0.00882453169513884,-0.001397784094334843,0.46760085108212085,20,holdout
adaptive_r0_mom_120_6_ma50,91334,0.022449449817851488,0.012227134028377804,0.4449274092889833,40,development
adaptive_r0_mom_120_6_ma50,33079,0.0070356810206500696,-0.003186634768823614,0.45306690045043685,40,selection
adaptive_r0_mom_120_6_ma50,46192,0.014196941296498507,0.003974625507024824,0.4585642535503983,40,holdout
adaptive_r0_mom_120_6_ma100,105633,0.0017538001720583643,-0.00846851561741532,0.42808592011965957,5,development
adaptive_r0_mom_120_6_ma100,38546,0.0010345960198136937,-0.009187719769659989,0.44878846054065274,5,selection
adaptive_r0_mom_120_6_ma100,54772,0.0025172489954025552,-0.007705066794071128,0.45979697655736507,5,holdout
adaptive_r0_mom_120_6_ma100,105605,0.004485785812520487,-0.005736529976953197,0.4373751242838881,10,development
adaptive_r0_mom_120_6_ma100,38546,0.0019351679242327869,-0.008287147865240896,0.4519794531209464,10,selection
adaptive_r0_mom_120_6_ma100,54783,0.00500935699631016,-0.005212958793163524,0.46897760254093424,10,holdout
adaptive_r0_mom_120_6_ma100,105625,0.008744946654884187,-0.0014773691345894967,0.43844733727810653,20,development
adaptive_r0_mom_120_6_ma100,38546,0.0035449218665631185,-0.006677393922910565,0.4514865355678929,20,selection
adaptive_r0_mom_120_6_ma100,54776,0.008486505048895277,-0.0017358107405784067,0.46589747334599096,20,holdout
adaptive_r0_mom_120_6_ma100,105621,0.018626811704315488,0.008404495914841804,0.4389468003522027,40,development
adaptive_r0_mom_120_6_ma100,38546,0.006686501063837368,-0.0035358147256363158,0.45291340216883724,40,selection
adaptive_r0_mom_120_6_ma100,54620,0.012147072802543329,0.0019247570130696452,0.45454046136946175,40,holdout
adaptive_r0_mom_120_6_ma200,113546,0.0016348114729326014,-0.008587504316541083,0.42748313458862486,5,development
adaptive_r0_mom_120_6_ma200,42914,0.0008192634348915682,-0.009403052354582116,0.4465908561308664,5,selection
adaptive_r0_mom_120_6_ma200,61389,0.002179308903465223,-0.008043006886008461,0.4589747348873577,5,holdout
adaptive_r0_mom_120_6_ma200,113520,0.004084976362629456,-0.006137339426844228,0.43713002114164906,10,development
adaptive_r0_mom_120_6_ma200,42914,0.0015178478807656207,-0.008704467908708062,0.4518805051964394,10,selection
adaptive_r0_mom_120_6_ma200,61396,0.0040663787294036545,-0.006155937060070029,0.4671639846244055,10,holdout
adaptive_r0_mom_120_6_ma200,113527,0.008048774765957332,-0.0021735410235163514,0.4392699534031552,20,development
adaptive_r0_mom_120_6_ma200,42914,0.003382202614626334,-0.006840113174847349,0.4535815817681875,20,selection
adaptive_r0_mom_120_6_ma200,61385,0.007194227635168756,-0.0030280881543049273,0.46286552089272626,20,holdout
adaptive_r0_mom_120_6_ma200,113537,0.018166135035357966,0.007943819245884283,0.43975972590433077,40,development
adaptive_r0_mom_120_6_ma200,42914,0.006749529872608867,-0.0034727859168648166,0.45619145267278743,40,selection
adaptive_r0_mom_120_6_ma200,61206,0.011300113016198026,0.0010777972267243426,0.4531908636408195,40,holdout
adaptive_r0_mom_120_8_ma50,86068,0.0023002626259700175,-0.007922053163503666,0.4291374262211275,5,development
adaptive_r0_mom_120_8_ma50,30605,0.0018554307593486767,-0.008366885030125008,0.4509067145891194,5,selection
adaptive_r0_mom_120_8_ma50,43818,0.0028096252815048603,-0.007412690507968823,0.4605185083755534,5,holdout
adaptive_r0_mom_120_8_ma50,86039,0.005899267889708443,-0.004323047899765241,0.43907995211473866,10,development
adaptive_r0_mom_120_8_ma50,30605,0.003370888160349444,-0.006851427629124239,0.4534879921581441,10,selection
adaptive_r0_mom_120_8_ma50,43838,0.005193716665681968,-0.0050285991237917155,0.470687531365482,10,holdout
adaptive_r0_mom_120_8_ma50,86042,0.010883584915893705,0.0006612691264200211,0.44120313335347855,20,development
adaptive_r0_mom_120_8_ma50,30605,0.004460788109360971,-0.0057615276801127125,0.44930566900833196,20,selection
adaptive_r0_mom_120_8_ma50,43428,0.008984617520898767,-0.0012376982685749164,0.46681864235055726,20,holdout
adaptive_r0_mom_120_8_ma50,86056,0.02298739357816392,0.012765077788690238,0.4445709770382077,40,development
adaptive_r0_mom_120_8_ma50,30605,0.007172226461786328,-0.0030500893276873553,0.45051462179382457,40,selection
adaptive_r0_mom_120_8_ma50,43117,0.014589423368737978,0.004367107579264295,0.4567108101212979,40,holdout
adaptive_r0_mom_120_8_ma100,99760,0.001708122167559629,-0.008514193621914055,0.427766639935846,5,development
adaptive_r0_mom_120_8_ma100,35738,0.0010909824510284417,-0.009131333338445242,0.4498852761766187,5,selection
adaptive_r0_mom_120_8_ma100,51174,0.0025625609445760963,-0.007659754844897587,0.4597451831007934,5,holdout
adaptive_r0_mom_120_8_ma100,99736,0.004492791719850448,-0.005729524069623236,0.43692347798187214,10,development
adaptive_r0_mom_120_8_ma100,35738,0.00204242779024196,-0.008179887999231724,0.4522077340645811,10,selection
adaptive_r0_mom_120_8_ma100,51186,0.005036496498583205,-0.005185819290890479,0.46911264798968466,10,holdout
adaptive_r0_mom_120_8_ma100,99750,0.008757187898962565,-0.001465127890511118,0.43738345864661654,20,development
adaptive_r0_mom_120_8_ma100,35738,0.003542352818525878,-0.006679962970947806,0.4501930718003246,20,selection
adaptive_r0_mom_120_8_ma100,51182,0.008600681160091958,-0.0016216346293817258,0.46537845336251027,20,holdout
adaptive_r0_mom_120_8_ma100,99747,0.019086245457821793,0.008863929668348109,0.4385395049475172,40,development
adaptive_r0_mom_120_8_ma100,35738,0.0068445349172861795,-0.003377780872187504,0.45022105322066147,40,selection
adaptive_r0_mom_120_8_ma100,51039,0.01232334412810424,0.002101028338630557,0.45298693156213876,40,holdout
adaptive_r0_mom_120_8_ma200,106858,0.0016070903019622582,-0.008615225487511426,0.4273428288008385,5,development
adaptive_r0_mom_120_8_ma200,39754,0.0008434732859820543,-0.009378842503491629,0.4468984253156915,5,selection
adaptive_r0_mom_120_8_ma200,57034,0.002191827889493557,-0.008030487899980126,0.4589367745555283,5,holdout
adaptive_r0_mom_120_8_ma200,106834,0.004091867079005421,-0.0061304487104682625,0.43649025591103957,10,development
adaptive_r0_mom_120_8_ma200,39754,0.0016061158341964536,-0.00861619995527723,0.45152689037581123,10,selection
adaptive_r0_mom_120_8_ma200,57042,0.0040997518983159975,-0.006122563891157686,0.4675151642649276,10,holdout
adaptive_r0_mom_120_8_ma200,106836,0.008097757674420673,-0.002124558115053011,0.43794226665169045,20,development
adaptive_r0_mom_120_8_ma200,39754,0.0033694286008872695,-0.006852887188586414,0.4518035920913619,20,selection
adaptive_r0_mom_120_8_ma200,57034,0.007286361692282648,-0.0029359540971910358,0.46223305396780867,20,holdout
adaptive_r0_mom_120_8_ma200,106849,0.018611979476247244,0.00838966368677356,0.43899334574960924,40,development
adaptive_r0_mom_120_8_ma200,39754,0.006894254713720121,-0.0033280610757535625,0.45311163656487397,40,selection
adaptive_r0_mom_120_8_ma200,56875,0.011419384262555617,0.0011970684730819338,0.451410989010989,40,holdout
adaptive_r0_mom_120_12_ma50,76238,0.0022990147678011506,-0.007923301021672532,0.4271229570555366,5,development
adaptive_r0_mom_120_12_ma50,26243,0.0019910932804401973,-0.008231222509033485,0.45162519529017264,5,selection
adaptive_r0_mom_120_12_ma50,38112,0.0028191049575939224,-0.007403210831879762,0.4591729638958858,5,holdout
adaptive_r0_mom_120_12_ma50,76212,0.00601776421812723,-0.004204551571346454,0.43710964152626886,10,development
adaptive_r0_mom_120_12_ma50,26243,0.003752595498680718,-0.006469720290792966,0.4539496246618146,10,selection
adaptive_r0_mom_120_12_ma50,38128,0.004962940930606421,-0.005259374858867263,0.46897293327738143,10,holdout
adaptive_r0_mom_120_12_ma50,76215,0.01133029655459702,0.001107980765123336,0.4394935380174506,20,development
adaptive_r0_mom_120_12_ma50,26243,0.004595608359605976,-0.005626707429867707,0.4444994855771063,20,selection
adaptive_r0_mom_120_12_ma50,37770,0.008842275769645434,-0.0013800400198282492,0.46317182949430763,20,holdout
adaptive_r0_mom_120_12_ma50,76224,0.02416622742370669,0.013943911634233006,0.442078610411419,40,development
adaptive_r0_mom_120_12_ma50,26243,0.005371896958790705,-0.004850418830682979,0.44354685058872845,40,selection
adaptive_r0_mom_120_12_ma50,37492,0.014742353855349185,0.004520038065875502,0.4517230342473061,40,holdout
adaptive_r0_mom_120_12_ma100,88665,0.0016988684441842038,-0.00852344734528948,0.42596289403936166,5,development
adaptive_r0_mom_120_12_ma100,30815,0.0010540958048975712,-0.009168219984576112,0.4495862404673049,5,selection
adaptive_r0_mom_120_12_ma100,44507,0.002648285545355887,-0.007574030244117796,0.45981530995124364,5,holdout
adaptive_r0_mom_120_12_ma100,88641,0.004591772022394153,-0.00563054376707953,0.4355095271939622,10,development
adaptive_r0_mom_120_12_ma100,30815,0.002120900136352595,-0.00810141565312109,0.4512737303261399,10,selection
adaptive_r0_mom_120_12_ma100,44516,0.00495632509304295,-0.005265990696430733,0.46873034414592507,10,holdout
adaptive_r0_mom_120_12_ma100,88655,0.009091536578829646,-0.001130779210644037,0.4359032203485421,20,development
adaptive_r0_mom_120_12_ma100,30815,0.003213224220020705,-0.007009091569452978,0.4439396397858186,20,selection
adaptive_r0_mom_120_12_ma100,44510,0.008681097531093057,-0.0015412182583806264,0.46378341945630197,20,holdout
adaptive_r0_mom_120_12_ma100,88647,0.020130301827853414,0.00990798603837973,0.4363825058941645,40,development
adaptive_r0_mom_120_12_ma100,30815,0.005408749893730616,-0.004813565895743068,0.44380983287360054,40,selection
adaptive_r0_mom_120_12_ma100,44382,0.012582628872957882,0.002360313083484198,0.4507908611599297,40,holdout
adaptive_r0_mom_120_12_ma200,94605,0.0016469932832930772,-0.008575322506180606,0.4254320596162994,5,development
adaptive_r0_mom_120_12_ma200,34088,0.000814708682799709,-0.009407607106673975,0.44596338887585074,5,selection
adaptive_r0_mom_120_12_ma200,48960,0.002307494983740606,-0.007914820805733077,0.4589256535947712,5,holdout
adaptive_r0_mom_120_12_ma200,94582,0.004258252445495137,-0.0059640633439785465,0.43522023217948447,10,development
adaptive_r0_mom_120_12_ma200,34088,0.001632174092354137,-0.008590141697119547,0.4507157944144567,10,selection
adaptive_r0_mom_120_12_ma200,48967,0.00405331874341602,-0.006168997046057664,0.46721261257581637,10,holdout
adaptive_r0_mom_120_12_ma200,94588,0.008635518279561648,-0.0015867975099120354,0.437486784792997,20,development
adaptive_r0_mom_120_12_ma200,34088,0.0031892915561680347,-0.007033024233305649,0.44584604552921847,20,selection
adaptive_r0_mom_120_12_ma200,48957,0.00736686968650319,-0.0028554461029704934,0.4607104193475907,20,holdout
adaptive_r0_mom_120_12_ma200,94593,0.019686901370037018,0.009464585580563335,0.43784423794572536,40,development
adaptive_r0_mom_120_12_ma200,34088,0.005809872037422888,-0.004412443752050795,0.44663811311898616,40,selection
adaptive_r0_mom_120_12_ma200,48817,0.011564714627453537,0.0013423988379798538,0.4492492369461458,40,holdout
