variant,variant_id,family,horizon_days,dev_net_mean,dev_pf,dev_obs,sel_net_mean,sel_pf,sel_win_rate,sel_obs,sel_tpm,selection_stability,params,dev_rank,sel_rank,pf_rank,stability_rank,frequency_fit,screen_score,positive_selection_signal
breakout_b60_vr1.5_ma100_vc0.7,bb1c4eb2b5799c0e,breakout,15,-0.0021843846591221338,0.9389181567730125,413,0.035528768434167336,1.7661323337847743,0.45434298440979953,449,12.48076484018265,-0.0021843846591221338,"{""breakout"": 60, ""contraction"": 0.7, ""trend"": ""ma100"", ""volume_ratio"": 1.5}",0.9481481481481482,0.9925925925925926,0.9925925925925926,0.9666666666666667,0.9984623705799358,0.977253644465401,False
breakout_b60_vr1.5_ma50_vc0.7,c736eeb9a0dd03a0,breakout,15,-0.002252444356292045,0.9371577159707873,429,0.035771726620122166,1.7789306267304308,0.4583333333333333,456,12.675342465753426,-0.002252444356292045,"{""breakout"": 60, ""contraction"": 0.7, ""trend"": ""ma50"", ""volume_ratio"": 1.5}",0.9462962962962963,0.9944444444444445,0.9962962962962963,0.9648148148148148,0.98607052826187,0.9764774231965574,False
breakout_b60_vr1.5_ma50_vc0.7,c736eeb9a0dd03a0,breakout,20,0.0002916805057065792,1.0070271647757962,428,0.029861045157549115,1.5974808541043282,0.4451754385964912,456,12.675342465753426,0.0002916805057065792,"{""breakout"": 60, ""contraction"": 0.7, ""trend"": ""ma50"", ""volume_ratio"": 1.5}",0.9685185185185186,0.9740740740740741,0.9722222222222222,0.9777777777777777,0.98607052826187,0.9736996454187795,True
breakout_b60_vr1.5_ma100_vc0.7,bb1c4eb2b5799c0e,breakout,20,-0.00018686268006920336,0.9955226680856695,412,0.02933876228932977,1.5810465717326778,0.44097995545657015,449,12.48076484018265,-0.00018686268006920336,"{""breakout"": 60, ""contraction"": 0.7, ""trend"": ""ma100"", ""volume_ratio"": 1.5}",0.9648148148148148,0.9722222222222222,0.9648148148148148,0.9740740740740741,0.9984623705799358,0.9716980889098453,False
breakout_b60_vr2_ma50_vc0.7,b7b98811d0ee7911,breakout,20,0.004118663611179342,1.1019501953184674,281,0.03521118858018753,1.6596325132555678,0.45565749235474007,327,9.089554794520549,0.004118663611179342,"{""breakout"": 60, ""contraction"": 0.7, ""trend"": ""ma50"", ""volume_ratio"": 2.0}",0.9925925925925926,0.9907407407407407,0.9796296296296296,0.9962962962962963,0.7612179090557774,0.9672329020166888,True
breakout_b60_vr2_ma100_vc0.7,4ef4749189394140,breakout,20,0.004154317715517655,1.1036146658168684,269,0.03436364826188061,1.635880348120569,0.44891640866873067,323,8.978367579908676,0.004154317715517655,"{""breakout"": 60, ""contraction"": 0.7, ""trend"": ""ma100"", ""volume_ratio"": 2.0}",0.9944444444444445,0.9888888888888889,0.975925925925926,0.9981481481481481,0.7544769180605196,0.9660958399542,True
breakout_b60_vr1.5_ma100_vc0.7,bb1c4eb2b5799c0e,breakout,30,-0.0010101703674245666,0.9822418325139123,413,0.02521636136590072,1.4455215466305587,0.46993318485523383,449,12.48076484018265,-0.0010101703674245666,"{""breakout"": 60, ""contraction"": 0.7, ""trend"": ""ma100"", ""volume_ratio"": 1.5}",0.9592592592592593,0.9518518518518518,0.9296296296296296,0.9703703703703703,0.9984623705799358,0.957253644465401,False
breakout_b60_vr1.5_ma50_vc0.7,c736eeb9a0dd03a0,breakout,30,-0.0013202993458446568,0.9766026642047702,429,0.025523221543354745,1.4529412609396573,0.47149122807017546,456,12.675342465753426,-0.0013202993458446568,"{""breakout"": 60, ""contraction"": 0.7, ""trend"": ""ma50"", ""volume_ratio"": 1.5}",0.9574074074074074,0.9537037037037037,0.9314814814814815,0.9685185185185186,0.98607052826187,0.9561996454187794,False
breakout_b60_vr2_ma50_vc0.7,b7b98811d0ee7911,breakout,30,0.0028780378620121127,1.0522091591947769,282,0.030759546524660116,1.5230971793856092,0.4831804281345566,327,9.089554794520549,0.0028780378620121127,"{""breakout"": 60, ""contraction"": 0.7, ""trend"": ""ma50"", ""volume_ratio"": 2.0}",0.9851851851851852,0.9777777777777777,0.9481481481481482,0.9888888888888889,0.7612179090557774,0.9550106797944666,True
breakout_b60_vr2_ma100_vc0.7,4ef4749189394140,breakout,30,0.0036870047797627594,1.0669931695040533,270,0.029971024093201775,1.5037206378488297,0.47987616099071206,323,8.978367579908676,0.0036870047797627594,"{""breakout"": 60, ""contraction"": 0.7, ""trend"": ""ma100"", ""volume_ratio"": 2.0}",0.9888888888888889,0.975925925925926,0.9388888888888889,0.9925925925925926,0.7544769180605196,0.9537810251393853,True
breakout_b60_vr2_ma50_vc0.7,b7b98811d0ee7911,breakout,15,-0.003466992559366254,0.906972694219341,282,0.046972186209454814,1.9837807637055664,0.48623853211009177,327,9.089554794520549,-0.003466992559366254,"{""breakout"": 60, ""contraction"": 0.7, ""trend"": ""ma50"", ""volume_ratio"": 2.0}",0.9351851851851852,0.9981481481481481,1.0,0.9537037037037037,0.7612179090557774,0.9513995686833556,False
breakout_b60_vr2_ma100_vc0.7,4ef4749189394140,breakout,15,-0.003294041504530883,0.9105712828679055,270,0.04636549742316323,1.9591957493935597,0.47987616099071206,323,8.978367579908676,-0.003294041504530883,"{""breakout"": 60, ""contraction"": 0.7, ""trend"": ""ma100"", ""volume_ratio"": 2.0}",0.937037037037037,0.9962962962962963,0.9981481481481481,0.9555555555555556,0.7544769180605196,0.9505402843986445,False
breakout_b60_vr1_ma50_vc0.7,922051eb5a92dda1,breakout,20,0.005392836720815293,1.1382810227282862,645,0.028927808277370067,1.5857708660153782,0.44785276073619634,652,18.12351598173516,0.005392836720815293,"{""breakout"": 60, ""contraction"": 0.7, ""trend"": ""ma50"", ""volume_ratio"": 1.0}",0.9981481481481481,0.9685185185185186,0.9703703703703703,1.0,0.6377038562614217,0.9477518671076236,True
breakout_b60_vr1_ma50_vc0.7,922051eb5a92dda1,breakout,30,0.002909355110146764,1.055153451155495,645,0.031095652844211123,1.5411687027018994,0.4647239263803681,652,18.12351598173516,0.002909355110146764,"{""breakout"": 60, ""contraction"": 0.7, ""trend"": ""ma50"", ""volume_ratio"": 1.0}",0.987037037037037,0.9851851851851852,0.9555555555555556,0.9907407407407407,0.6377038562614217,0.9471037189594754,True
breakout_b60_vr1_ma50_vc0.7,922051eb5a92dda1,breakout,15,0.0008791204110315957,1.0254158125486312,646,0.031038587361948002,1.677521146877894,0.45245398773006135,652,18.12351598173516,0.0008791204110315957,"{""breakout"": 60, ""contraction"": 0.7, ""trend"": ""ma50"", ""volume_ratio"": 1.0}",0.975925925925926,0.9814814814814815,0.987037037037037,0.9851851851851852,0.6377038562614217,0.9466407559965127,True
breakout_b60_vr1_ma100_vc0.7,7c5e1cae29caf140,breakout,30,0.0020942038041141062,1.039104852525232,619,0.031083647547079426,1.5392490284793132,0.4642857142857143,644,17.901141552511415,0.0020942038041141062,"{""breakout"": 60, ""contraction"": 0.7, ""trend"": ""ma100"", ""volume_ratio"": 1.0}",0.9814814814814815,0.9833333333333333,0.9537037037037037,0.987037037037037,0.6491500908647525,0.9452853794568455,True
breakout_b60_vr1_ma100_vc0.7,7c5e1cae29caf140,breakout,15,0.00029573592954622654,1.008472410806949,620,0.03079602849004085,1.6666431423484203,0.44875776397515527,644,17.901141552511415,0.00029573592954622654,"{""breakout"": 60, ""contraction"": 0.7, ""trend"": ""ma100"", ""volume_ratio"": 1.0}",0.9703703703703703,0.9796296296296296,0.9814814814814815,0.9796296296296296,0.6491500908647525,0.944081675753142,True
breakout_b60_vr1.5_ma50_vc0.7,c736eeb9a0dd03a0,breakout,10,-0.005296732376532898,0.8439239116877021,428,0.024203866304767965,1.5817299912324583,0.4473684210526316,456,12.675342465753426,-0.005296732376532898,"{""breakout"": 60, ""contraction"": 0.7, ""trend"": ""ma50"", ""volume_ratio"": 1.5}",0.9111111111111111,0.95,0.9666666666666667,0.9444444444444444,0.98607052826187,0.9438848306039647,False
breakout_b60_vr1_ma100_vc0.7,7c5e1cae29caf140,breakout,20,0.0040425788280798345,1.102141584380357,619,0.028631476226738055,1.5751575978511694,0.44565217391304346,644,17.901141552511415,0.0040425788280798345,"{""breakout"": 60, ""contraction"": 0.7, ""trend"": ""ma100"", ""volume_ratio"": 1.0}",0.9907407407407407,0.9648148148148148,0.9629629629629629,0.9944444444444445,0.6491500908647525,0.9437113053827716,True
breakout_b60_vr1.5_ma100_vc0.7,bb1c4eb2b5799c0e,breakout,10,-0.005319517403381895,0.8445163017360224,413,0.023487012753403955,1.5572437020603491,0.44097995545657015,449,12.48076484018265,-0.005319517403381895,"{""breakout"": 60, ""contraction"": 0.7, ""trend"": ""ma100"", ""volume_ratio"": 1.5}",0.9074074074074074,0.9481481481481482,0.9611111111111111,0.9425925925925925,0.9984623705799358,0.9423462370579935,False
breakout_b60_vr2_ma50_vc0.7,b7b98811d0ee7911,breakout,10,-0.005840093429351064,0.8345333593465936,282,0.029201409566719152,1.6721609442038885,0.44954128440366975,327,9.089554794520549,-0.005840093429351064,"{""breakout"": 60, ""contraction"": 0.7, ""trend"": ""ma50"", ""volume_ratio"": 2.0}",0.8888888888888888,0.9703703703703703,0.9851851851851852,0.9333333333333333,0.7612179090557774,0.9235291983129852,False
breakout_b60_vr2_ma100_vc0.7,4ef4749189394140,breakout,10,-0.005812362825977898,0.8368187245520671,270,0.028728184325725336,1.6531792910015548,0.44272445820433437,323,8.978367579908676,-0.005812362825977898,"{""breakout"": 60, ""contraction"": 0.7, ""trend"": ""ma100"", ""volume_ratio"": 2.0}",0.8925925925925926,0.9666666666666667,0.9777777777777777,0.937037037037037,0.7544769180605196,0.9219291732875334,False
breakout_b40_vr2_ma100_vc0.7,085be2924d7ca22b,breakout,20,-0.005817696338136752,0.8716553639374021,364,0.016992285954483728,1.301089590453983,0.4212860310421286,451,12.536358447488585,-0.005817696338136752,"{""breakout"": 40, ""contraction"": 0.7, ""trend"": ""ma100"", ""volume_ratio"": 2.0}",0.8907407407407407,0.9222222222222223,0.9092592592592592,0.9351851851851852,0.9970955502999217,0.9196169624373995,False
cross_50_200_fresh,1bdb534f975bf65a,trend_transition,30,0.000632144878405094,1.012762292098863,442,0.00716590814862701,1.1044682828264107,0.3968565815324165,509,14.148573059360732,0.000632144878405094,"{""fast"": 50, ""fresh"": true, ""slow"": 200}",0.9740740740740741,0.8722222222222222,0.8629629629629629,0.9814814814814815,0.8764410397159538,0.9127366965641879,True
breakout_b60_vr1_ma50_vc0.7,922051eb5a92dda1,breakout,10,-0.004138561478347627,0.8682596825765705,644,0.022296236022593386,1.5365191737687391,0.44631901840490795,652,18.12351598173516,-0.004138561478347627,"{""breakout"": 60, ""contraction"": 0.7, ""trend"": ""ma50"", ""volume_ratio"": 1.0}",0.924074074074074,0.9444444444444444,0.9518518518518518,0.95,0.6377038562614217,0.9093259411816976,False
breakout_b60_vr1_ma100_vc0.7,7c5e1cae29caf140,breakout,10,-0.004545232409921879,0.8570101543887091,619,0.02177472776413296,1.5184585886537667,0.4409937888198758,644,17.901141552511415,-0.004545232409921879,"{""breakout"": 60, ""contraction"": 0.7, ""trend"": ""ma100"", ""volume_ratio"": 1.0}",0.9203703703703704,0.9407407407407408,0.9444444444444444,0.9481481481481482,0.6491500908647525,0.906766860938327,False
breakout_b60_vr2_ma50_vc0.7,b7b98811d0ee7911,breakout,5,-0.0075347612160796265,0.7328226252351031,282,0.026798878096344358,1.7261877861496908,0.39755351681957185,327,9.089554794520549,-0.0075347612160796265,"{""breakout"": 60, ""contraction"": 0.7, ""trend"": ""ma50"", ""volume_ratio"": 2.0}",0.8351851851851851,0.9611111111111111,0.9907407407407407,0.9055555555555556,0.7612179090557774,0.902232902016689,False
gap_down_recovery_4,af4c982dc1305841,gap,10,8.136974031195601e-05,1.0014720571182876,352,0.00048378162190735447,1.0074156557205316,0.35234215885947046,491,13.648230593607307,8.136974031195601e-05,"{""direction"": ""down"", ""gap_min"": 0.04}",0.9666666666666667,0.8111111111111111,0.8055555555555556,0.975925925925926,0.9122342694580918,0.883538241760624,True
breakout_b60_vr1.5_ma50_vc0.7,c736eeb9a0dd03a0,breakout,5,-0.008997709847350672,0.6819653618056607,429,0.018116406298424568,1.5231721668913392,0.40789473684210525,456,12.675342465753426,-0.008997709847350672,"{""breakout"": 60, ""contraction"": 0.7, ""trend"": ""ma50"", ""volume_ratio"": 1.5}",0.7666666666666667,0.9259259259259259,0.95,0.8685185185185185,0.98607052826187,0.8820329787521128,False
breakout_b60_vr2_ma50_vc0.9,1c6594f4e6fc2d55,breakout,15,-0.003211565630103184,0.9158246933389566,861,0.02167044516448496,1.426259561318194,0.4418859649122807,912,25.35068493150685,-0.003211565630103184,"{""breakout"": 60, ""contraction"": 0.9, ""trend"": ""ma50"", ""volume_ratio"": 2.0}",0.9388888888888889,0.9388888888888889,0.9277777777777778,0.9574074074074074,0.3577020883290259,0.8809553940180876,False
breakout_b40_vr1_ma100_vc0.7,d7e1fc031818b45f,breakout,20,-0.0025522450009766756,0.9397748828756911,793,0.01864775465870455,1.376978527758345,0.4190371991247265,914,25.40627853881279,-0.0025522450009766756,"{""breakout"": 40, ""contraction"": 0.7, ""trend"": ""ma100"", ""volume_ratio"": 1.0}",0.9425925925925925,0.9277777777777778,0.9203703703703704,0.9629629629629629,0.35611474483706057,0.8774633263355579,False
breakout_b60_vr2_ma50_vc0.9,1c6594f4e6fc2d55,breakout,30,-0.0029013759702606143,0.9460067608320326,861,0.016606211351599343,1.2379361454548765,0.4407894736842105,912,25.35068493150685,-0.0029013759702606143,"{""breakout"": 60, ""contraction"": 0.9, ""trend"": ""ma50"", ""volume_ratio"": 2.0}",0.9407407407407408,0.9203703703703704,0.9037037037037037,0.9611111111111111,0.3577020883290259,0.8717887273514211,False
breakout_b60_vr2_ma50_vc0.9,1c6594f4e6fc2d55,breakout,20,-0.0002840911512315476,0.9933096290516795,859,0.012311147134209523,1.2079841388673813,0.42105263157894735,912,25.35068493150685,-0.0002840911512315476,"{""breakout"": 60, ""contraction"": 0.9, ""trend"": ""ma50"", ""volume_ratio"": 2.0}",0.9629629629629629,0.8981481481481481,0.8981481481481481,0.9722222222222222,0.3577020883290259,0.8709553940180877,False
breakout_b60_vr1.5_ma50_vc0.7,c736eeb9a0dd03a0,breakout,7,-0.009781779260779621,0.6934950482779914,429,0.02190328491767518,1.583580276618916,0.3969298245614035,456,12.675342465753426,-0.009781779260779621,"{""breakout"": 60, ""contraction"": 0.7, ""trend"": ""ma50"", ""volume_ratio"": 1.5}",0.7055555555555556,0.9425925925925925,0.9685185185185186,0.825925925925926,0.98607052826187,0.8680514972706314,False
breakout_b60_vr2_ma50_vc0.7,b7b98811d0ee7911,breakout,7,-0.009440410422134265,0.7083370579805933,282,0.027355504848912807,1.6694766355082324,0.3730886850152905,327,9.089554794520549,-0.009440410422134265,"{""breakout"": 60, ""contraction"": 0.7, ""trend"": ""ma50"", ""volume_ratio"": 2.0}",0.737037037037037,0.9629629629629629,0.9833333333333333,0.85,0.7612179090557774,0.8667699390537258,False
gap_down_recovery_6,153699daeeb2e8a5,gap,2,0.0048474724928867,1.1715737466921112,167,0.0008747233562262288,1.0218564579726876,0.3613861386138614,202,5.614954337899544,0.0008747233562262288,"{""direction"": ""down"", ""gap_min"": 0.06}",0.9962962962962963,0.8166666666666667,0.8203703703703704,0.9833333333333333,0.576486329216918,0.8637597440328028,True
breakout_b60_vr1_ma50_vc0.7,922051eb5a92dda1,breakout,7,-0.008367366900849882,0.7122250487512818,646,0.019386973321052783,1.5426583262352926,0.4110429447852761,652,18.12351598173516,-0.008367366900849882,"{""breakout"": 60, ""contraction"": 0.7, ""trend"": ""ma50"", ""volume_ratio"": 1.0}",0.7944444444444444,0.9333333333333333,0.9574074074074074,0.8888888888888888,0.6377038562614217,0.8612703856261421,False
breakout_b40_vr1_ma100_vc0.7,d7e1fc031818b45f,breakout,15,-0.00623272875086277,0.8329266855565406,793,0.021271262053555354,1.4571784036134625,0.4201312910284464,914,25.40627853881279,-0.00623272875086277,"{""breakout"": 40, ""contraction"": 0.7, ""trend"": ""ma100"", ""volume_ratio"": 1.0}",0.8722222222222222,0.937037037037037,0.9333333333333333,0.9296296296296296,0.35611474483706057,0.8582040670762986,False
breakout_b60_vr1_ma50_vc0.7,922051eb5a92dda1,breakout,5,-0.00804455883533904,0.6882791558049789,646,0.01572908883657566,1.4816834904324008,0.42024539877300615,652,18.12351598173516,-0.00804455883533904,"{""breakout"": 60, ""contraction"": 0.7, ""trend"": ""ma50"", ""volume_ratio"": 1.0}",0.8111111111111111,0.912962962962963,0.937037037037037,0.8981481481481481,0.6377038562614217,0.8570111263668828,False
cross_50_200_fresh,1bdb534f975bf65a,trend_transition,20,0.007114131240476614,1.1860415167885656,441,-0.005048570587911969,0.9205782649419259,0.37524557956778,509,14.148573059360732,-0.005048570587911969,"{""fast"": 50, ""fresh"": true, ""slow"": 200}",1.0,0.7425925925925926,0.7481481481481481,0.9462962962962963,0.8764410397159538,0.8544033632308545,False
breakout_b60_vr2_ma100_vc0.7,4ef4749189394140,breakout,5,-0.009822977149621229,0.6555260201518083,270,0.026478187439694035,1.7087210774025972,0.39009287925696595,323,8.978367579908676,-0.009822977149621229,"{""breakout"": 60, ""contraction"": 0.7, ""trend"": ""ma100"", ""volume_ratio"": 2.0}",0.7037037037037037,0.9592592592592593,0.9888888888888889,0.8240740740740741,0.7544769180605196,0.8530402843986444,False
breakout_b60_vr2_ma50_vc0.9,1c6594f4e6fc2d55,breakout,10,-0.0037520476007347654,0.8869015874261814,860,0.008203397965545695,1.172918846864924,0.42214912280701755,912,25.35068493150685,-0.0037520476007347654,"{""breakout"": 60, ""contraction"": 0.9, ""trend"": ""ma50"", ""volume_ratio"": 2.0}",0.9296296296296296,0.8814814814814815,0.8888888888888888,0.9518518518518518,0.3577020883290259,0.8516961347588284,False
breakout_b40_vr1_ma100_vc0.7,d7e1fc031818b45f,breakout,30,-0.007534098007846691,0.8684960836312473,793,0.023468834392943522,1.4202482207107479,0.44529540481400437,914,25.40627853881279,-0.007534098007846691,"{""breakout"": 40, ""contraction"": 0.7, ""trend"": ""ma100"", ""volume_ratio"": 1.0}",0.837037037037037,0.9462962962962963,0.9259259259259259,0.9074074074074074,0.35611474483706057,0.8475559189281504,False
breakout_b60_vr1.5_ma100_vc0.7,bb1c4eb2b5799c0e,breakout,5,-0.010528904490713135,0.6310385682861563,413,0.01785634718417538,1.5097554298664115,0.40311804008908686,449,12.48076484018265,-0.010528904490713135,"{""breakout"": 60, ""contraction"": 0.7, ""trend"": ""ma100"", ""volume_ratio"": 1.5}",0.6648148148148149,0.924074074074074,0.9407407407407408,0.7981481481481482,0.9984623705799358,0.8436425333542897,False
breakout_b40_vr2_ma100_vc0.7,085be2924d7ca22b,breakout,30,-0.009983482779036145,0.8364451446136401,365,0.014804024796950973,1.2403500904452458,0.4434589800443459,451,12.536358447488585,-0.009983482779036145,"{""breakout"": 40, ""contraction"": 0.7, ""trend"": ""ma100"", ""volume_ratio"": 2.0}",0.6944444444444444,0.9074074074074074,0.9055555555555556,0.8166666666666667,0.9970955502999217,0.8431354809559182,False
gap_down_recovery_4,af4c982dc1305841,gap,7,-0.0003726415182373526,0.9923661281906577,352,-0.00542150642105378,0.9042914149501314,0.38289205702647655,491,13.648230593607307,-0.00542150642105378,"{""direction"": ""down"", ""gap_min"": 0.04}",0.9611111111111111,0.737037037037037,0.7333333333333333,0.9407407407407408,0.9122342694580918,0.8415937973161796,False
breakout_b60_vr1.5_ma100_vc0.7,bb1c4eb2b5799c0e,breakout,7,-0.01079598455340549,0.6652614722969971,413,0.020947691274122788,1.5514013225917784,0.3897550111358575,449,12.48076484018265,-0.01079598455340549,"{""breakout"": 60, ""contraction"": 0.7, ""trend"": ""ma100"", ""volume_ratio"": 1.5}",0.6370370370370371,0.9351851851851852,0.9592592592592593,0.7722222222222223,0.9984623705799358,0.8393832740950306,False
breakout_b60_vr1_ma100_vc0.7,7c5e1cae29caf140,breakout,7,-0.009535060765583471,0.6765234907023594,620,0.018747933674348922,1.5199647915175123,0.40683229813664595,644,17.901141552511415,-0.009535060765583471,"{""breakout"": 60, ""contraction"": 0.7, ""trend"": ""ma100"", ""volume_ratio"": 1.0}",0.725925925925926,0.9296296296296296,0.9462962962962963,0.8407407407407408,0.6491500908647525,0.834081675753142,False
breakout_b60_vr1.5_ma50_vc0.7,c736eeb9a0dd03a0,breakout,3,-0.00806421626285378,0.6420537097511813,428,0.0002590500279803407,1.0083228266647175,0.3706140350877193,456,12.675342465753426,-0.00806421626285378,"{""breakout"": 60, ""contraction"": 0.7, ""trend"": ""ma50"", ""volume_ratio"": 1.5}",0.8092592592592592,0.8037037037037037,0.8074074074074075,0.8962962962962963,0.98607052826187,0.8334218676410017,False
breakout_b60_vr1_ma50_vc0.7,922051eb5a92dda1,breakout,3,-0.00722094582536067,0.6376815000536595,645,0.002343379730195273,1.082452078570388,0.3880368098159509,652,18.12351598173516,-0.00722094582536067,"{""breakout"": 60, ""contraction"": 0.7, ""trend"": ""ma50"", ""volume_ratio"": 1.0}",0.8555555555555555,0.8333333333333334,0.8444444444444444,0.9148148148148149,0.6377038562614217,0.8302518671076237,False
breakout_b60_vr1.5_ma100_vc0.7,bb1c4eb2b5799c0e,breakout,3,-0.008660315669842244,0.6183797986384152,412,0.0005975541015252512,1.0191965822393156,0.36971046770601335,449,12.48076484018265,-0.008660315669842244,"{""breakout"": 60, ""contraction"": 0.7, ""trend"": ""ma100"", ""volume_ratio"": 1.5}",0.7796296296296297,0.8148148148148148,0.8185185185185185,0.8814814814814815,0.9984623705799358,0.8298462370579935,False
gap_down_recovery_4,af4c982dc1305841,gap,3,-0.0018363671261374035,0.9439067325809691,353,-0.006567090326918941,0.8463104819052129,0.38085539714867617,491,13.648230593607307,-0.006567090326918941,"{""direction"": ""down"", ""gap_min"": 0.04}",0.9518518518518518,0.7277777777777777,0.7018518518518518,0.9277777777777778,0.9122342694580918,0.8295567602791425,False
gap_down_recovery_6,153699daeeb2e8a5,gap,3,0.0005806994006855249,1.01515699176119,167,-0.0030813791407939915,0.934642499420042,0.38613861386138615,202,5.614954337899544,-0.0030813791407939915,"{""direction"": ""down"", ""gap_min"": 0.06}",0.9722222222222222,0.762962962962963,0.7648148148148148,0.9592592592592593,0.576486329216918,0.8270004847735436,False
breakout_b60_vr1_ma100_vc0.7,7c5e1cae29caf140,breakout,5,-0.00953448964310323,0.634591985318306,620,0.015476332662253508,1.4695003663648607,0.4161490683229814,644,17.901141552511415,-0.00953448964310323,"{""breakout"": 60, ""contraction"": 0.7, ""trend"": ""ma100"", ""volume_ratio"": 1.0}",0.7277777777777777,0.9111111111111111,0.9351851851851852,0.8425925925925926,0.6491500908647525,0.8266742683457345,False
breakout_b60_vr1_ma100_vc0.7,7c5e1cae29caf140,breakout,3,-0.007763810817182593,0.6155916425089929,619,0.0027245020281807682,1.0962073779536885,0.38819875776397517,644,17.901141552511415,-0.007763810817182593,"{""breakout"": 60, ""contraction"": 0.7, ""trend"": ""ma100"", ""volume_ratio"": 1.0}",0.8277777777777777,0.8388888888888889,0.8555555555555555,0.9037037037037037,0.6491500908647525,0.8255631572346233,False
breakout_b60_vr2_ma50_vc0.7,b7b98811d0ee7911,breakout,3,-0.00849946948495906,0.6367481388911992,281,0.0031314438684486748,1.0931870255697755,0.3669724770642202,327,9.089554794520549,-0.00849946948495906,"{""breakout"": 60, ""contraction"": 0.7, ""trend"": ""ma50"", ""volume_ratio"": 2.0}",0.7870370370370371,0.8425925925925926,0.8537037037037037,0.8851851851851852,0.7612179090557774,0.8237143834981704,False
breakout_b60_vr2_ma100_vc0.7,4ef4749189394140,breakout,7,-0.0108048870258063,0.6690920458539047,270,0.02615712914225733,1.6323179884724621,0.3653250773993808,323,8.978367579908676,-0.0108048870258063,"{""breakout"": 60, ""contraction"": 0.7, ""trend"": ""ma100"", ""volume_ratio"": 2.0}",0.6351851851851852,0.9555555555555556,0.9740740740740741,0.7703703703703704,0.7544769180605196,0.8235958399542,False
gap_down_recovery_4,af4c982dc1305841,gap,2,-0.0016594966397129244,0.9373336430912458,353,-0.006984756407164735,0.8076302888319936,0.3665987780040733,491,13.648230593607307,-0.006984756407164735,"{""direction"": ""down"", ""gap_min"": 0.04}",0.9555555555555556,0.7203703703703703,0.6759259259259259,0.9203703703703704,0.9122342694580918,0.8234456491680313,False
breakout_b20_vr1_ma50_vc0.7,b8378c910181ef1f,breakout,20,-0.005766241663417217,0.86494731182782,1393,0.009691784772634751,1.1806746199645655,0.42257360959651036,1834,50.97933789954338,-0.005766241663417217,"{""breakout"": 20, ""contraction"": 0.7, ""trend"": ""ma50"", ""volume_ratio"": 1.0}",0.8944444444444445,0.8888888888888888,0.8944444444444445,0.9388888888888889,0.04603528865319217,0.8121035288653192,False
breakout_b40_vr1_ma100_vc0.7,d7e1fc031818b45f,breakout,10,-0.009109364723494032,0.7283083824470026,792,0.015871558421503174,1.3846631547206831,0.4190371991247265,914,25.40627853881279,-0.009109364723494032,"{""breakout"": 40, ""contraction"": 0.7, ""trend"": ""ma100"", ""volume_ratio"": 1.0}",0.7611111111111111,0.9148148148148149,0.9222222222222223,0.8648148148148148,0.35611474483706057,0.8089448078170394,False
breakout_b60_vr2_ma100_vc0.7,4ef4749189394140,breakout,3,-0.009477483892010034,0.5988262034859676,269,0.0037001323919309457,1.1108921442261612,0.3653250773993808,323,8.978367579908676,-0.009477483892010034,"{""breakout"": 60, ""contraction"": 0.7, ""trend"": ""ma100"", ""volume_ratio"": 2.0}",0.7333333333333333,0.8444444444444444,0.8666666666666667,0.8462962962962963,0.7544769180605196,0.8056328769912371,False
breakout_b60_vr2_ma50_vc0.9,1c6594f4e6fc2d55,breakout,5,-0.008886985742886351,0.6849033859668414,861,0.011575579792060897,1.304914832711651,0.375,912,25.35068493150685,-0.008886985742886351,"{""breakout"": 60, ""contraction"": 0.9, ""trend"": ""ma50"", ""volume_ratio"": 2.0}",0.774074074074074,0.8944444444444445,0.9111111111111111,0.8740740740740741,0.3577020883290259,0.8051220606847544,False
gap_down_recovery_4,af4c982dc1305841,gap,1,-0.0017760927984016384,0.9141644032683204,353,-0.008187195155640392,0.7259197887396767,0.34419551934826886,491,13.648230593607307,-0.008187195155640392,"{""direction"": ""down"", ""gap_min"": 0.04}",0.9537037037037037,0.6981481481481482,0.6166666666666667,0.8925925925925926,0.9122342694580918,0.8034456491680314,False
breakout_b20_vr1_ma100_vc0.7,4ad46e3375356287,breakout,20,-0.007366926450181613,0.8289542239360951,1138,0.009665621231156154,1.1754089176396991,0.4110468850353243,1557,43.279623287671235,-0.007366926450181613,"{""breakout"": 20, ""contraction"": 0.7, ""trend"": ""ma100"", ""volume_ratio"": 1.0}",0.8444444444444444,0.8870370370370371,0.8907407407407407,0.9111111111111111,0.085232721559591,0.7970417906744776,False
breakout_b20_vr1_ma50_vc0.7,b8378c910181ef1f,breakout,15,-0.006776671393981562,0.8173041004474425,1391,0.008169355382378084,1.1654849937678196,0.42366412213740456,1834,50.97933789954338,-0.006776671393981562,"{""breakout"": 20, ""contraction"": 0.7, ""trend"": ""ma50"", ""volume_ratio"": 1.0}",0.8629629629629629,0.8796296296296297,0.8814814814814815,0.924074074074074,0.04603528865319217,0.795992417754208,False
gap_down_recovery_6,153699daeeb2e8a5,gap,1,0.0010135923612868128,1.0435586433029962,167,-0.0072131288252429175,0.8034984001725625,0.3564356435643564,202,5.614954337899544,-0.0072131288252429175,"{""direction"": ""down"", ""gap_min"": 0.06}",0.9796296296296296,0.7148148148148148,0.674074074074074,0.9166666666666666,0.576486329216918,0.7945004847735436,False
breakout_b60_vr2_ma50_vc0.9,1c6594f4e6fc2d55,breakout,7,-0.009187041971481957,0.7101752002418715,861,0.009170865182004438,1.208716037906971,0.3815789473684211,912,25.35068493150685,-0.009187041971481957,"{""breakout"": 60, ""contraction"": 0.9, ""trend"": ""ma50"", ""volume_ratio"": 2.0}",0.7555555555555555,0.8851851851851852,0.9,0.8611111111111112,0.3577020883290259,0.7933628014254952,False
breakout_b40_vr2_ma100_vc0.7,085be2924d7ca22b,breakout,5,-0.012536058621700355,0.5898348529438461,365,0.014988439194952706,1.3909194721312155,0.36585365853658536,451,12.536358447488585,-0.012536058621700355,"{""breakout"": 40, ""contraction"": 0.7, ""trend"": ""ma100"", ""volume_ratio"": 2.0}",0.5444444444444444,0.9092592592592592,0.924074074074074,0.6907407407407408,0.9970955502999217,0.7889688142892515,False
breakout_b40_vr2_ma100_vc0.7,085be2924d7ca22b,breakout,15,-0.013851683946361182,0.672751233970734,364,0.026471933031006943,1.5136492313939907,0.43015521064301554,451,12.536358447488585,-0.013851683946361182,"{""breakout"": 40, ""contraction"": 0.7, ""trend"": ""ma100"", ""volume_ratio"": 2.0}",0.48333333333333334,0.9574074074074074,0.9425925925925925,0.6444444444444445,0.9970955502999217,0.7856354809559181,False
gap_down_recovery_4,af4c982dc1305841,gap,5,-0.007166687369463326,0.8268774912606872,351,-0.009123699256807356,0.8150771311098044,0.3340122199592668,491,13.648230593607307,-0.009123699256807356,"{""direction"": ""down"", ""gap_min"": 0.04}",0.8574074074074074,0.674074074074074,0.6833333333333333,0.8629629629629629,0.9122342694580918,0.7731678713902537,False
breakout_b20_vr1_ma100_vc0.7,4ad46e3375356287,breakout,15,-0.00898986884027118,0.762741189948967,1136,0.008777762230497133,1.1727150969473055,0.4071933204881182,1557,43.279623287671235,-0.00898986884027118,"{""breakout"": 20, ""contraction"": 0.7, ""trend"": ""ma100"", ""volume_ratio"": 1.0}",0.7685185185185185,0.8833333333333333,0.8870370370370371,0.8703703703703703,0.085232721559591,0.7683380869707739,False
wyckoff_spring_lb30_d20_clv60_vr1.2,aea2b6877a0d20ad,wyckoff_spring,1,-0.006042482394868419,0.6321170641538731,256,-0.007189495084204445,0.6910733726835205,0.34394904458598724,314,8.728196347031965,-0.007189495084204445,"{""clv_min"": 0.6, ""depth"": -0.02, ""support_lb"": 30, ""volume_ratio_max"": 1.2}",0.8833333333333333,0.7166666666666667,0.5703703703703704,0.9185185185185185,0.7395271435452878,0.7671934550952695,False
wyckoff_spring_lb30_d20_clv60_vr1.5,775e8e8e062496b3,wyckoff_spring,1,-0.006046427650580448,0.6239513600991805,323,-0.00884529365973362,0.6139719251224324,0.32281553398058255,412,11.452283105022833,-0.00884529365973362,"{""clv_min"": 0.6, ""depth"": -0.02, ""support_lb"": 30, ""volume_ratio_max"": 1.5}",0.8814814814814815,0.6833333333333333,0.4759259259259259,0.8777777777777778,0.9195992040818887,0.7547376981859666,False
wyckoff_spring_lb30_d30_clv60_vr1.2,f58ec93882976d5e,wyckoff_spring,1,-0.0041942536650024535,0.7551212359275051,145,-0.008332050058936091,0.69909202205083,0.3081081081081081,185,5.1424086757990874,-0.008332050058936091,"{""clv_min"": 0.6, ""depth"": -0.03, ""support_lb"": 30, ""volume_ratio_max"": 1.2}",0.9222222222222223,0.6944444444444444,0.5888888888888889,0.8907407407407407,0.5550998308887821,0.7526396127185079,False
breakout_b40_vr1_ma100_vc0.7,d7e1fc031818b45f,breakout,5,-0.010861537942224329,0.5975364571338978,794,0.011061682296102873,1.3347143469486558,0.38293216630196936,914,25.40627853881279,-0.010861537942224329,"{""breakout"": 40, ""contraction"": 0.7, ""trend"": ""ma100"", ""volume_ratio"": 1.0}",0.6333333333333333,0.8925925925925926,0.9166666666666666,0.7648148148148148,0.35611474483706057,0.7520003633725949,False
breakout_b60_vr1_ma100_vc0.7,7c5e1cae29caf140,breakout,2,-0.00817501573037079,0.5343765348649712,620,-0.005948834447473515,0.769400137824038,0.34316770186335405,644,17.901141552511415,-0.00817501573037079,"{""breakout"": 60, ""contraction"": 0.7, ""trend"": ""ma100"", ""volume_ratio"": 1.0}",0.8037037037037037,0.7333333333333333,0.6481481481481481,0.8944444444444445,0.6491500908647525,0.7493594535309197,False
breakout_b60_vr1_ma50_vc0.7,922051eb5a92dda1,breakout,2,-0.008036288237080464,0.536505720571363,646,-0.006294748215489375,0.7575642430817224,0.34202453987730064,652,18.12351598173516,-0.008036288237080464,"{""breakout"": 60, ""contraction"": 0.7, ""trend"": ""ma50"", ""volume_ratio"": 1.0}",0.812962962962963,0.7296296296296296,0.6407407407407407,0.9,0.6377038562614217,0.7491407559965124,False
breakout_b40_vr2_ma100_vc0.7,085be2924d7ca22b,breakout,10,-0.014302159592694699,0.6408456231133426,364,0.01415200834781801,1.3116843901082542,0.4079822616407982,451,12.536358447488585,-0.014302159592694699,"{""breakout"": 40, ""contraction"": 0.7, ""trend"": ""ma100"", ""volume_ratio"": 2.0}",0.45,0.9055555555555556,0.912962962962963,0.6037037037037037,0.9970955502999217,0.7489688142892514,False
cross_50_200_fresh,1bdb534f975bf65a,trend_transition,15,0.002465866550051414,1.0710380112666027,442,-0.012502414185364895,0.776213631583468,0.3555992141453831,509,14.148573059360732,-0.012502414185364895,"{""fast"": 50, ""fresh"": true, ""slow"": 200}",0.9833333333333333,0.5611111111111111,0.6555555555555556,0.6925925925925925,0.8764410397159538,0.7466255854530769,False
pullback_lb20_drop8_ma100,9b790dfd7e70d90a,pullback,7,-0.006928464605450797,0.8230914195357719,877,-0.001532552289220418,0.966264130154924,0.42028985507246375,2070,57.53938356164384,-0.006928464605450797,"{""drop"": -0.08, ""lookback"": 20, ""trend"": ""ma100""}",0.8611111111111112,0.7870370370370371,0.7851851851851852,0.9222222222222223,0.027237769483162907,0.7465200732446126,False
pullback_lb60_drop10_ma100,ee89005739254718,pullback,20,-0.007794471384519277,0.8767557108889414,738,0.0003189925893424062,1.0040960033823714,0.4112820512820513,1950,54.203767123287676,-0.007794471384519277,"{""drop"": -0.1, ""lookback"": 60, ""trend"": ""ma100""}",0.8240740740740741,0.8055555555555556,0.8037037037037037,0.9018518518518519,0.035568268606896776,0.7434642342680972,False
breakout_b60_vr2_ma100_vc0.7,4ef4749189394140,breakout,2,-0.008409821791281883,0.5805847377050125,270,-0.008151426061986728,0.7287687692252532,0.3188854489164087,323,8.978367579908676,-0.008409821791281883,"{""breakout"": 60, ""contraction"": 0.7, ""trend"": ""ma100"", ""volume_ratio"": 2.0}",0.7925925925925926,0.7,0.6203703703703703,0.8870370370370371,0.7544769180605196,0.739984728843089,False
breakout_b20_vr1_ma50_vc0.7,b8378c910181ef1f,breakout,10,-0.009525852425245694,0.7060331024713036,1390,0.0053558775396339115,1.1248306038617233,0.4100327153762268,1834,50.97933789954338,-0.009525852425245694,"{""breakout"": 20, ""contraction"": 0.7, ""trend"": ""ma50"", ""volume_ratio"": 1.0}",0.7296296296296296,0.8574074074074074,0.8740740740740741,0.8444444444444444,0.04603528865319217,0.7391405659023563,False
pullback_lb20_drop8_ma200,63f7ca9f46e25b3e,pullback,7,-0.006135943999434047,0.8276183676489772,632,-0.003439341251658649,0.9264362747290424,0.40679611650485437,2060,57.26141552511416,-0.006135943999434047,"{""drop"": -0.08, ""lookback"": 20, ""trend"": ""ma200""}",0.8796296296296297,0.7574074074074074,0.7555555555555555,0.9314814814814815,0.027850252617347648,0.7382479882246977,False
wyckoff_spring_lb30_d20_clv70_vr1.2,7f02ed8bce50faf8,wyckoff_spring,1,-0.005098205453773751,0.6820238190701498,233,-0.00910550665239318,0.6004342702938741,0.34831460674157305,267,7.421746575342466,-0.00910550665239318,"{""clv_min"": 0.7, ""depth"": -0.02, ""support_lb"": 30, ""volume_ratio_max"": 1.2}",0.9185185185185185,0.6759259259259259,0.45925925925925926,0.8666666666666667,0.666136766797439,0.7342988618649291,False
breakout_b40_vr2_ma100_vc0.7,085be2924d7ca22b,breakout,3,-0.012187055301041442,0.5047113910007905,364,-0.0017450716153487222,0.9485198792283668,0.3392461197339246,451,12.536358447488585,-0.012187055301041442,"{""breakout"": 40, ""contraction"": 0.7, ""trend"": ""ma100"", ""volume_ratio"": 2.0}",0.5685185185185185,0.7851851851851852,0.774074074074074,0.7185185185185186,0.9970955502999217,0.7330428883633253,False
cross_50_200_fresh,1bdb534f975bf65a,trend_transition,5,-0.0036240522365706667,0.845764541894283,443,-0.011368751961080644,0.686223173333286,0.3163064833005894,509,14.148573059360732,-0.011368751961080644,"{""fast"": 50, ""fresh"": true, ""slow"": 200}",0.9314814814814815,0.5907407407407408,0.5666666666666667,0.7407407407407407,0.8764410397159538,0.7329218817493731,False
breakout_b60_vr2_ma50_vc0.7,b7b98811d0ee7911,breakout,2,-0.008662075447511151,0.5645725147636839,282,-0.008627218245194496,0.7150601100676933,0.3180428134556575,327,9.089554794520549,-0.008662075447511151,"{""breakout"": 60, ""contraction"": 0.7, ""trend"": ""ma50"", ""volume_ratio"": 2.0}",0.7777777777777778,0.6907407407407408,0.6074074074074074,0.8796296296296297,0.7612179090557774,0.7302884575722446,False
breakout_b60_vr1.5_ma100_vc0.7,bb1c4eb2b5799c0e,breakout,2,-0.009439132485373645,0.5227213814364389,413,-0.009061891975579868,0.6793591126706002,0.33407572383073497,449,12.48076484018265,-0.009439132485373645,"{""breakout"": 60, ""contraction"": 0.7, ""trend"": ""ma100"", ""volume_ratio"": 1.5}",0.7388888888888889,0.6777777777777778,0.5611111111111111,0.8518518518518519,0.9984623705799358,0.7280869777987344,False
breakout_b20_vr1.5_ma50_vc0.7,b886110ee4048b71,breakout,15,-0.010454164214107336,0.7374540203026204,971,0.005638700946248493,1.1067725458190407,0.410958904109589,1314,36.525000000000006,-0.010454164214107336,"{""breakout"": 20, ""contraction"": 0.7, ""trend"": ""ma50"", ""volume_ratio"": 1.5}",0.6722222222222223,0.8629629629629629,0.8648148148148148,0.8,0.1463140412246354,0.7280573300483895,False
gap_down_recovery_6,153699daeeb2e8a5,gap,10,-0.005615789734370776,0.9084324358065337,166,-0.010784600151456233,0.8527517330819935,0.32673267326732675,202,5.614954337899544,-0.010784600151456233,"{""direction"": ""down"", ""gap_min"": 0.06}",0.8981481481481481,0.6129629629629629,0.7092592592592593,0.774074074074074,0.576486329216918,0.7254264106994694,False
cross_50_200_fresh,1bdb534f975bf65a,trend_transition,3,-0.005677950315971372,0.7167627593620387,442,-0.010662332594554904,0.6290214283184357,0.32220039292730845,509,14.148573059360732,-0.010662332594554904,"{""fast"": 50, ""fresh"": true, ""slow"": 200}",0.8962962962962963,0.6166666666666667,0.4925925925925926,0.7851851851851852,0.8764410397159538,0.724773733601225,False
breakout_b20_vr1.5_ma50_vc0.7,b886110ee4048b71,breakout,20,-0.01070736879183425,0.7662251777154686,972,0.006769617033328045,1.1197125661470817,0.410958904109589,1314,36.525000000000006,-0.01070736879183425,"{""breakout"": 20, ""contraction"": 0.7, ""trend"": ""ma50"", ""volume_ratio"": 1.5}",0.65,0.8703703703703703,0.8722222222222222,0.7814814814814814,0.1463140412246354,0.7232425152335746,False
breakout_b40_vr1_ma100_vc0.7,d7e1fc031818b45f,breakout,3,-0.00957148374734883,0.5421693267625425,793,-0.0019972943109930487,0.9301801123675003,0.3599562363238512,914,25.40627853881279,-0.00957148374734883,"{""breakout"": 40, ""contraction"": 0.7, ""trend"": ""ma100"", ""volume_ratio"": 1.0}",0.7203703703703703,0.7814814814814814,0.7611111111111111,0.837037037037037,0.35611474483706057,0.723111474483706,False
cross_50_200_fresh,1bdb534f975bf65a,trend_transition,10,0.0009434760550058718,1.031852723534367,442,-0.013971074137787837,0.7111222499147057,0.3320235756385069,509,14.148573059360732,-0.013971074137787837,"{""fast"": 50, ""fresh"": true, ""slow"": 200}",0.9777777777777777,0.5333333333333333,0.6037037037037037,0.6370370370370371,0.8764410397159538,0.7219033632308546,False
wyckoff_spring_lb20_d20_clv60_vr1.2,4feda3606a96c2e5,wyckoff_spring,1,-0.008129632915789968,0.5258245124795385,336,-0.00955530239615467,0.5937699491870122,0.31494252873563217,435,12.091609589041097,-0.00955530239615467,"{""clv_min"": 0.6, ""depth"": -0.02, ""support_lb"": 20, ""volume_ratio_max"": 1.2}",0.8055555555555556,0.662962962962963,0.45,0.8388888888888889,0.9678567067532364,0.7218782632679162,False
breakout_b60_vr2_ma50_vc0.9,1c6594f4e6fc2d55,breakout,3,-0.010220555600761518,0.5543924487540112,860,-0.00024423093587712364,0.9924762939626629,0.3574561403508772,912,25.35068493150685,-0.010220555600761518,"{""breakout"": 60, ""contraction"": 0.9, ""trend"": ""ma50"", ""volume_ratio"": 2.0}",0.6814814814814815,0.8018518518518518,0.8,0.8092592592592592,0.3577020883290259,0.7217887273514211,False
wyckoff_spring_lb30_d30_clv60_vr1.5,d768d303b64a01c1,wyckoff_spring,1,-0.0034697468375454624,0.7857431060048368,181,-0.01033882209730089,0.6213158397473738,0.3004115226337449,243,6.754623287671233,-0.01033882209730089,"{""clv_min"": 0.6, ""depth"": -0.03, ""support_lb"": 30, ""volume_ratio_max"": 1.5}",0.9333333333333333,0.6370370370370371,0.48703703703703705,0.8055555555555556,0.6315171771632507,0.7197257917903992,False
pullback_lb20_drop8_ma100,9b790dfd7e70d90a,pullback,10,-0.006633643826108273,0.8482631661308184,875,-0.0060358471928625024,0.8910612728258779,0.40193236714975844,2070,57.53938356164384,-0.006633643826108273,"{""drop"": -0.08, ""lookback"": 20, ""trend"": ""ma100""}",0.8648148148148148,0.7314814814814815,0.725925925925926,0.9259259259259259,0.027237769483162907,0.7196682213927608,False
pullback_lb20_drop8_ma100,9b790dfd7e70d90a,pullback,5,-0.007320425944628148,0.7962026284035735,878,-0.004710752649801835,0.8835045618668531,0.4178743961352657,2070,57.53938356164384,-0.007320425944628148,"{""drop"": -0.08, ""lookback"": 20, ""trend"": ""ma100""}",0.8462962962962963,0.7481481481481481,0.7222222222222222,0.912962962962963,0.027237769483162907,0.7180941473186866,False
gap_down_recovery_6,153699daeeb2e8a5,gap,5,-0.006431731294900713,0.8580767210298772,167,-0.010579560735522395,0.8085495399168044,0.31683168316831684,202,5.614954337899544,-0.010579560735522395,"{""direction"": ""down"", ""gap_min"": 0.06}",0.8666666666666667,0.6259259259259259,0.6777777777777778,0.7944444444444444,0.576486329216918,0.7178338181068769,False
breakout_b40_vr1_ma100_vc0.7,d7e1fc031818b45f,breakout,7,-0.01281177553264464,0.5923481898925586,794,0.012976076908563675,1.360895751558687,0.3851203501094092,914,25.40627853881279,-0.01281177553264464,"{""breakout"": 40, ""contraction"": 0.7, ""trend"": ""ma100"", ""volume_ratio"": 1.0}",0.5351851851851852,0.9018518518518519,0.9185185185185185,0.6777777777777778,0.35611474483706057,0.7173707337429653,False
breakout_b40_vr2_ma100_vc0.7,085be2924d7ca22b,breakout,7,-0.016765020957542457,0.5462665071027237,365,0.01325407041766248,1.3171680575782518,0.34146341463414637,451,12.536358447488585,-0.016765020957542457,"{""breakout"": 40, ""contraction"": 0.7, ""trend"": ""ma100"", ""volume_ratio"": 2.0}",0.36666666666666664,0.9037037037037037,0.9148148148148149,0.5092592592592593,0.9970955502999217,0.7141539994744366,False
breakout_b60_vr1.5_ma50_vc0.7,c736eeb9a0dd03a0,breakout,2,-0.009573740842293265,0.513176338010344,429,-0.009390284677604494,0.6692213350284256,0.3333333333333333,456,12.675342465753426,-0.009573740842293265,"{""breakout"": 60, ""contraction"": 0.7, ""trend"": ""ma50"", ""volume_ratio"": 1.5}",0.7166666666666667,0.6666666666666666,0.5481481481481482,0.8333333333333334,0.98607052826187,0.7124959417150759,False
pullback_lb20_drop8_ma200,63f7ca9f46e25b3e,pullback,5,-0.007395612084123578,0.7819339771140422,633,-0.005236394020380961,0.8720405827270363,0.4087378640776699,2060,57.26141552511416,-0.007395612084123578,"{""drop"": -0.08, ""lookback"": 20, ""trend"": ""ma200""}",0.8425925925925926,0.7407407407407407,0.7111111111111111,0.9092592592592592,0.027850252617347648,0.7124146548913645,False
breakout_b20_vr2_ma100_vc0.7,c4c6f64bbf69c415,breakout,20,-0.012287423320828973,0.7348604351558979,545,0.005123396202900401,1.0827024108946368,0.40942028985507245,828,23.015753424657536,-0.012287423320828973,"{""breakout"": 20, ""contraction"": 0.7, ""trend"": ""ma100"", ""volume_ratio"": 2.0}",0.5574074074074075,0.8518518518518519,0.8462962962962963,0.7074074074074074,0.43116679258958274,0.7061722348145137,False
breakout_b20_vr2_ma50_vc0.7,5d41594245e2999f,breakout,20,-0.011635731900115923,0.752729683300355,677,0.004160520953168357,1.0681781367440757,0.411214953271028,963,26.768321917808223,-0.011635731900115923,"{""breakout"": 20, ""contraction"": 0.7, ""trend"": ""ma50"", ""volume_ratio"": 2.0}",0.5925925925925926,0.8462962962962963,0.837037037037037,0.7333333333333333,0.3193505893768984,0.7048054293080602,False
breakout_b20_vr1.5_ma100_vc0.9,87c2cbf3a397b437,breakout,20,-0.010623417625290522,0.7656719330163352,2109,0.005402292211929178,1.0929742955459538,0.3989342806394316,2815,78.24800228310502,-0.010623417625290522,"{""breakout"": 20, ""contraction"": 0.9, ""trend"": ""ma100"", ""volume_ratio"": 1.5}",0.6555555555555556,0.8592592592592593,0.8518518518518519,0.7888888888888889,0.005196135084897815,0.7045936875825639,False
breakout_b20_vr1.5_ma100_vc0.7,eab85f052dc0961f,breakout,20,-0.01223685649370844,0.7319951236004508,795,0.007997366865234811,1.1389381176848585,0.40625,1120,31.132420091324203,-0.01223685649370844,"{""breakout"": 20, ""contraction"": 0.7, ""trend"": ""ma100"", ""volume_ratio"": 1.5}",0.5666666666666667,0.8777777777777778,0.8777777777777778,0.7148148148148148,0.22523891238393662,0.702894261608764,False
wyckoff_spring_lb20_d30_clv60_vr1.2,7c3b952bd8b28152,wyckoff_spring,1,-0.005844564723059551,0.6668940964617734,187,-0.010551145539163235,0.6187082637557368,0.29838709677419356,248,6.893607305936073,-0.010551145539163235,"{""clv_min"": 0.6, ""depth"": -0.03, ""support_lb"": 20, ""volume_ratio_max"": 1.2}",0.8870370370370371,0.6296296296296297,0.48333333333333334,0.7962962962962963,0.6385780217946238,0.7024689132905735,False
breakout_b20_vr1_ma100_vc0.7,4ad46e3375356287,breakout,10,-0.011163093897763158,0.6663784383880362,1136,0.00511303984892232,1.1140687225606256,0.3943481053307643,1557,43.279623287671235,-0.011163093897763158,"{""breakout"": 20, ""contraction"": 0.7, ""trend"": ""ma100"", ""volume_ratio"": 1.0}",0.6166666666666667,0.85,0.8703703703703703,0.75,0.085232721559591,0.6965788277115145,False
pullback_lb20_drop8_ma100,9b790dfd7e70d90a,pullback,20,-0.010619222061862265,0.8322253690798795,876,0.002553928590400981,1.0346729635062135,0.3961352657004831,2070,57.53938356164384,-0.010619222061862265,"{""drop"": -0.08, ""lookback"": 20, ""trend"": ""ma100""}",0.6574074074074074,0.8351851851851851,0.8296296296296296,0.7907407407407407,0.027237769483162907,0.6957793325038718,False
breakout_b60_vr1.5_ma100_vc0.7,bb1c4eb2b5799c0e,breakout,1,-0.009207539637197745,0.3990037565504113,413,-0.009623885060041191,0.544916494219156,0.27616926503340755,449,12.48076484018265,-0.009623885060041191,"{""breakout"": 60, ""contraction"": 0.7, ""trend"": ""ma100"", ""volume_ratio"": 1.5}",0.7537037037037037,0.6611111111111111,0.36666666666666664,0.8296296296296296,0.9984623705799358,0.6953092000209564,False
breakout_b60_vr1_ma100_vc0.7,7c5e1cae29caf140,breakout,1,-0.008442538268501457,0.40102002689551963,620,-0.008628654044144583,0.5606632827226287,0.2795031055900621,644,17.901141552511415,-0.008628654044144583,"{""breakout"": 60, ""contraction"": 0.7, ""trend"": ""ma100"", ""volume_ratio"": 1.0}",0.7907407407407407,0.6888888888888889,0.4074074074074074,0.8833333333333333,0.6491500908647525,0.6926927868642531,False
gap_down_recovery_4,af4c982dc1305841,gap,15,-0.010755807580986806,0.837970042455167,353,-0.010319363899722545,0.8747226118068434,0.37067209775967414,491,13.648230593607307,-0.010755807580986806,"{""direction"": ""down"", ""gap_min"": 0.04}",0.6407407407407407,0.6388888888888888,0.7148148148148148,0.7759259259259259,0.9122342694580918,0.6918715750939572,False
gap_down_recovery_6,153699daeeb2e8a5,gap,7,-0.0023701651500734238,0.9585820509881018,167,-0.013952275467467246,0.7818421467617443,0.36633663366336633,202,5.614954337899544,-0.013952275467467246,"{""direction"": ""down"", ""gap_min"": 0.06}",0.9444444444444444,0.5351851851851852,0.6611111111111111,0.6388888888888888,0.576486329216918,0.6913523366253954,False
pullback_lb20_drop8_ma200,63f7ca9f46e25b3e,pullback,10,-0.00618121103140734,0.8483637187792276,632,-0.009235962627623611,0.8382754272630412,0.39611650485436894,2060,57.26141552511416,-0.009235962627623611,"{""drop"": -0.08, ""lookback"": 20, ""trend"": ""ma200""}",0.8759259259259259,0.6722222222222223,0.6925925925925925,0.8592592592592593,0.027850252617347648,0.6906553956321052,False
cross_50_200_fresh,1bdb534f975bf65a,trend_transition,7,-0.002110043113441241,0.9227181683560732,443,-0.014568724329165516,0.6485781695587477,0.3379174852652259,509,14.148573059360732,-0.014568724329165516,"{""fast"": 50, ""fresh"": true, ""slow"": 200}",0.95,0.5203703703703704,0.5092592592592593,0.5925925925925926,0.8764410397159538,0.6904218817493731,False
breakout_b20_vr1.5_ma100_vc0.9,87c2cbf3a397b437,breakout,15,-0.011138303288620244,0.7226227612906054,2109,0.005250484436615376,1.099191549010005,0.3964476021314387,2815,78.24800228310502,-0.011138303288620244,"{""breakout"": 20, ""contraction"": 0.9, ""trend"": ""ma100"", ""volume_ratio"": 1.5}",0.6185185185185185,0.8555555555555555,0.8611111111111112,0.7518518518518519,0.005196135084897815,0.6898714653603416,False
breakout_b60_vr1.5_ma50_vc0.7,c736eeb9a0dd03a0,breakout,1,-0.009280201633709087,0.39118689737994433,429,-0.009773533909882176,0.538872541692302,0.27850877192982454,456,12.675342465753426,-0.009773533909882176,"{""breakout"": 60, ""contraction"": 0.7, ""trend"": ""ma50"", ""volume_ratio"": 1.5}",0.7481481481481481,0.6574074074074074,0.3537037037037037,0.8277777777777777,0.98607052826187,0.6889774231965574,False
breakout_b20_vr1.5_ma100_vc0.7,eab85f052dc0961f,breakout,15,-0.012813462051187835,0.6821447113236777,794,0.007719493522534597,1.1441876253601848,0.4,1120,31.132420091324203,-0.012813462051187835,"{""breakout"": 20, ""contraction"": 0.7, ""trend"": ""ma100"", ""volume_ratio"": 1.5}",0.5333333333333333,0.8759259259259259,0.8796296296296297,0.6759259259259259,0.22523891238393662,0.6886350023495048,False
wyckoff_spring_lb30_d20_clv70_vr1.5,3124740b2cb1a426,wyckoff_spring,1,-0.005368964049968304,0.6610722139068167,294,-0.010810950930367247,0.5185377516364224,0.3237822349570201,349,9.701084474885846,-0.010810950930367247,"{""clv_min"": 0.7, ""depth"": -0.02, ""support_lb"": 30, ""volume_ratio_max"": 1.5}",0.9037037037037037,0.6111111111111112,0.3111111111111111,0.7685185185185185,0.7993844843527822,0.6884569669537967,False
breakout_b20_vr1_ma50_vc0.7,b8378c910181ef1f,breakout,5,-0.009602990634345342,0.6284668779505289,1394,-0.0024698488933328788,0.9305562728765914,0.35768811341330425,1834,50.97933789954338,-0.009602990634345342,"{""breakout"": 20, ""contraction"": 0.7, ""trend"": ""ma50"", ""volume_ratio"": 1.0}",0.7129629629629629,0.7759259259259259,0.762962962962963,0.8314814814814815,0.04603528865319217,0.6876590844208748,False
breakout_b60_vr1_ma50_vc0.7,922051eb5a92dda1,breakout,1,-0.008250420139926069,0.40856940096404565,646,-0.008865077791303798,0.5521256250901416,0.28067484662576686,652,18.12351598173516,-0.008865077791303798,"{""breakout"": 60, ""contraction"": 0.7, ""trend"": ""ma50"", ""volume_ratio"": 1.0}",0.7981481481481482,0.6814814814814815,0.3851851851851852,0.8759259259259259,0.6377038562614217,0.6871037189594754,False
pullback_lb60_drop10_ma200,3a879cf3ba8bf7ca,pullback,20,-0.009412738148781404,0.8586369118050419,603,-0.004946101742630318,0.9371758526219914,0.41278493557978196,2018,56.0939497716895,-0.009412738148781404,"{""drop"": -0.1, ""lookback"": 60, ""trend"": ""ma200""}",0.7425925925925926,0.7444444444444445,0.7666666666666667,0.8555555555555555,0.030576731073227108,0.6869465619962115,False
breakout_b20_vr1_ma50_vc0.7,b8378c910181ef1f,breakout,7,-0.011049304321717425,0.6309689003437904,1394,0.0013137366479338709,1.0343798006341212,0.386041439476554,1834,50.97933789954338,-0.011049304321717425,"{""breakout"": 20, ""contraction"": 0.7, ""trend"": ""ma50"", ""volume_ratio"": 1.0}",0.6240740740740741,0.8222222222222222,0.8277777777777777,0.7555555555555555,0.04603528865319217,0.6793257510875415,False
wyckoff_spring_lb20_d30_clv60_vr1.5,8d6fb793a179834d,wyckoff_spring,1,-0.005355017362399356,0.6833280934083774,231,-0.012208119035231035,0.5536769667016322,0.28792569659442724,323,8.978367579908676,-0.012208119035231035,"{""clv_min"": 0.6, ""depth"": -0.03, ""support_lb"": 20, ""volume_ratio_max"": 1.5}",0.9055555555555556,0.5740740740740741,0.3907407407407407,0.7166666666666667,0.7544769180605196,0.6783180621764222,False
wyckoff_spring_lb20_d20_clv70_vr1.2,f9a253390361ed42,wyckoff_spring,1,-0.00751202169264992,0.5589722279812835,304,-0.010886306792521422,0.5299717422122494,0.3225806451612903,372,10.34041095890411,-0.010886306792521422,"{""clv_min"": 0.7, ""depth"": -0.02, ""support_lb"": 20, ""volume_ratio_max"": 1.2}",0.8388888888888889,0.6074074074074074,0.337037037037037,0.762962962962963,0.8413335190168587,0.6752444630127971,False
breakout_b60_vr2_ma50_vc0.9,1c6594f4e6fc2d55,breakout,2,-0.009571896163753821,0.5127577966041124,861,-0.007894671077512716,0.7296766762723801,0.33223684210526316,912,25.35068493150685,-0.009571896163753821,"{""breakout"": 60, ""contraction"": 0.9, ""trend"": ""ma50"", ""volume_ratio"": 2.0}",0.7185185185185186,0.7037037037037037,0.6259259259259259,0.8351851851851851,0.3577020883290259,0.6750294680921619,False
wyckoff_spring_lb30_d10_clv70_vr1.2,ae34839a3d03bb58,wyckoff_spring,1,-0.007308106158797276,0.48977750238783435,509,-0.009968904827799975,0.4758404536210522,0.3102836879432624,564,15.677397260273974,-0.009968904827799975,"{""clv_min"": 0.7, ""depth"": -0.01, ""support_lb"": 30, ""volume_ratio_max"": 1.2}",0.8481481481481481,0.65,0.21666666666666667,0.8185185185185185,0.7755430534991399,0.6738506016462102,False
breakout_b20_vr1_ma100_vc0.7,4ad46e3375356287,breakout,30,-0.013472533885323748,0.7649112302654685,1134,0.011956841370002724,1.1849298968077684,0.426461143224149,1557,43.279623287671235,-0.013472533885323748,"{""breakout"": 20, ""contraction"": 0.7, ""trend"": ""ma100"", ""volume_ratio"": 1.0}",0.4962962962962963,0.8962962962962963,0.8962962962962963,0.6555555555555556,0.085232721559591,0.6711158647485517,False
wyckoff_spring_lb20_d20_clv60_vr1.5,1b3b4e11916f2e4f,wyckoff_spring,1,-0.007832355786894547,0.5351398271282779,418,-0.010851939243856062,0.5368151419957619,0.3027027027027027,555,15.42722602739726,-0.010851939243856062,"{""clv_min"": 0.6, ""depth"": -0.02, ""support_lb"": 20, ""volume_ratio_max"": 1.5}",0.8222222222222222,0.6092592592592593,0.34629629629629627,0.7666666666666667,0.791220900996507,0.6676406086181692,False
pullback_lb20_drop8_ma100,9b790dfd7e70d90a,pullback,15,-0.0062157230505774375,0.8888493095928509,877,-0.010604502141840664,0.8386840304254503,0.39855072463768115,2070,57.53938356164384,-0.010604502141840664,"{""drop"": -0.08, ""lookback"": 20, ""trend"": ""ma100""}",0.8740740740740741,0.6240740740740741,0.6944444444444444,0.7925925925925926,0.027237769483162907,0.6667978510223903,False
breakout_b20_vr2_ma50_vc0.7,5d41594245e2999f,breakout,15,-0.013588640080755476,0.6804281076892057,677,0.00418900879423015,1.0741862369379263,0.40809968847352024,963,26.768321917808223,-0.013588640080755476,"{""breakout"": 20, ""contraction"": 0.7, ""trend"": ""ma50"", ""volume_ratio"": 2.0}",0.4888888888888889,0.8481481481481481,0.8407407407407408,0.65,0.3193505893768984,0.6665646885673195,False
pullback_lb20_drop8_ma200,63f7ca9f46e25b3e,pullback,2,-0.007052814887475243,0.7315565789224897,633,-0.00933409194077971,0.6842528317286192,0.3757281553398058,2060,57.26141552511416,-0.00933409194077971,"{""drop"": -0.08, ""lookback"": 20, ""trend"": ""ma200""}",0.8592592592592593,0.6703703703703704,0.5648148148148148,0.8574074074074074,0.027850252617347648,0.6656553956321052,False
breakout_b20_vr1.5_ma50_vc0.7,b886110ee4048b71,breakout,10,-0.012316180511791187,0.6557410421722232,970,0.0018178872620883545,1.039512448697541,0.3919330289193303,1314,36.525000000000006,-0.012316180511791187,"{""breakout"": 20, ""contraction"": 0.7, ""trend"": ""ma50"", ""volume_ratio"": 1.5}",0.5537037037037037,0.8277777777777777,0.8333333333333334,0.7,0.1463140412246354,0.6654647374557968,False
wyckoff_spring_lb30_d10_clv60_vr1.2,c2fef472c3f78764,wyckoff_spring,1,-0.008239846667148533,0.4419970939996156,576,-0.00946810525716091,0.514818866125941,0.30389221556886226,668,18.56826484018265,-0.00946810525716091,"{""clv_min"": 0.6, ""depth"": -0.01, ""support_lb"": 30, ""volume_ratio_max"": 1.2}",0.8,0.6648148148148149,0.3055555555555556,0.8481481481481481,0.6154133105564414,0.6648746643889776,False
breakout_b40_vr1_ma100_vc0.7,d7e1fc031818b45f,breakout,2,-0.009878195634974163,0.4601904143127271,794,-0.007826206246684104,0.6952796506816544,0.3172866520787746,914,25.40627853881279,-0.009878195634974163,"{""breakout"": 40, ""contraction"": 0.7, ""trend"": ""ma100"", ""volume_ratio"": 1.0}",0.7,0.7055555555555556,0.5796296296296296,0.8222222222222222,0.35611474483706057,0.6617225855948171,False
pullback_lb20_drop8_ma100,9b790dfd7e70d90a,pullback,2,-0.008014239762353891,0.7026879441890436,878,-0.008935641229301228,0.7008048924412313,0.37632850241545895,2070,57.53938356164384,-0.008935641229301228,"{""drop"": -0.08, ""lookback"": 20, ""trend"": ""ma100""}",0.8148148148148148,0.6796296296296296,0.5907407407407408,0.8722222222222222,0.027237769483162907,0.6608719250964643,False
breakout_b20_vr1_ma100_vc0.7,4ad46e3375356287,breakout,5,-0.011919141958214887,0.5565446919231036,1139,0.00047328774594444746,1.0134558005488663,0.3603082851637765,1557,43.279623287671235,-0.011919141958214887,"{""breakout"": 20, ""contraction"": 0.7, ""trend"": ""ma100"", ""volume_ratio"": 1.0}",0.5814814814814815,0.8092592592592592,0.812962962962963,0.725925925925926,0.085232721559591,0.6607454943781813,False
pullback_lb20_drop8_ma100,9b790dfd7e70d90a,pullback,3,-0.007222100200406982,0.7641049968889819,878,-0.00994360258924734,0.7150856159904186,0.3869565217391304,2070,57.53938356164384,-0.00994360258924734,"{""drop"": -0.08, ""lookback"": 20, ""trend"": ""ma100""}",0.8537037037037037,0.6518518518518519,0.6092592592592593,0.8203703703703704,0.027237769483162907,0.6604089621335014,False
pullback_lb20_drop8_ma200,63f7ca9f46e25b3e,pullback,20,-0.011222680224226117,0.8235995644006311,632,-0.0008696489034930452,0.9883311168112422,0.39368932038834953,2060,57.26141552511416,-0.011222680224226117,"{""drop"": -0.08, ""lookback"": 20, ""trend"": ""ma200""}",0.6129629629629629,0.7925925925925926,0.7981481481481482,0.7462962962962963,0.027850252617347648,0.6584331734098828,False
pullback_lb60_drop10_ma200,3a879cf3ba8bf7ca,pullback,30,-0.013974088834349993,0.8214029595490225,602,0.012779981096632751,1.13195866764096,0.4172447968285431,2018,56.0939497716895,-0.013974088834349993,"{""drop"": -0.1, ""lookback"": 60, ""trend"": ""ma200""}",0.4759259259259259,0.9,0.8759259259259259,0.6351851851851852,0.030576731073227108,0.6557428582925079,False
pullback_lb20_drop8_ma200,63f7ca9f46e25b3e,pullback,3,-0.006392379162428307,0.7788850089005817,633,-0.010402568921739559,0.7032480185700528,0.38543689320388347,2060,57.26141552511416,-0.010402568921739559,"{""drop"": -0.08, ""lookback"": 20, ""trend"": ""ma200""}",0.8703703703703703,0.6333333333333333,0.5962962962962963,0.8037037037037037,0.027850252617347648,0.6553776178543274,False
breakout_b20_vr2_ma100_vc0.9,ad802bb544585035,breakout,20,-0.012144798292514143,0.7386325799783319,1504,0.0009568988299426199,1.0153927973012917,0.3924601256645723,2069,57.51158675799087,-0.012144798292514143,"{""breakout"": 20, ""contraction"": 0.9, ""trend"": ""ma100"", ""volume_ratio"": 2.0}",0.5722222222222222,0.8185185185185185,0.8148148148148148,0.7203703703703703,0.02729840671344395,0.6551372480787517,False
wyckoff_spring_lb30_d30_clv70_vr1.2,9adec51b806236c9,wyckoff_spring,1,-0.0038460097081075856,0.7752618097480807,136,-0.01239176858850449,0.5398167701864343,0.30625,160,4.447488584474886,-0.01239176858850449,"{""clv_min"": 0.7, ""depth"": -0.03, ""support_lb"": 30, ""volume_ratio_max"": 1.2}",0.9277777777777778,0.5685185185185185,0.3574074074074074,0.6981481481481482,0.5250819605499482,0.6532489367957355,False
breakout_b40_vr2_ma100_vc0.7,085be2924d7ca22b,breakout,2,-0.011373983971645407,0.4609502040051296,365,-0.01062085017522692,0.6501980458315768,0.29046563192904656,451,12.536358447488585,-0.011373983971645407,"{""breakout"": 40, ""contraction"": 0.7, ""trend"": ""ma100"", ""volume_ratio"": 2.0}",0.6092592592592593,0.6203703703703703,0.5148148148148148,0.7388888888888889,0.9970955502999217,0.6507280735485106,False
breakout_b20_vr1.5_ma50_vc0.7,b886110ee4048b71,breakout,5,-0.011714981527555882,0.5892360469114001,973,-0.0027900811397916945,0.9280044365735494,0.3462709284627093,1314,36.525000000000006,-0.011714981527555882,"{""breakout"": 20, ""contraction"": 0.7, ""trend"": ""ma50"", ""volume_ratio"": 1.5}",0.5907407407407408,0.7703703703703704,0.7574074074074074,0.7314814814814815,0.1463140412246354,0.6482425152335747,False
wyckoff_spring_lb20_d20_clv70_vr1.5,751c7b2e53537d01,wyckoff_spring,1,-0.007458169482218328,0.5573968874603322,380,-0.012293881000750078,0.4673789642431915,0.3067226890756303,476,13.231278538812786,-0.012293881000750078,"{""clv_min"": 0.7, ""depth"": -0.02, ""support_lb"": 20, ""volume_ratio_max"": 1.5}",0.8407407407407408,0.5722222222222222,0.20185185185185187,0.7055555555555556,0.9431760870271467,0.647650942036048,False
breakout_b20_vr2_ma50_vc0.7,5d41594245e2999f,breakout,5,-0.012268226193974907,0.5870784697870232,678,-0.0038097595769509794,0.9080111666029353,0.3343717549325026,963,26.768321917808223,-0.012268226193974907,"{""breakout"": 20, ""contraction"": 0.7, ""trend"": ""ma50"", ""volume_ratio"": 2.0}",0.562962962962963,0.7537037037037037,0.7351851851851852,0.7129629629629629,0.3193505893768984,0.6461943181969492,False
breakout_b20_vr2_ma100_vc0.7,c4c6f64bbf69c415,breakout,15,-0.01602503937439403,0.6265776275942309,545,0.005619510162152991,1.0977526218181464,0.3973429951690821,828,23.015753424657536,-0.01602503937439403,"{""breakout"": 20, ""contraction"": 0.7, ""trend"": ""ma100"", ""volume_ratio"": 2.0}",0.39444444444444443,0.8611111111111112,0.8574074074074074,0.5462962962962963,0.43116679258958274,0.6460796422219212,False
breakout_b20_vr1.5_ma100_vc0.9,87c2cbf3a397b437,breakout,10,-0.011882547705185958,0.6580207778718157,2106,-0.0008524241092077796,0.9821013213522582,0.3886323268206039,2815,78.24800228310502,-0.011882547705185958,"{""breakout"": 20, ""contraction"": 0.9, ""trend"": ""ma100"", ""volume_ratio"": 1.5}",0.5833333333333334,0.7944444444444444,0.7944444444444444,0.7277777777777777,0.005196135084897815,0.6455196135084899,False
pullback_lb20_drop8_ma200,63f7ca9f46e25b3e,pullback,30,-0.01530151013749786,0.7986646777792842,632,0.016323143894975505,1.1773185139674676,0.3975728155339806,2060,57.26141552511416,-0.01530151013749786,"{""drop"": -0.08, ""lookback"": 20, ""trend"": ""ma200""}",0.42407407407407405,0.9166666666666666,0.8925925925925926,0.575925925925926,0.027850252617347648,0.6423220622987718,False
breakout_b60_vr2_ma100_vc0.7,4ef4749189394140,breakout,1,-0.00855677763380153,0.45579083489248645,270,-0.011115335697678828,0.5141891736313041,0.26006191950464397,323,8.978367579908676,-0.011115335697678828,"{""breakout"": 60, ""contraction"": 0.7, ""trend"": ""ma100"", ""volume_ratio"": 2.0}",0.7833333333333333,0.5962962962962963,0.3037037037037037,0.7537037037037037,0.7544769180605196,0.6400773214356815,False
breakout_b20_vr1.5_ma100_vc0.7,eab85f052dc0961f,breakout,10,-0.014118920107954559,0.615737338572894,794,0.0018735825772098536,1.0392884824910267,0.3776785714285714,1120,31.132420091324203,-0.014118920107954559,"{""breakout"": 20, ""contraction"": 0.7, ""trend"": ""ma100"", ""volume_ratio"": 1.5}",0.4666666666666667,0.8296296296296296,0.8314814814814815,0.6222222222222222,0.22523891238393662,0.6398387060532084,False
breakout_b20_vr1_ma50_vc0.7,b8378c910181ef1f,breakout,30,-0.014789585787659066,0.7411137775099771,1388,0.010404897205707284,1.1659683960833476,0.4351145038167939,1834,50.97933789954338,-0.014789585787659066,"{""breakout"": 20, ""contraction"": 0.7, ""trend"": ""ma50"", ""volume_ratio"": 1.0}",0.4388888888888889,0.8907407407407407,0.8833333333333333,0.5888888888888889,0.04603528865319217,0.639418343680134,False
breakout_b60_vr2_ma50_vc0.7,b7b98811d0ee7911,breakout,1,-0.008672830820744345,0.4443145774943184,282,-0.011303280343711848,0.5087880524874585,0.26299694189602446,327,9.089554794520549,-0.011303280343711848,"{""breakout"": 60, ""contraction"": 0.7, ""trend"": ""ma50"", ""volume_ratio"": 2.0}",0.7759259259259259,0.5944444444444444,0.29444444444444445,0.7444444444444445,0.7612179090557774,0.6355662353500222,False
breakout_b20_vr1_ma100_vc0.7,4ad46e3375356287,breakout,7,-0.014058730627423261,0.5513937846803859,1139,0.003066959582426286,1.080025328618969,0.3815028901734104,1557,43.279623287671235,-0.014058730627423261,"{""breakout"": 20, ""contraction"": 0.7, ""trend"": ""ma100"", ""volume_ratio"": 1.0}",0.4722222222222222,0.8407407407407408,0.8425925925925926,0.6296296296296297,0.085232721559591,0.6338010499337369,False
breakout_b20_vr1_ma50_vc0.7,b8378c910181ef1f,breakout,3,-0.009435694092591776,0.5435875411247165,1393,-0.009355092657591192,0.6915717014088812,0.3244274809160305,1834,50.97933789954338,-0.009435694092591776,"{""breakout"": 20, ""contraction"": 0.7, ""trend"": ""ma50"", ""volume_ratio"": 1.0}",0.7407407407407407,0.6685185185185185,0.5740740740740741,0.8537037037037037,0.04603528865319217,0.6322887140505045,False
cross_50_200_fresh,1bdb534f975bf65a,trend_transition,2,-0.008177325736744913,0.5510825954169875,442,-0.012932782304459352,0.5027394736993069,0.275049115913556,509,14.148573059360732,-0.012932782304459352,"{""fast"": 50, ""fresh"": true, ""slow"": 200}",0.8018518518518518,0.5444444444444444,0.28703703703703703,0.6722222222222223,0.8764410397159538,0.6290329928604842,False
breakout_b20_vr1.5_ma100_vc0.9,87c2cbf3a397b437,breakout,30,-0.014307606272023854,0.7460897129036977,2103,0.006750379601733419,1.097868200845063,0.4145648312611012,2815,78.24800228310502,-0.014307606272023854,"{""breakout"": 20, ""contraction"": 0.9, ""trend"": ""ma100"", ""volume_ratio"": 1.5}",0.44814814814814813,0.8685185185185185,0.8592592592592593,0.6018518518518519,0.005196135084897815,0.6280196135084899,False
breakout_b20_vr2_ma50_vc0.7,5d41594245e2999f,breakout,10,-0.014935580205330857,0.6096517904795046,676,0.0005539597714734874,1.0113716767807466,0.387331256490135,963,26.768321917808223,-0.014935580205330857,"{""breakout"": 20, ""contraction"": 0.7, ""trend"": ""ma50"", ""volume_ratio"": 2.0}",0.4351851851851852,0.812962962962963,0.8111111111111111,0.5833333333333334,0.3193505893768984,0.6270276515302825,False
breakout_b20_vr1.5_ma100_vc0.7,eab85f052dc0961f,breakout,5,-0.014343869462947339,0.513054538320823,796,0.0009664977969633345,1.0254289297045363,0.3535714285714286,1120,31.132420091324203,-0.014343869462947339,"{""breakout"": 20, ""contraction"": 0.7, ""trend"": ""ma100"", ""volume_ratio"": 1.5}",0.4462962962962963,0.8203703703703704,0.8222222222222222,0.6,0.22523891238393662,0.6268757430902455,False
breakout_b10_vr2_ma100_vc0.9,32390b2b401e16c4,breakout,20,-0.012284140230652347,0.73606146181209,1827,-0.0026762392262009984,0.9582617428988123,0.3839175257731959,2425,67.40724885844749,-0.012284140230652347,"{""breakout"": 10, ""contraction"": 0.9, ""trend"": ""ma100"", ""volume_ratio"": 2.0}",0.5592592592592592,0.7722222222222223,0.7759259259259259,0.7092592592592593,0.01236877770525921,0.6266072481408963,False
pullback_lb60_drop10_ma100,ee89005739254718,pullback,10,-0.009664602526092154,0.794861809064621,738,-0.0101421689418455,0.8275419657039206,0.4005128205128205,1950,54.203767123287676,-0.0101421689418455,"{""drop"": -0.1, ""lookback"": 60, ""trend"": ""ma100""}",0.7092592592592593,0.6444444444444445,0.6888888888888889,0.8111111111111111,0.035568268606896776,0.6263346046384676,False
wyckoff_spring_lb30_d10_clv60_vr1.5,3c699a3f08e94581,wyckoff_spring,1,-0.007928108702293366,0.45729588668327403,707,-0.010279430311988403,0.47507386684513,0.297719087635054,833,23.154737442922375,-0.010279430311988403,"{""clv_min"": 0.6, ""depth"": -0.01, ""support_lb"": 30, ""volume_ratio_max"": 1.5}",0.8185185185185185,0.6407407407407407,0.2111111111111111,0.8074074074074075,0.4263993223216166,0.6248621544543839,False
breakout_b20_vr2_ma100_vc0.7,c4c6f64bbf69c415,breakout,5,-0.015339275812289822,0.4982349084730677,546,-0.000762420091629927,0.9815482188816865,0.3357487922705314,828,23.015753424657536,-0.015339275812289822,"{""breakout"": 20, ""contraction"": 0.7, ""trend"": ""ma100"", ""volume_ratio"": 2.0}",0.4203703703703704,0.7962962962962963,0.7925925925925926,0.5703703703703704,0.43116679258958274,0.6238574199996989,False
wyckoff_spring_lb20_d30_clv70_vr1.2,766c04be93dbfa6b,wyckoff_spring,1,-0.005555117871791992,0.6828550808826291,177,-0.013850219996932936,0.49271384564432924,0.2981651376146789,218,6.059703196347033,-0.013850219996932936,"{""clv_min"": 0.7, ""depth"": -0.03, ""support_lb"": 20, ""volume_ratio_max"": 1.2}",0.9018518518518519,0.5370370370370371,0.27037037037037037,0.6462962962962963,0.5973669222253584,0.6234403959262396,False
breakout_b20_vr2_ma100_vc0.9,ad802bb544585035,breakout,15,-0.013896280697742226,0.6679022086930263,1505,0.001445875923184655,1.0256152163629748,0.3895601739971,2069,57.51158675799087,-0.013896280697742226,"{""breakout"": 20, ""contraction"": 0.9, ""trend"": ""ma100"", ""volume_ratio"": 2.0}",0.4777777777777778,0.8240740740740741,0.8240740740740741,0.6407407407407407,0.02729840671344395,0.6221742851157889,False
pullback_lb60_drop10_ma100,ee89005739254718,pullback,30,-0.016416588536027912,0.7884067946541727,737,0.016394119299069376,1.1696556364806863,0.42,1950,54.203767123287676,-0.016416588536027912,"{""drop"": -0.1, ""lookback"": 60, ""trend"": ""ma100""}",0.37407407407407406,0.9185185185185185,0.8851851851851852,0.5203703703703704,0.035568268606896776,0.6220753453792082,False
pullback_lb60_drop10_ma100,ee89005739254718,pullback,15,-0.0038631392820759557,0.931454995713438,738,-0.014899566293050646,0.7910983466671869,0.40102564102564103,1950,54.203767123287676,-0.014899566293050646,"{""drop"": -0.1, ""lookback"": 60, ""trend"": ""ma100""}",0.9259259259259259,0.5148148148148148,0.6648148148148149,0.5851851851851851,0.035568268606896776,0.6197605305643934,False
breakout_b20_vr1.5_ma50_vc0.7,b886110ee4048b71,breakout,7,-0.014135614766273362,0.5746401393912638,973,0.0003767356956660043,1.0090560048490136,0.3698630136986301,1314,36.525000000000006,-0.014135614766273362,"{""breakout"": 20, ""contraction"": 0.7, ""trend"": ""ma50"", ""volume_ratio"": 1.5}",0.46296296296296297,0.8074074074074075,0.8092592592592592,0.6185185185185185,0.1463140412246354,0.6193536263446857,False
breakout_b20_vr1_ma100_vc0.7,4ad46e3375356287,breakout,3,-0.010708880353307896,0.4918397201970571,1138,-0.008288920212204023,0.7270618713493094,0.3249839434810533,1557,43.279623287671235,-0.010708880353307896,"{""breakout"": 20, ""contraction"": 0.7, ""trend"": ""ma100"", ""volume_ratio"": 1.0}",0.6481481481481481,0.6962962962962963,0.6185185185185185,0.7796296296296297,0.085232721559591,0.617412161044848,False
wyckoff_spring_lb30_d10_clv70_vr1.5,4180e7463981ac74,wyckoff_spring,1,-0.007244800119701419,0.492024878078261,625,-0.010945014368508286,0.42635332076217064,0.3025568181818182,704,19.5689497716895,-0.010945014368508286,"{""clv_min"": 0.7, ""depth"": -0.01, ""support_lb"": 30, ""volume_ratio_max"": 1.5}",0.8518518518518519,0.6037037037037037,0.1111111111111111,0.7592592592592593,0.5680669589491026,0.6162511403393547,False
pullback_lb20_drop8_ma200,63f7ca9f46e25b3e,pullback,15,-0.0060398620138207935,0.8891465041990744,632,-0.014139658488777247,0.7919526545578255,0.3970873786407767,2060,57.26141552511416,-0.014139658488777247,"{""drop"": -0.08, ""lookback"": 20, ""trend"": ""ma200""}",0.8851851851851852,0.5277777777777778,0.6685185185185185,0.6166666666666667,0.027850252617347648,0.615007247483957,False
breakout_b10_vr2_ma50_vc0.7,4676541cd71a8f0e,breakout,20,-0.014201905030918796,0.7041097570378582,814,-0.0019281736610235784,0.9707545395963773,0.3970331588132635,1146,31.85513698630137,-0.014201905030918796,"{""breakout"": 10, ""contraction"": 0.7, ""trend"": ""ma50"", ""volume_ratio"": 2.0}",0.45740740740740743,0.7833333333333333,0.7888888888888889,0.6092592592592593,0.2125855126902107,0.6119066994171692,False
breakout_b20_vr2_ma100_vc0.7,c4c6f64bbf69c415,breakout,30,-0.01859089522429587,0.6996216571640189,542,0.006393531177922117,1.0896656307385204,0.42632850241545894,828,23.015753424657536,-0.01859089522429587,"{""breakout"": 20, ""contraction"": 0.7, ""trend"": ""ma100"", ""volume_ratio"": 2.0}",0.3055555555555556,0.8666666666666667,0.85,0.46111111111111114,0.43116679258958274,0.6117277903700693,False
pullback_lb60_drop10_ma100,ee89005739254718,pullback,7,-0.010690538108963865,0.7476910386104965,736,-0.00966659697770779,0.811262629724533,0.4112820512820513,1950,54.203767123287676,-0.010690538108963865,"{""drop"": -0.1, ""lookback"": 60, ""trend"": ""ma100""}",0.6537037037037037,0.6592592592592592,0.6796296296296296,0.7833333333333333,0.035568268606896776,0.6106864564903193,False
breakout_b20_vr2_ma50_vc0.9,3836509466606b67,breakout,15,-0.013557581664601082,0.6822544432943071,1839,-0.0014100769393079666,0.97513370688883,0.3896158716758126,2369,65.85062785388128,-0.013557581664601082,"{""breakout"": 20, ""contraction"": 0.9, ""trend"": ""ma50"", ""volume_ratio"": 2.0}",0.4925925925925926,0.7907407407407407,0.7907407407407407,0.6518518518518519,0.014009071032221408,0.6097342404365556,False
breakout_b20_vr1.5_ma100_vc0.9,87c2cbf3a397b437,breakout,5,-0.012853204547812367,0.5433123742724337,2111,-0.0027970599092490777,0.9252077499753256,0.3520426287744227,2815,78.24800228310502,-0.012853204547812367,"{""breakout"": 20, ""contraction"": 0.9, ""trend"": ""ma100"", ""volume_ratio"": 1.5}",0.5296296296296297,0.7685185185185185,0.7518518518518519,0.674074074074074,0.005196135084897815,0.6085751690640453,False
wyckoff_spring_lb20_d10_clv70_vr1.2,d3b74bcf2ee2efaa,wyckoff_spring,1,-0.007951854424064209,0.44940215518547916,684,-0.01073816779806591,0.4397723252438504,0.3010204081632653,784,21.79269406392694,-0.01073816779806591,"{""clv_min"": 0.7, ""depth"": -0.01, ""support_lb"": 20, ""volume_ratio_max"": 1.2}",0.8166666666666667,0.6148148148148148,0.15,0.7777777777777778,0.47548710075511313,0.6080116730384743,False
pullback_lb60_drop10_ma100,ee89005739254718,pullback,5,-0.009747901115784401,0.7354782283350917,737,-0.01065149485544921,0.7622301903148341,0.39897435897435896,1950,54.203767123287676,-0.01065149485544921,"{""drop"": -0.1, ""lookback"": 60, ""trend"": ""ma100""}",0.7074074074074074,0.6185185185185185,0.6462962962962963,0.7870370370370371,0.035568268606896776,0.6079086787125415,False
pullback_lb20_drop8_ma200,63f7ca9f46e25b3e,pullback,1,-0.008901874811278661,0.5829337043535273,633,-0.010042825494240862,0.5683909767257341,0.3257281553398058,2060,57.26141552511416,-0.010042825494240862,"{""drop"": -0.08, ""lookback"": 20, ""trend"": ""ma200""}",0.7722222222222223,0.6481481481481481,0.4203703703703704,0.8148148148148148,0.027850252617347648,0.6058405808172903,False
breakout_b20_vr2_ma50_vc0.9,3836509466606b67,breakout,20,-0.0131078837091427,0.7255120218872465,1837,-0.003252963309589555,0.948410494214229,0.38623891937526383,2369,65.85062785388128,-0.0131078837091427,"{""breakout"": 20, ""contraction"": 0.9, ""trend"": ""ma50"", ""volume_ratio"": 2.0}",0.5148148148148148,0.7592592592592593,0.7722222222222223,0.6703703703703704,0.014009071032221408,0.6044564626587776,False
breakout_b40_vr1_ma100_vc0.7,d7e1fc031818b45f,breakout,1,-0.009478730857865006,0.35495399123744914,794,-0.010086157221401668,0.4956340268901963,0.2636761487964989,914,25.40627853881279,-0.010086157221401668,"{""breakout"": 40, ""contraction"": 0.7, ""trend"": ""ma100"", ""volume_ratio"": 1.0}",0.7314814814814815,0.6462962962962963,0.2759259259259259,0.812962962962963,0.35611474483706057,0.6039448078170394,False
breakout_b20_vr1.5_ma100_vc0.7,eab85f052dc0961f,breakout,30,-0.018012391886104966,0.702378022637057,792,0.007572005371758217,1.1128416484953132,0.4232142857142857,1120,31.132420091324203,-0.018012391886104966,"{""breakout"": 20, ""contraction"": 0.7, ""trend"": ""ma100"", ""volume_ratio"": 1.5}",0.32222222222222224,0.8740740740740741,0.8685185185185185,0.4759259259259259,0.22523891238393662,0.6029868542013567,False
cross_50_200_fresh,1bdb534f975bf65a,trend_transition,1,-0.009270476644182327,0.40216619769249967,443,-0.01176612440372864,0.4141282757930539,0.22396856581532418,509,14.148573059360732,-0.01176612440372864,"{""fast"": 50, ""fresh"": true, ""slow"": 200}",0.75,0.5814814814814815,0.09074074074074075,0.7296296296296296,0.8764410397159538,0.602736696564188,False
breakout_b10_vr2_ma50_vc0.9,08038c55d5505398,breakout,20,-0.012270560219340292,0.739102765184317,2201,-0.006860072911558133,0.8951795386323008,0.37819110138584977,2742,76.21883561643835,-0.012270560219340292,"{""breakout"": 10, ""contraction"": 0.9, ""trend"": ""ma50"", ""volume_ratio"": 2.0}",0.5611111111111111,0.7240740740740741,0.7277777777777777,0.7111111111111111,0.006111965637227613,0.6026482336007598,False
wyckoff_spring_lb20_d30_clv70_vr1.5,a2059a1dfdf400a0,wyckoff_spring,1,-0.005186768083426966,0.694532408386252,218,-0.015160848840387936,0.4368687941509608,0.28321678321678323,286,7.949885844748859,-0.015160848840387936,"{""clv_min"": 0.7, ""depth"": -0.03, ""support_lb"": 20, ""volume_ratio_max"": 1.5}",0.9166666666666666,0.5092592592592593,0.13703703703703704,0.5777777777777777,0.6948848487335798,0.6010625589474321,False
breakout_b20_vr2_ma100_vc0.9,ad802bb544585035,breakout,10,-0.013349705624183639,0.6320786708576507,1503,-0.004242902163168152,0.9165361763752473,0.3779603673272112,2069,57.51158675799087,-0.013349705624183639,"{""breakout"": 20, ""contraction"": 0.9, ""trend"": ""ma100"", ""volume_ratio"": 2.0}",0.5074074074074074,0.7518518518518519,0.7444444444444445,0.662962962962963,0.02729840671344395,0.5960631740046778,False
breakout_b20_vr1.5_ma100_vc0.9,87c2cbf3a397b437,breakout,7,-0.014194686052830847,0.5584344292383688,2111,-0.0014361677496806907,0.9651467747624604,0.37300177619893427,2815,78.24800228310502,-0.014194686052830847,"{""breakout"": 20, ""contraction"": 0.9, ""trend"": ""ma100"", ""volume_ratio"": 1.5}",0.46111111111111114,0.7888888888888889,0.7833333333333333,0.6129629629629629,0.005196135084897815,0.5937603542492305,False
pullback_lb20_drop8_ma100,9b790dfd7e70d90a,pullback,30,-0.019564436429986315,0.7508187835314214,877,0.018959918361100125,1.208742134931244,0.40531400966183573,2070,57.53938356164384,-0.019564436429986315,"{""drop"": -0.08, ""lookback"": 20, ""trend"": ""ma100""}",0.2833333333333333,0.9314814814814815,0.9018518518518519,0.4444444444444444,0.027237769483162907,0.593464517689057,False
breakout_b10_vr2_ma100_vc0.9,32390b2b401e16c4,breakout,15,-0.013881819433747958,0.6673119929705893,1827,-0.003077073938836107,0.9474758376669463,0.3777319587628866,2425,67.40724885844749,-0.013881819433747958,"{""breakout"": 10, ""contraction"": 0.9, ""trend"": ""ma100"", ""volume_ratio"": 2.0}",0.47962962962962963,0.7648148148148148,0.7703703703703704,0.6425925925925926,0.01236877770525921,0.5926257666594148,False
breakout_b20_vr2_ma100_vc0.7,c4c6f64bbf69c415,breakout,10,-0.017466340729550583,0.5596714500919725,544,-0.00037073005386063443,0.9927356288436766,0.3743961352657005,828,23.015753424657536,-0.017466340729550583,"{""breakout"": 20, ""contraction"": 0.7, ""trend"": ""ma100"", ""volume_ratio"": 2.0}",0.3333333333333333,0.8,0.8018518518518518,0.48518518518518516,0.43116679258958274,0.5919129755552545,False
breakout_b20_vr1.5_ma100_vc0.7,eab85f052dc0961f,breakout,7,-0.01732218900587955,0.49667057986640495,796,0.0026069864360703542,1.0630653171529465,0.36875,1120,31.132420091324203,-0.01732218900587955,"{""breakout"": 20, ""contraction"": 0.7, ""trend"": ""ma100"", ""volume_ratio"": 1.5}",0.3388888888888889,0.837037037037037,0.8351851851851851,0.48703703703703705,0.22523891238393662,0.5911350023495048,False
breakout_b40_vr2_ma100_vc0.7,085be2924d7ca22b,breakout,1,-0.010185748804836515,0.3843945115727851,365,-0.01273873732569313,0.4488857025123923,0.24611973392461198,451,12.536358447488585,-0.01273873732569313,"{""breakout"": 40, ""contraction"": 0.7, ""trend"": ""ma100"", ""volume_ratio"": 2.0}",0.6833333333333333,0.5481481481481482,0.17407407407407408,0.6796296296296296,0.9970955502999217,0.590635480955918,False
breakout_b10_vr2_ma50_vc0.9,08038c55d5505398,breakout,15,-0.013328165440522672,0.6828087858784673,2202,-0.005348408356368246,0.9089611738293387,0.3785557986870897,2742,76.21883561643835,-0.013328165440522672,"{""breakout"": 10, ""contraction"": 0.9, ""trend"": ""ma50"", ""volume_ratio"": 2.0}",0.5092592592592593,0.7388888888888889,0.7388888888888889,0.6648148148148149,0.006111965637227613,0.5893149002674265,False
breakout_b10_vr2_ma50_vc0.7,4676541cd71a8f0e,breakout,15,-0.015797970701634738,0.6332806588704432,814,-0.002310079129141103,0.9613459456951357,0.387434554973822,1146,31.85513698630137,-0.015797970701634738,"{""breakout"": 10, ""contraction"": 0.7, ""trend"": ""ma50"", ""volume_ratio"": 2.0}",0.4074074074074074,0.7796296296296297,0.7814814814814814,0.5574074074074075,0.2125855126902107,0.5893141068245766,False
breakout_b20_vr2_ma100_vc0.9,ad802bb544585035,breakout,30,-0.01617015178734624,0.7204759803533267,1499,0.001984934784846572,1.0269696308255076,0.4059932334461092,2069,57.51158675799087,-0.01617015178734624,"{""breakout"": 20, ""contraction"": 0.9, ""trend"": ""ma100"", ""volume_ratio"": 2.0}",0.38333333333333336,0.8314814814814815,0.825925925925926,0.5333333333333333,0.02729840671344395,0.5859705814120851,False
gap_down_recovery_4,af4c982dc1305841,gap,30,-0.04891413677101065,0.5595104812470153,353,0.03125646413653411,1.2992116606707957,0.4154786150712831,491,13.648230593607307,-0.04891413677101065,"{""direction"": ""down"", ""gap_min"": 0.04}",0.03148148148148148,0.987037037037037,0.9074074074074074,0.03333333333333333,0.9122342694580918,0.585575278797661,False
breakout_b20_vr2_ma50_vc0.7,5d41594245e2999f,breakout,7,-0.016409948690488053,0.5388285908770801,678,-0.002668496028201513,0.9403717498318027,0.34683281412253375,963,26.768321917808223,-0.016409948690488053,"{""breakout"": 20, ""contraction"": 0.7, ""trend"": ""ma50"", ""volume_ratio"": 2.0}",0.37592592592592594,0.774074074074074,0.7685185185185185,0.5222222222222223,0.3193505893768984,0.5831387626413935,False
breakout_b10_vr2_ma50_vc0.7,4676541cd71a8f0e,breakout,5,-0.013411098344690606,0.5456951526928966,815,-0.00848520639148049,0.8004992618572312,0.31762652705061084,1146,31.85513698630137,-0.013411098344690606,"{""breakout"": 10, ""contraction"": 0.7, ""trend"": ""ma50"", ""volume_ratio"": 2.0}",0.5018518518518519,0.6925925925925925,0.6722222222222223,0.6574074074074074,0.2125855126902107,0.5807955883060582,False
pullback_lb60_drop10_ma100,ee89005739254718,pullback,3,-0.009029262345942498,0.7107188019473346,738,-0.012564711218132258,0.6666987952168762,0.39282051282051283,1950,54.203767123287676,-0.012564711218132258,"{""drop"": -0.1, ""lookback"": 60, ""trend"": ""ma100""}",0.7648148148148148,0.5574074074074075,0.5407407407407407,0.687037037037037,0.035568268606896776,0.5779086787125416,False
breakout_b10_vr2_ma100_vc0.9,32390b2b401e16c4,breakout,10,-0.01331453755883007,0.6300912154250903,1826,-0.007788207467001089,0.8512696840854052,0.3645360824742268,2425,67.40724885844749,-0.01331453755883007,"{""breakout"": 10, ""contraction"": 0.9, ""trend"": ""ma100"", ""volume_ratio"": 2.0}",0.5111111111111111,0.7074074074074074,0.7074074074074074,0.6666666666666666,0.01236877770525921,0.5749405814742296,False
breakout_b20_vr2_ma100_vc0.9,ad802bb544585035,breakout,5,-0.01413518323107659,0.5187997212970986,1506,-0.0048766952109125655,0.8800113193438114,0.3349444175930401,2069,57.51158675799087,-0.01413518323107659,"{""breakout"": 20, ""contraction"": 0.9, ""trend"": ""ma100"", ""volume_ratio"": 2.0}",0.4648148148148148,0.7462962962962963,0.7185185185185186,0.6203703703703703,0.02729840671344395,0.5731928036343074,False
pullback_lb20_drop8_ma100,9b790dfd7e70d90a,pullback,1,-0.01004767147552203,0.5515478617293247,878,-0.010406852279951506,0.5641491576716685,0.32222222222222224,2070,57.53938356164384,-0.010406852279951506,"{""drop"": -0.08, ""lookback"": 20, ""trend"": ""ma100""}",0.687037037037037,0.6314814814814815,0.412962962962963,0.8018518518518518,0.027237769483162907,0.5719830362075756,False
pullback_lb60_drop10_ma100,ee89005739254718,pullback,2,-0.010307670549308687,0.6266460945914248,738,-0.011006217951085624,0.6535750362584164,0.3748717948717949,1950,54.203767123287676,-0.011006217951085624,"{""drop"": -0.1, ""lookback"": 60, ""trend"": ""ma100""}",0.6777777777777778,0.6018518518518519,0.524074074074074,0.7574074074074074,0.035568268606896776,0.5718901601940231,False
breakout_b20_vr2_ma50_vc0.9,3836509466606b67,breakout,10,-0.014114647076889666,0.6214841452483738,1837,-0.005552092713752033,0.8892178061475924,0.3727311101730688,2369,65.85062785388128,-0.014114647076889666,"{""breakout"": 20, ""contraction"": 0.9, ""trend"": ""ma50"", ""volume_ratio"": 2.0}",0.4685185185185185,0.7351851851851852,0.7240740740740741,0.6240740740740741,0.014009071032221408,0.5702897959921109,False
breakout_b20_vr2_ma100_vc0.7,c4c6f64bbf69c415,breakout,7,-0.019907523604856918,0.4565651437975604,546,-0.0006408240346386638,0.9857695441973382,0.34903381642512077,828,23.015753424657536,-0.019907523604856918,"{""breakout"": 20, ""contraction"": 0.7, ""trend"": ""ma100"", ""volume_ratio"": 2.0}",0.2759259259259259,0.7981481481481482,0.7962962962962963,0.4388888888888889,0.43116679258958274,0.5685796422219211,False
breakout_b60_vr2_ma50_vc0.9,1c6594f4e6fc2d55,breakout,1,-0.009971827266907759,0.3851347921550261,861,-0.011565860910823804,0.5007003228445226,0.26864035087719296,912,25.35068493150685,-0.011565860910823804,"{""breakout"": 60, ""contraction"": 0.9, ""trend"": ""ma50"", ""volume_ratio"": 2.0}",0.6981481481481482,0.5888888888888889,0.2796296296296296,0.737037037037037,0.3577020883290259,0.5669739125366063,False
pullback_lb60_drop10_ma200,3a879cf3ba8bf7ca,pullback,2,-0.009125579758320634,0.6650700834757779,603,-0.012543926813491065,0.6133063028278346,0.37066402378592667,2018,56.0939497716895,-0.012543926813491065,"{""drop"": -0.1, ""lookback"": 60, ""trend"": ""ma200""}",0.7592592592592593,0.5592592592592592,0.4740740740740741,0.6888888888888889,0.030576731073227108,0.5665761916258413,False
wyckoff_spring_lb20_d10_clv70_vr1.5,62681173c89068e8,wyckoff_spring,1,-0.008110978890565742,0.4449088512406814,829,-0.011595486971498346,0.40282677090908386,0.2949117341640706,963,26.768321917808223,-0.011595486971498346,"{""clv_min"": 0.7, ""depth"": -0.01, ""support_lb"": 20, ""volume_ratio_max"": 1.5}",0.8074074074074075,0.587037037037037,0.06481481481481481,0.7351851851851852,0.3193505893768984,0.5628609848636158,False
wyckoff_spring_lb30_d30_clv60_vr1.5,d768d303b64a01c1,wyckoff_spring,3,-0.007833784731314892,0.6821107835701954,181,-0.018319741739854727,0.5517351016217112,0.31275720164609055,243,6.754623287671233,-0.018319741739854727,"{""clv_min"": 0.6, ""depth"": -0.03, ""support_lb"": 30, ""volume_ratio_max"": 1.5}",0.8203703703703704,0.42407407407407405,0.38333333333333336,0.4685185185185185,0.6315171771632507,0.5620406066052139,False
gap_down_recovery_6,153699daeeb2e8a5,gap,30,-0.07558222325295103,0.4668125784650593,167,0.0874848398997646,1.7702522032427621,0.4158415841584158,202,5.614954337899544,-0.07558222325295103,"{""direction"": ""down"", ""gap_min"": 0.06}",0.005555555555555556,1.0,0.9944444444444445,0.005555555555555556,0.576486329216918,0.5590375218105805,False
wyckoff_spring_lb20_d10_clv60_vr1.5,0cf123c3ccb1fd92,wyckoff_spring,1,-0.008494000578388602,0.4249347808618565,939,-0.011309631172815733,0.4316386767409164,0.28938053097345134,1130,31.410388127853885,-0.011309631172815733,"{""clv_min"": 0.6, ""depth"": -0.01, ""support_lb"": 20, ""volume_ratio_max"": 1.5}",0.7888888888888889,0.5925925925925926,0.12222222222222222,0.7425925925925926,0.22028545516066717,0.5586952121827333,False
breakout_b10_vr2_ma50_vc0.7,4676541cd71a8f0e,breakout,10,-0.016810537151771606,0.5615392069367472,813,-0.0037941447519496494,0.9260985948214961,0.3647469458987784,1146,31.85513698630137,-0.016810537151771606,"{""breakout"": 10, ""contraction"": 0.7, ""trend"": ""ma50"", ""volume_ratio"": 2.0}",0.362962962962963,0.7555555555555555,0.7537037037037037,0.5055555555555555,0.2125855126902107,0.5582029957134655,False
breakout_b20_vr1.5_ma50_vc0.7,b886110ee4048b71,breakout,30,-0.02136226168468652,0.652621120408812,969,0.00588399551806356,1.0895519533533498,0.4330289193302892,1314,36.525000000000006,-0.02136226168468652,"{""breakout"": 20, ""contraction"": 0.7, ""trend"": ""ma50"", ""volume_ratio"": 1.5}",0.24074074074074073,0.8648148148148148,0.8481481481481481,0.4111111111111111,0.1463140412246354,0.5578721448632042,False
breakout_b20_vr2_ma50_vc0.7,5d41594245e2999f,breakout,30,-0.022936790079696314,0.6384941388601054,675,0.005157271136960707,1.0731943922817035,0.43302180685358255,963,26.768321917808223,-0.022936790079696314,"{""breakout"": 20, ""contraction"": 0.7, ""trend"": ""ma50"", ""volume_ratio"": 2.0}",0.20925925925925926,0.8537037037037037,0.8388888888888889,0.38333333333333336,0.3193505893768984,0.5576757996784306,False
pullback_lb60_drop10_ma200,3a879cf3ba8bf7ca,pullback,3,-0.008300867009039488,0.7343400414102579,603,-0.01450538349043412,0.6245822194212189,0.3840436075322101,2018,56.0939497716895,-0.01450538349043412,"{""drop"": -0.1, ""lookback"": 60, ""trend"": ""ma200""}",0.7962962962962963,0.5222222222222223,0.4888888888888889,0.5944444444444444,0.030576731073227108,0.5575021175517672,False
gap_down_recovery_4,af4c982dc1305841,gap,20,-0.022544918400961615,0.7341045834789732,353,-0.007609107133073387,0.9193023154357398,0.38289205702647655,491,13.648230593607307,-0.022544918400961615,"{""direction"": ""down"", ""gap_min"": 0.04}",0.21851851851851853,0.7111111111111111,0.7462962962962963,0.3907407407407407,0.9122342694580918,0.5566863899087722,False
breakout_b20_vr1.5_ma100_vc0.7,eab85f052dc0961f,breakout,3,-0.012311288761083098,0.4732072044686697,795,-0.011078417774097614,0.6711741034699149,0.3107142857142857,1120,31.132420091324203,-0.012311288761083098,"{""breakout"": 20, ""contraction"": 0.7, ""trend"": ""ma100"", ""volume_ratio"": 1.5}",0.5555555555555556,0.5981481481481481,0.5537037037037037,0.7018518518518518,0.22523891238393662,0.5517831504976529,False
breakout_b20_vr1.5_ma50_vc0.7,b886110ee4048b71,breakout,3,-0.010764814977257958,0.5344878649254641,972,-0.012308443618907289,0.6371055197820967,0.3082191780821918,1314,36.525000000000006,-0.012308443618907289,"{""breakout"": 20, ""contraction"": 0.7, ""trend"": ""ma50"", ""volume_ratio"": 1.5}",0.6388888888888888,0.5703703703703704,0.5018518518518519,0.7037037037037037,0.1463140412246354,0.551575848566908,False
wyckoff_spring_lb30_d10_clv70_vr1.2,ae34839a3d03bb58,wyckoff_spring,2,-0.007588961029942821,0.5949046955034487,509,-0.01694621301881152,0.41776843581328194,0.32269503546099293,564,15.677397260273974,-0.01694621301881152,"{""clv_min"": 0.7, ""depth"": -0.01, ""support_lb"": 30, ""volume_ratio_max"": 1.2}",0.8333333333333334,0.4537037037037037,0.09259259259259259,0.4981481481481482,0.7755430534991399,0.5500543053499141,False
wyckoff_spring_lb30_d30_clv60_vr1.2,f58ec93882976d5e,wyckoff_spring,3,-0.005300250505491583,0.7740336790387352,145,-0.021208807305841848,0.5279104627643989,0.3027027027027027,185,5.1424086757990874,-0.021208807305841848,"{""clv_min"": 0.6, ""depth"": -0.03, ""support_lb"": 30, ""volume_ratio_max"": 1.2}",0.9092592592592592,0.37222222222222223,0.3314814814814815,0.4148148148148148,0.5550998308887821,0.5497692423481374,False
breakout_b20_vr2_ma100_vc0.9,ad802bb544585035,breakout,7,-0.016031893439536454,0.5207735790578035,1506,-0.004668273651287216,0.8962990931514283,0.35572740454325763,2069,57.51158675799087,-0.016031893439536454,"{""breakout"": 20, ""contraction"": 0.9, ""trend"": ""ma100"", ""volume_ratio"": 2.0}",0.3925925925925926,0.75,0.7296296296296296,0.5425925925925926,0.02729840671344395,0.5467113221528258,False
breakout_b20_vr2_ma50_vc0.9,3836509466606b67,breakout,5,-0.01444072349758491,0.5229383713452466,1840,-0.007420841693947631,0.8181610568877946,0.33094132545377797,2369,65.85062785388128,-0.01444072349758491,"{""breakout"": 20, ""contraction"": 0.9, ""trend"": ""ma50"", ""volume_ratio"": 2.0}",0.4425925925925926,0.7129629629629629,0.6851851851851852,0.5962962962962963,0.014009071032221408,0.5461231293254444,False
pullback_lb60_drop10_ma200,3a879cf3ba8bf7ca,pullback,1,-0.010694249566515768,0.5148215579694092,603,-0.010915192523743301,0.5554777204339005,0.3305252725470763,2018,56.0939497716895,-0.010915192523743301,"{""drop"": -0.1, ""lookback"": 60, ""trend"": ""ma200""}",0.6518518518518519,0.6055555555555555,0.39444444444444443,0.7611111111111111,0.030576731073227108,0.5458354508851004,False
breakout_b10_vr2_ma100_vc0.9,32390b2b401e16c4,breakout,5,-0.014080414897911318,0.513587579822751,1828,-0.008650793648332848,0.7915593425131277,0.3224742268041237,2425,67.40724885844749,-0.014080414897911318,"{""breakout"": 10, ""contraction"": 0.9, ""trend"": ""ma100"", ""volume_ratio"": 2.0}",0.4703703703703704,0.687037037037037,0.6666666666666666,0.6259259259259259,0.01236877770525921,0.5454035444371926,False
breakout_b20_vr2_ma50_vc0.7,5d41594245e2999f,breakout,3,-0.01210344480978423,0.5021885363571952,677,-0.012722315558130337,0.6531892074358636,0.2980269989615784,963,26.768321917808223,-0.012722315558130337,"{""breakout"": 20, ""contraction"": 0.7, ""trend"": ""ma50"", ""volume_ratio"": 2.0}",0.5740740740740741,0.55,0.5222222222222223,0.6833333333333333,0.3193505893768984,0.5433239478265788,False
breakout_b10_vr2_ma50_vc0.9,08038c55d5505398,breakout,10,-0.014196910673914506,0.6134803990953128,2201,-0.00878849808326112,0.8292765124163541,0.35813274981765136,2742,76.21883561643835,-0.014196910673914506,"{""breakout"": 10, ""contraction"": 0.9, ""trend"": ""ma50"", ""volume_ratio"": 2.0}",0.45925925925925926,0.6851851851851852,0.6907407407407408,0.6111111111111112,0.006111965637227613,0.5429260113785376,False
pullback_lb60_drop10_ma100,ee89005739254718,pullback,1,-0.011205534802185316,0.4987464409132877,738,-0.010618024168757522,0.5652348013759559,0.33179487179487177,1950,54.203767123287676,-0.011205534802185316,"{""drop"": -0.1, ""lookback"": 60, ""trend"": ""ma100""}",0.6148148148148148,0.6222222222222222,0.4148148148148148,0.7481481481481481,0.035568268606896776,0.5428160861199489,False
pullback_lb60_drop10_ma200,3a879cf3ba8bf7ca,pullback,15,-0.006401038439787495,0.89342776685812,603,-0.019745507705219212,0.7294909382157418,0.39990089197224976,2018,56.0939497716895,-0.019745507705219212,"{""drop"": -0.1, ""lookback"": 60, ""trend"": ""ma200""}",0.8685185185185185,0.4,0.6240740740740741,0.4425925925925926,0.030576731073227108,0.5414835990332486,False
breakout_b20_vr1_ma100_vc0.7,4ad46e3375356287,breakout,2,-0.010423772337044017,0.4356581619685219,1139,-0.0121053777421195,0.547152496622048,0.287732819524727,1557,43.279623287671235,-0.0121053777421195,"{""breakout"": 20, ""contraction"": 0.7, ""trend"": ""ma100"", ""volume_ratio"": 1.0}",0.674074074074074,0.575925925925926,0.37222222222222223,0.7222222222222222,0.085232721559591,0.540375124007811,False
breakout_b20_vr1_ma50_vc0.7,b8378c910181ef1f,breakout,2,-0.010123579276297747,0.45197926265815036,1394,-0.012062416021056059,0.5435604808571798,0.2900763358778626,1834,50.97933789954338,-0.012062416021056059,"{""breakout"": 20, ""contraction"": 0.7, ""trend"": ""ma50"", ""volume_ratio"": 1.0}",0.6851851851851852,0.5777777777777777,0.3648148148148148,0.7240740740740741,0.04603528865319217,0.5395109362727266,False
breakout_b20_vr1.5_ma100_vc0.9,87c2cbf3a397b437,breakout,3,-0.012414694191271034,0.45476358130026473,2109,-0.010555643088261318,0.6737413056982186,0.31616341030195383,2815,78.24800228310502,-0.012414694191271034,"{""breakout"": 20, ""contraction"": 0.9, ""trend"": ""ma100"", ""volume_ratio"": 1.5}",0.5518518518518518,0.6277777777777778,0.5592592592592592,0.6962962962962963,0.005196135084897815,0.539315909804786,False
breakout_b10_vr2_ma50_vc0.7,4676541cd71a8f0e,breakout,7,-0.016890720558542065,0.5158899578521633,815,-0.006928354419435688,0.8501022912926413,0.33420593368237345,1146,31.85513698630137,-0.016890720558542065,"{""breakout"": 10, ""contraction"": 0.7, ""trend"": ""ma50"", ""volume_ratio"": 2.0}",0.3574074074074074,0.7222222222222222,0.7055555555555556,0.5018518518518519,0.2125855126902107,0.5372770697875396,False
wyckoff_spring_lb30_d20_clv60_vr1.5,775e8e8e062496b3,wyckoff_spring,3,-0.010524796050688127,0.5804227100067233,323,-0.01771919475194912,0.5084121968238663,0.3300970873786408,412,11.452283105022833,-0.01771919475194912,"{""clv_min"": 0.6, ""depth"": -0.02, ""support_lb"": 30, ""volume_ratio_max"": 1.5}",0.6666666666666666,0.4351851851851852,0.29259259259259257,0.48148148148148145,0.9195992040818887,0.5363117722600407,False
breakout_b10_vr2_ma100_vc0.9,32390b2b401e16c4,breakout,7,-0.015308196145616166,0.5304465918394528,1829,-0.008127375531524211,0.8235430129733403,0.3443298969072165,2425,67.40724885844749,-0.015308196145616166,"{""breakout"": 10, ""contraction"": 0.9, ""trend"": ""ma100"", ""volume_ratio"": 2.0}",0.4222222222222222,0.7018518518518518,0.687037037037037,0.5722222222222222,0.01236877770525921,0.5338294703631185,False
wyckoff_spring_lb20_d20_clv60_vr1.2,4feda3606a96c2e5,wyckoff_spring,3,-0.012570383188277514,0.5178383143175873,336,-0.01622669674484274,0.5373895355507223,0.3310344827586207,435,12.091609589041097,-0.01622669674484274,"{""clv_min"": 0.6, ""depth"": -0.02, ""support_lb"": 20, ""volume_ratio_max"": 1.2}",0.5425925925925926,0.4722222222222222,0.34814814814814815,0.5277777777777778,0.9678567067532364,0.5298412262308791,False
wyckoff_spring_lb30_d20_clv60_vr1.2,aea2b6877a0d20ad,wyckoff_spring,3,-0.009036912455446067,0.6306809662973024,256,-0.01946289177385489,0.493590257802889,0.33121019108280253,314,8.728196347031965,-0.01946289177385489,"{""clv_min"": 0.6, ""depth"": -0.02, ""support_lb"": 30, ""volume_ratio_max"": 1.2}",0.762962962962963,0.40370370370370373,0.2722222222222222,0.4462962962962963,0.7395271435452878,0.5296008625026769,False
breakout_b20_vr2_ma100_vc0.7,c4c6f64bbf69c415,breakout,3,-0.014211215273877203,0.42749590788301467,545,-0.011749062579534538,0.6797660736568454,0.29589371980676327,828,23.015753424657536,-0.014211215273877203,"{""breakout"": 20, ""contraction"": 0.7, ""trend"": ""ma100"", ""volume_ratio"": 2.0}",0.45555555555555555,0.5833333333333334,0.562962962962963,0.6074074074074074,0.43116679258958274,0.5291351977774768,False
pullback_lb60_drop10_ma200,3a879cf3ba8bf7ca,pullback,7,-0.010720141399674546,0.7469056697029308,602,-0.014864772352084818,0.7196883154407059,0.39643211100099107,2018,56.0939497716895,-0.014864772352084818,"{""drop"": -0.1, ""lookback"": 60, ""trend"": ""ma200""}",0.6462962962962963,0.5166666666666667,0.6148148148148148,0.587037037037037,0.030576731073227108,0.5287058212554708,False
wyckoff_spring_lb20_d10_clv70_vr1.2,d3b74bcf2ee2efaa,wyckoff_spring,2,-0.008657799310530092,0.5414291605822923,684,-0.01570656482183041,0.4274015467436816,0.30994897959183676,784,21.79269406392694,-0.01570656482183041,"{""clv_min"": 0.7, ""depth"": -0.01, ""support_lb"": 20, ""volume_ratio_max"": 1.2}",0.7814814814814814,0.49444444444444446,0.11296296296296296,0.5592592592592592,0.47548710075511313,0.5279190804458816,False
breakout_b10_vr2_ma100_vc0.9,32390b2b401e16c4,breakout,30,-0.018345114772418056,0.685662446013362,1822,-0.003093480278684947,0.9592277824645289,0.3938144329896907,2425,67.40724885844749,-0.018345114772418056,"{""breakout"": 10, ""contraction"": 0.9, ""trend"": ""ma100"", ""volume_ratio"": 2.0}",0.31296296296296294,0.7611111111111111,0.7777777777777778,0.4666666666666667,0.01236877770525921,0.524847988881637,False
wyckoff_spring_lb30_d10_clv70_vr1.2,ae34839a3d03bb58,wyckoff_spring,3,-0.00955919582093781,0.5577757139490098,508,-0.01720162821805045,0.44211969542399093,0.32978723404255317,564,15.677397260273974,-0.01720162821805045,"{""clv_min"": 0.7, ""depth"": -0.01, ""support_lb"": 30, ""volume_ratio_max"": 1.2}",0.7222222222222222,0.4462962962962963,0.16111111111111112,0.4925925925925926,0.7755430534991399,0.5238506016462103,False
pullback_lb60_drop10_ma200,3a879cf3ba8bf7ca,pullback,5,-0.010415575192651594,0.7319069365738371,603,-0.015305091046508,0.6699066538144782,0.3820614469772052,2018,56.0939497716895,-0.015305091046508,"{""drop"": -0.1, ""lookback"": 60, ""trend"": ""ma200""}",0.6759259259259259,0.5074074074074074,0.55,0.5740740740740741,0.030576731073227108,0.5233354508851006,False
wyckoff_spring_lb20_d20_clv60_vr1.2,4feda3606a96c2e5,wyckoff_spring,2,-0.010046012897606831,0.5648946587330977,336,-0.019180397726222844,0.46357092632575947,0.31494252873563217,435,12.091609589041097,-0.019180397726222844,"{""clv_min"": 0.6, ""depth"": -0.02, ""support_lb"": 20, ""volume_ratio_max"": 1.2}",0.6888888888888889,0.40925925925925927,0.1925925925925926,0.45185185185185184,0.9678567067532364,0.5207671521568051,False
wyckoff_spring_lb30_d20_clv60_vr1.5,775e8e8e062496b3,wyckoff_spring,2,-0.009138353814759154,0.5934893619586056,323,-0.020695166091385532,0.4395124187045863,0.3325242718446602,412,11.452283105022833,-0.020695166091385532,"{""clv_min"": 0.6, ""depth"": -0.02, ""support_lb"": 30, ""volume_ratio_max"": 1.5}",0.7574074074074074,0.3851851851851852,0.14814814814814814,0.4222222222222222,0.9195992040818887,0.5184414018896704,False
breakout_b20_vr2_ma50_vc0.9,3836509466606b67,breakout,7,-0.016773228309590705,0.518204611421192,1840,-0.007125334656230013,0.8420372138215104,0.3507809202195019,2369,65.85062785388128,-0.016773228309590705,"{""breakout"": 20, ""contraction"": 0.9, ""trend"": ""ma50"", ""volume_ratio"": 2.0}",0.3648148148148148,0.7185185185185186,0.7,0.5074074074074074,0.014009071032221408,0.5180675737698888,False
wyckoff_spring_lb30_d10_clv70_vr1.5,4180e7463981ac74,wyckoff_spring,2,-0.008509938366439113,0.5596076135194764,625,-0.016574323286339426,0.41098569015388464,0.3252840909090909,704,19.5689497716895,-0.016574323286339426,"{""clv_min"": 0.7, ""depth"": -0.01, ""support_lb"": 30, ""volume_ratio_max"": 1.5}",0.7851851851851852,0.46296296296296297,0.07777777777777778,0.5148148148148148,0.5680669589491026,0.5175474366356511,False
breakout_b10_vr2_ma50_vc0.9,08038c55d5505398,breakout,5,-0.014269840582491242,0.5195852893368207,2203,-0.010212427540635213,0.7522504430193157,0.3212983223924143,2742,76.21883561643835,-0.014269840582491242,"{""breakout"": 10, ""contraction"": 0.9, ""trend"": ""ma50"", ""volume_ratio"": 2.0}",0.45185185185185184,0.6425925925925926,0.6370370370370371,0.6055555555555555,0.006111965637227613,0.5171852706377968,False
breakout_b20_vr2_ma50_vc0.9,3836509466606b67,breakout,30,-0.019958115952602676,0.6692320553580856,1834,-0.0024431805877733817,0.9674977106141565,0.39932460953989024,2369,65.85062785388128,-0.019958115952602676,"{""breakout"": 20, ""contraction"": 0.9, ""trend"": ""ma50"", ""volume_ratio"": 2.0}",0.27037037037037037,0.7777777777777778,0.7870370370370371,0.4351851851851852,0.014009071032221408,0.5163083145106295,False
gap_down_recovery_6,153699daeeb2e8a5,gap,20,-0.03142368778762919,0.6885807360462425,167,0.00175010407504334,1.0157151605905357,0.37623762376237624,202,5.614954337899544,-0.03142368778762919,"{""direction"": ""down"", ""gap_min"": 0.06}",0.09074074074074075,0.825925925925926,0.8166666666666667,0.1925925925925926,0.576486329216918,0.5157041884772473,False
wyckoff_spring_lb30_d20_clv70_vr1.5,3124740b2cb1a426,wyckoff_spring,2,-0.0076853638659548145,0.6451680403441303,294,-0.021055739071750897,0.4111698359600448,0.332378223495702,349,9.701084474885846,-0.021055739071750897,"{""clv_min"": 0.7, ""depth"": -0.02, ""support_lb"": 30, ""volume_ratio_max"": 1.5}",0.8314814814814815,0.37592592592592594,0.07962962962962963,0.4166666666666667,0.7993844843527822,0.5145680780649079,False
wyckoff_spring_lb30_d10_clv60_vr1.2,c2fef472c3f78764,wyckoff_spring,2,-0.00893380818438028,0.5403723783724581,576,-0.01724244724314377,0.42370314524026237,0.3263473053892216,668,18.56826484018265,-0.01724244724314377,"{""clv_min"": 0.6, ""depth"": -0.01, ""support_lb"": 30, ""volume_ratio_max"": 1.2}",0.7703703703703704,0.4425925925925926,0.10555555555555556,0.4888888888888889,0.6154133105564414,0.5122820717963849,False
wyckoff_spring_lb20_d30_clv60_vr1.2,7c3b952bd8b28152,wyckoff_spring,3,-0.010923375727824527,0.5820574043332533,187,-0.01841938322425102,0.5656247967629325,0.31048387096774194,248,6.893607305936073,-0.01841938322425102,"{""clv_min"": 0.6, ""depth"": -0.03, ""support_lb"": 20, ""volume_ratio_max"": 1.2}",0.6314814814814815,0.4222222222222222,0.4166666666666667,0.4648148148148148,0.6385780217946238,0.510061505883166,False
wyckoff_spring_lb30_d20_clv60_vr1.2,aea2b6877a0d20ad,wyckoff_spring,2,-0.0077348347137093645,0.6487295743007359,256,-0.022037887131800618,0.43790164074321003,0.33121019108280253,314,8.728196347031965,-0.022037887131800618,"{""clv_min"": 0.6, ""depth"": -0.02, ""support_lb"": 30, ""volume_ratio_max"": 1.2}",0.8296296296296296,0.3592592592592593,0.1425925925925926,0.4,0.7395271435452878,0.5099712328730474,False
wyckoff_spring_lb20_d30_clv60_vr1.5,8d6fb793a179834d,wyckoff_spring,3,-0.01187613573222964,0.5570940449657265,231,-0.01778196900297448,0.5509816218709813,0.30959752321981426,323,8.978367579908676,-0.01778196900297448,"{""clv_min"": 0.6, ""depth"": -0.03, ""support_lb"": 20, ""volume_ratio_max"": 1.5}",0.5851851851851851,0.43333333333333335,0.37962962962962965,0.47962962962962963,0.7544769180605196,0.5075773214356816,False
wyckoff_spring_lb30_d20_clv70_vr1.2,7f02ed8bce50faf8,wyckoff_spring,2,-0.006165976554106465,0.7088769309838298,233,-0.022306292656703947,0.41388856777513167,0.3295880149812734,267,7.421746575342466,-0.022306292656703947,"{""clv_min"": 0.7, ""depth"": -0.02, ""support_lb"": 30, ""volume_ratio_max"": 1.2}",0.8777777777777778,0.3537037037037037,0.08888888888888889,0.3962962962962963,0.666136766797439,0.5067062692723364,False
breakout_b20_vr2_ma100_vc0.9,ad802bb544585035,breakout,3,-0.013370896833431258,0.4363011632900571,1504,-0.011616332649364897,0.6678707146632672,0.3069115514741421,2069,57.51158675799087,-0.013370896833431258,"{""breakout"": 20, ""contraction"": 0.9, ""trend"": ""ma100"", ""volume_ratio"": 2.0}",0.5055555555555555,0.5851851851851851,0.5425925925925926,0.6592592592592592,0.02729840671344395,0.5065261369676406,False
wyckoff_spring_lb30_d20_clv70_vr1.5,3124740b2cb1a426,wyckoff_spring,3,-0.00926662695759118,0.6212184325750622,294,-0.020033496169471695,0.4334530646233551,0.3237822349570201,349,9.701084474885846,-0.020033496169471695,"{""clv_min"": 0.7, ""depth"": -0.02, ""support_lb"": 30, ""volume_ratio_max"": 1.5}",0.7518518518518519,0.3962962962962963,0.1259259259259259,0.43148148148148147,0.7993844843527822,0.5062347447315746,False
wyckoff_spring_lb20_d20_clv60_vr1.5,1b3b4e11916f2e4f,wyckoff_spring,3,-0.012814640571689566,0.5117561730442949,418,-0.016223594839441576,0.5243446992270236,0.32972972972972975,555,15.42722602739726,-0.016223594839441576,"{""clv_min"": 0.6, ""depth"": -0.02, ""support_lb"": 20, ""volume_ratio_max"": 1.5}",0.5314814814814814,0.4740740740740741,0.32222222222222224,0.5296296296296297,0.791220900996507,0.5057887567663173,False
pullback_lb60_drop10_ma200,3a879cf3ba8bf7ca,pullback,10,-0.01138415164694838,0.7675478083835567,603,-0.01595841741557989,0.7376541150613501,0.39444995044598613,2018,56.0939497716895,-0.01595841741557989,"{""drop"": -0.1, ""lookback"": 60, ""trend"": ""ma200""}",0.6074074074074074,0.48518518518518516,0.6314814814814815,0.5481481481481482,0.030576731073227108,0.5046317471813968,False
wyckoff_spring_lb20_d10_clv70_vr1.2,d3b74bcf2ee2efaa,wyckoff_spring,3,-0.010567949028342185,0.5150777901117438,683,-0.015691955455733493,0.46379241189499654,0.3201530612244898,784,21.79269406392694,-0.015691955455733493,"{""clv_min"": 0.7, ""depth"": -0.01, ""support_lb"": 20, ""volume_ratio_max"": 1.2}",0.6592592592592592,0.4962962962962963,0.19444444444444445,0.5611111111111111,0.47548710075511313,0.5043079693347705,False
wyckoff_spring_lb30_d10_clv70_vr1.2,ae34839a3d03bb58,wyckoff_spring,20,-0.013875312040513245,0.7029290626090511,509,-0.018983436143406883,0.7086092850527026,0.40425531914893614,564,15.677397260273974,-0.018983436143406883,"{""clv_min"": 0.7, ""depth"": -0.01, ""support_lb"": 30, ""volume_ratio_max"": 1.2}",0.48148148148148145,0.4148148148148148,0.6018518518518519,0.45740740740740743,0.7755430534991399,0.5032024534980621,False
breakout_b10_vr2_ma50_vc0.9,08038c55d5505398,breakout,7,-0.016044349674076953,0.5258856573167836,2204,-0.009826785421074576,0.7854852787759665,0.34172137126185265,2742,76.21883561643835,-0.016044349674076953,"{""breakout"": 10, ""contraction"": 0.9, ""trend"": ""ma50"", ""volume_ratio"": 2.0}",0.3907407407407407,0.6555555555555556,0.662962962962963,0.5407407407407407,0.006111965637227613,0.500796381748908,False
wyckoff_spring_lb30_d10_clv70_vr1.5,4180e7463981ac74,wyckoff_spring,3,-0.009600264604788461,0.5529294136543409,624,-0.0169399439269758,0.43441984932697775,0.32386363636363635,704,19.5689497716895,-0.0169399439269758,"{""clv_min"": 0.7, ""depth"": -0.01, ""support_lb"": 30, ""volume_ratio_max"": 1.5}",0.7148148148148148,0.45555555555555555,0.13148148148148148,0.5,0.5680669589491026,0.5004178070060213,False
wyckoff_spring_lb30_d20_clv70_vr1.2,7f02ed8bce50faf8,wyckoff_spring,3,-0.007784627488674252,0.6736115330045978,233,-0.02164512609876163,0.42343365562459206,0.3295880149812734,267,7.421746575342466,-0.02164512609876163,"{""clv_min"": 0.7, ""depth"": -0.02, ""support_lb"": 30, ""volume_ratio_max"": 1.2}",0.825925925925926,0.36666666666666664,0.10185185185185185,0.4074074074074074,0.666136766797439,0.49874330630937347,False
wyckoff_spring_lb20_d20_clv70_vr1.2,f9a253390361ed42,wyckoff_spring,2,-0.009459820780432608,0.5804314405211327,304,-0.020345784880020902,0.4233221993888915,0.3064516129032258,372,10.34041095890411,-0.020345784880020902,"{""clv_min"": 0.7, ""depth"": -0.02, ""support_lb"": 20, ""volume_ratio_max"": 1.2}",0.7351851851851852,0.3888888888888889,0.1,0.42592592592592593,0.8413335190168587,0.4983926111609451,False
wyckoff_spring_lb30_d30_clv70_vr1.2,9adec51b806236c9,wyckoff_spring,3,-0.005608990261605838,0.7650322272412265,136,-0.024045218791681405,0.44619019352665207,0.3,160,4.447488584474886,-0.024045218791681405,"{""clv_min"": 0.7, ""depth"": -0.03, ""support_lb"": 30, ""volume_ratio_max"": 1.2}",0.9,0.32222222222222224,0.1685185185185185,0.3648148148148148,0.5250819605499482,0.49704523309203186,False
wyckoff_spring_lb30_d10_clv60_vr1.2,c2fef472c3f78764,wyckoff_spring,3,-0.010454316224447688,0.5268607516675756,575,-0.017228649930932906,0.461220018090387,0.32934131736526945,668,18.56826484018265,-0.017228649930932906,"{""clv_min"": 0.6, ""depth"": -0.01, ""support_lb"": 30, ""volume_ratio_max"": 1.2}",0.6703703703703704,0.4444444444444444,0.18888888888888888,0.49074074074074076,0.6154133105564414,0.4956154051297182,False
wyckoff_spring_lb20_d10_clv70_vr1.5,62681173c89068e8,wyckoff_spring,2,-0.009343690119522002,0.5181323093752136,829,-0.015814747894273545,0.4117100352308549,0.31048805815160957,963,26.768321917808223,-0.015814747894273545,"{""clv_min"": 0.7, ""depth"": -0.01, ""support_lb"": 20, ""volume_ratio_max"": 1.5}",0.7444444444444445,0.4925925925925926,0.08148148148148149,0.5555555555555556,0.3193505893768984,0.4954535774562084,False
breakout_b20_vr1_ma50_vc0.7,b8378c910181ef1f,breakout,1,-0.009982771609162269,0.33029060983256425,1394,-0.0124358708044681,0.4136330526547793,0.2415485278080698,1834,50.97933789954338,-0.0124358708044681,"{""breakout"": 20, ""contraction"": 0.7, ""trend"": ""ma50"", ""volume_ratio"": 1.0}",0.6962962962962963,0.5648148148148148,0.08703703703703704,0.6944444444444444,0.04603528865319217,0.4936776029393932,False
breakout_b20_vr1_ma100_vc0.7,4ad46e3375356287,breakout,1,-0.009849412443420061,0.3294372853551691,1139,-0.012685805798065166,0.40495814888506215,0.2382787411689146,1557,43.279623287671235,-0.012685805798065166,"{""breakout"": 20, ""contraction"": 0.7, ""trend"": ""ma100"", ""volume_ratio"": 1.0}",0.7018518518518518,0.5555555555555556,0.07222222222222222,0.6851851851851852,0.085232721559591,0.49287512400781097,False
wyckoff_spring_lb20_d20_clv70_vr1.5,751c7b2e53537d01,wyckoff_spring,2,-0.010000947564340673,0.5589086904425135,380,-0.020338751475489445,0.4044779726055335,0.31092436974789917,476,13.231278538812786,-0.020338751475489445,"{""clv_min"": 0.7, ""depth"": -0.02, ""support_lb"": 20, ""volume_ratio_max"": 1.5}",0.6925925925925925,0.3907407407407407,0.06851851851851852,0.42777777777777776,0.9431760870271467,0.49191020129530716,False
breakout_b10_vr2_ma50_vc0.9,08038c55d5505398,breakout,30,-0.019983095107581773,0.6645312288474163,2197,-0.006816503572336265,0.9121255761839635,0.387308533916849,2742,76.21883561643835,-0.019983095107581773,"{""breakout"": 10, ""contraction"": 0.9, ""trend"": ""ma50"", ""volume_ratio"": 2.0}",0.26851851851851855,0.725925925925926,0.7425925925925926,0.43333333333333335,0.006111965637227613,0.4899630484155746,False
wyckoff_spring_lb20_d20_clv60_vr1.5,1b3b4e11916f2e4f,wyckoff_spring,2,-0.01053216478171542,0.5450924488619835,418,-0.019375654627128074,0.44365030251285137,0.3153153153153153,555,15.42722602739726,-0.019375654627128074,"{""clv_min"": 0.6, ""depth"": -0.02, ""support_lb"": 20, ""volume_ratio_max"": 1.5}",0.6611111111111111,0.40555555555555556,0.16296296296296298,0.44814814814814813,0.791220900996507,0.48865912713668774,False
breakout_b20_vr2_ma50_vc0.9,3836509466606b67,breakout,3,-0.013279868158298548,0.45067058803583676,1838,-0.01281335615093441,0.6352029307227336,0.3064584212747995,2369,65.85062785388128,-0.013279868158298548,"{""breakout"": 20, ""contraction"": 0.9, ""trend"": ""ma50"", ""volume_ratio"": 2.0}",0.512962962962963,0.5462962962962963,0.4962962962962963,0.6685185185185185,0.014009071032221408,0.48778979599211103,False
breakout_b20_vr1.5_ma100_vc0.9,87c2cbf3a397b437,breakout,2,-0.011434435929104913,0.423304463709503,2111,-0.013352985019012014,0.5275082330573941,0.2856127886323268,2815,78.24800228310502,-0.013352985019012014,"{""breakout"": 20, ""contraction"": 0.9, ""trend"": ""ma100"", ""volume_ratio"": 1.5}",0.6037037037037037,0.5425925925925926,0.3296296296296296,0.6611111111111111,0.005196135084897815,0.4870936875825639,False
breakout_b10_vr2_ma50_vc0.7,4676541cd71a8f0e,breakout,30,-0.02587400010834116,0.5974068539879588,812,-0.003012954782626455,0.9603388165229546,0.4083769633507853,1146,31.85513698630137,-0.02587400010834116,"{""breakout"": 10, ""contraction"": 0.7, ""trend"": ""ma50"", ""volume_ratio"": 2.0}",0.15555555555555556,0.7666666666666667,0.7796296296296297,0.32407407407407407,0.2125855126902107,0.4856104031208729,False
wyckoff_spring_lb30_d10_clv60_vr1.5,3c699a3f08e94581,wyckoff_spring,3,-0.010532138910686063,0.5199656341773337,706,-0.01647295147205612,0.4655717421516916,0.3277310924369748,833,23.154737442922375,-0.01647295147205612,"{""clv_min"": 0.6, ""depth"": -0.01, ""support_lb"": 30, ""volume_ratio_max"": 1.5}",0.662962962962963,0.4648148148148148,0.1962962962962963,0.5166666666666667,0.4263993223216166,0.48532511741734685,False
wyckoff_spring_lb30_d10_clv60_vr1.5,3c699a3f08e94581,wyckoff_spring,2,-0.009656535999913618,0.5147751055613101,707,-0.016694448732548637,0.4232332862888659,0.3277310924369748,833,23.154737442922375,-0.016694448732548637,"{""clv_min"": 0.6, ""depth"": -0.01, ""support_lb"": 30, ""volume_ratio_max"": 1.5}",0.7111111111111111,0.46111111111111114,0.09814814814814815,0.512962962962963,0.4263993223216166,0.48338067297290244,False
wyckoff_spring_lb30_d20_clv70_vr1.2,7f02ed8bce50faf8,wyckoff_spring,20,-0.012097590886316201,0.7730684916600338,233,-0.023609539629377053,0.6906105725852287,0.42696629213483145,267,7.421746575342466,-0.023609539629377053,"{""clv_min"": 0.7, ""depth"": -0.02, ""support_lb"": 30, ""volume_ratio_max"": 1.2}",0.575925925925926,0.3333333333333333,0.5685185185185185,0.37407407407407406,0.666136766797439,0.47874330630937356,False
gap_down_recovery_6,153699daeeb2e8a5,gap,15,-0.018576781581409928,0.7544263598024366,167,-0.01538858175789162,0.8416334059724276,0.3564356435643564,202,5.614954337899544,-0.018576781581409928,"{""direction"": ""down"", ""gap_min"": 0.06}",0.3074074074074074,0.5055555555555555,0.6981481481481482,0.46296296296296297,0.576486329216918,0.477833818106877,False
breakout_b10_vr2_ma100_vc0.9,32390b2b401e16c4,breakout,3,-0.013458699991936931,0.432336333615959,1827,-0.013532106776505915,0.6162231686352958,0.2997938144329897,2425,67.40724885844749,-0.013532106776505915,"{""breakout"": 10, ""contraction"": 0.9, ""trend"": ""ma100"", ""volume_ratio"": 2.0}",0.4981481481481482,0.5407407407407407,0.4777777777777778,0.6537037037037037,0.01236877770525921,0.47697761851126663,False
reversal_drop8_ma100_vr1,e3908dea0833a8a4,reversal,1,-0.014363648155319764,0.4222002402316441,496,-0.012492828504410402,0.5493612346828399,0.3713420787083754,991,27.546632420091328,-0.014363648155319764,"{""drop"": -0.08, ""trend"": ""ma100"", ""volume_ratio"": 1.0}",0.4444444444444444,0.562962962962963,0.37777777777777777,0.5981481481481481,0.3000726720162043,0.4768591190534723,False
wyckoff_spring_lb30_d30_clv60_vr1.5,d768d303b64a01c1,wyckoff_spring,2,-0.007268024783787616,0.6830110077458587,181,-0.024846823691753596,0.4335947883502016,0.2962962962962963,243,6.754623287671233,-0.024846823691753596,"{""clv_min"": 0.6, ""depth"": -0.03, ""support_lb"": 30, ""volume_ratio_max"": 1.5}",0.85,0.29814814814814816,0.12777777777777777,0.34074074074074073,0.6315171771632507,0.47574431030891773,False
breakout_b10_vr2_ma50_vc0.9,08038c55d5505398,breakout,3,-0.013052837579245927,0.45363662191115944,2202,-0.014030834732323902,0.6006152716798142,0.30196936542669583,2742,76.21883561643835,-0.014030834732323902,"{""breakout"": 10, ""contraction"": 0.9, ""trend"": ""ma50"", ""volume_ratio"": 2.0}",0.5185185185185185,0.5314814814814814,0.46111111111111114,0.6314814814814815,0.006111965637227613,0.47450008545261163,False
wyckoff_spring_lb20_d20_clv70_vr1.5,751c7b2e53537d01,wyckoff_spring,3,-0.012469979205924322,0.5211825463926784,380,-0.01893814866812615,0.4416977553237477,0.3172268907563025,476,13.231278538812786,-0.01893814866812615,"{""clv_min"": 0.7, ""depth"": -0.02, ""support_lb"": 20, ""volume_ratio_max"": 1.5}",0.5481481481481482,0.4166666666666667,0.1574074074074074,0.45925925925925926,0.9431760870271467,0.4741324235175295,False
wyckoff_spring_lb20_d10_clv60_vr1.5,0cf123c3ccb1fd92,wyckoff_spring,3,-0.011107699379488826,0.4969681688595337,938,-0.015476863715145577,0.47704265362794346,0.32035398230088497,1130,31.410388127853885,-0.015476863715145577,"{""clv_min"": 0.6, ""depth"": -0.01, ""support_lb"": 20, ""volume_ratio_max"": 1.5}",0.6203703703703703,0.5018518518518519,0.2222222222222222,0.5666666666666667,0.22028545516066717,0.4737878047753259,False
breakout_b10_vr2_ma50_vc0.7,4676541cd71a8f0e,breakout,3,-0.013091125030790242,0.4648508668909522,814,-0.015554099737652262,0.5858334558898759,0.2870855148342059,1146,31.85513698630137,-0.015554099737652262,"{""breakout"": 10, ""contraction"": 0.7, ""trend"": ""ma50"", ""volume_ratio"": 2.0}",0.5166666666666667,0.4981481481481482,0.44074074074074077,0.562962962962963,0.2125855126902107,0.4730178105282803,False
wyckoff_spring_lb20_d10_clv70_vr1.5,62681173c89068e8,wyckoff_spring,3,-0.010735084720332565,0.5101619371506173,828,-0.016119434178088914,0.44416589219897856,0.31568016614745587,963,26.768321917808223,-0.016119434178088914,"{""clv_min"": 0.7, ""depth"": -0.01, ""support_lb"": 20, ""volume_ratio_max"": 1.5}",0.6444444444444445,0.48148148148148145,0.16666666666666666,0.5388888888888889,0.3193505893768984,0.4726757996784306,False
wyckoff_spring_lb20_d10_clv60_vr1.5,0cf123c3ccb1fd92,wyckoff_spring,2,-0.010042360833780807,0.49257097176975295,939,-0.01585702611428472,0.4262722078862339,0.3106194690265487,1130,31.410388127853885,-0.01585702611428472,"{""clv_min"": 0.6, ""depth"": -0.01, ""support_lb"": 20, ""volume_ratio_max"": 1.5}",0.6907407407407408,0.48703703703703705,0.10925925925925926,0.55,0.22028545516066717,0.47110261959014077,False
wyckoff_spring_lb20_d20_clv70_vr1.2,f9a253390361ed42,wyckoff_spring,3,-0.012255303581306881,0.5252550931620844,304,-0.019098435536818895,0.4524227640023289,0.3172043010752688,372,10.34041095890411,-0.019098435536818895,"{""clv_min"": 0.7, ""depth"": -0.02, ""support_lb"": 20, ""volume_ratio_max"": 1.2}",0.5648148148148148,0.412962962962963,0.17777777777777778,0.45555555555555555,0.8413335190168587,0.4703370556053895,False
breakout_b20_vr1.5_ma100_vc0.7,eab85f052dc0961f,breakout,1,-0.010746227891028694,0.32078607309354534,796,-0.01414625788157415,0.3836010429173471,0.2330357142857143,1120,31.132420091324203,-0.01414625788157415,"{""breakout"": 20, ""contraction"": 0.7, ""trend"": ""ma100"", ""volume_ratio"": 1.5}",0.6425925925925926,0.5259259259259259,0.040740740740740744,0.6148148148148148,0.22523891238393662,0.4669683356828381,False
breakout_b20_vr1.5_ma50_vc0.7,b886110ee4048b71,breakout,2,-0.01149815656502277,0.43761750476627587,973,-0.015153864495835969,0.4815939550220133,0.2770167427701674,1314,36.525000000000006,-0.015153864495835969,"{""breakout"": 20, ""contraction"": 0.7, ""trend"": ""ma50"", ""volume_ratio"": 1.5}",0.6018518518518519,0.5111111111111111,0.23148148148148148,0.5796296296296296,0.1463140412246354,0.4667610337520932,False
breakout_b20_vr1.5_ma50_vc0.7,b886110ee4048b71,breakout,1,-0.010965904286718951,0.3196980612464982,973,-0.0137439456398113,0.3961244739745746,0.23820395738203956,1314,36.525000000000006,-0.0137439456398113,"{""breakout"": 20, ""contraction"": 0.7, ""trend"": ""ma50"", ""volume_ratio"": 1.5}",0.6277777777777778,0.5388888888888889,0.05925925925925926,0.6481481481481481,0.1463140412246354,0.4652795522706117,False
wyckoff_spring_lb30_d10_clv60_vr1.2,c2fef472c3f78764,wyckoff_spring,20,-0.014994695340648487,0.6807914608477862,576,-0.01992149088861932,0.7042051212880326,0.4041916167664671,668,18.56826484018265,-0.01992149088861932,"{""clv_min"": 0.6, ""depth"": -0.01, ""support_lb"": 30, ""volume_ratio_max"": 1.2}",0.43333333333333335,0.39814814814814814,0.5981481481481481,0.43703703703703706,0.6154133105564414,0.46431910883342187,False
breakout_b20_vr2_ma100_vc0.9,ad802bb544585035,breakout,2,-0.011956846333061839,0.4159088033918649,1506,-0.014751216122122835,0.5161092607929875,0.277428709521508,2069,57.51158675799087,-0.014751216122122835,"{""breakout"": 20, ""contraction"": 0.9, ""trend"": ""ma100"", ""volume_ratio"": 2.0}",0.5796296296296296,0.5185185185185185,0.3074074074074074,0.5907407407407408,0.02729840671344395,0.4632853962268999,False
reversal_drop6_ma200_vr1,6af5ec14e19eb09b,reversal,1,-0.01272856867440473,0.4221824917124048,887,-0.012721961465370635,0.48247039322429713,0.34696895022178414,2029,56.39971461187215,-0.01272856867440473,"{""drop"": -0.06, ""trend"": ""ma200"", ""volume_ratio"": 1.0}",0.5407407407407407,0.5518518518518518,0.2388888888888889,0.6814814814814815,0.029837861583978696,0.4623356380102497,False
breakout_b20_vr1.5_ma100_vc0.7,eab85f052dc0961f,breakout,2,-0.011958723714002256,0.4122912972912763,796,-0.015420143340698717,0.47643735528429504,0.2741071428571429,1120,31.132420091324203,-0.015420143340698717,"{""breakout"": 20, ""contraction"": 0.7, ""trend"": ""ma100"", ""volume_ratio"": 1.5}",0.5777777777777777,0.5037037037037037,0.22037037037037038,0.5685185185185185,0.22523891238393662,0.46206092827543066,False
reversal_drop8_ma200_vr1,6439fe6cbaee160d,reversal,1,-0.014002811599632336,0.440496528979729,533,-0.012696106532334925,0.52574845550502,0.36701337295690933,1346,37.41449771689498,-0.014002811599632336,"{""drop"": -0.08, ""trend"": ""ma200"", ""volume_ratio"": 1.0}",0.4740740740740741,0.5537037037037037,0.32592592592592595,0.6333333333333333,0.1362641745641426,0.46186715819715496,False
wyckoff_spring_lb20_d30_clv60_vr1.2,7c3b952bd8b28152,wyckoff_spring,2,-0.009541261848571698,0.606084210404977,187,-0.023775162395205284,0.4575313906806557,0.29435483870967744,248,6.893607305936073,-0.023775162395205284,"{""clv_min"": 0.6, ""depth"": -0.03, ""support_lb"": 20, ""volume_ratio_max"": 1.2}",0.7240740740740741,0.3314814814814815,0.18333333333333332,0.37222222222222223,0.6385780217946238,0.4618207651424253,False
reversal_drop6_ma200_vr2,50e70c7ad57109ce,reversal,1,-0.01286372937751324,0.40232675027643255,294,-0.018271105043376226,0.3715972886790715,0.3071748878923767,446,12.397374429223746,-0.018271105043376226,"{""drop"": -0.06, ""trend"": ""ma200"", ""volume_ratio"": 2.0}",0.5277777777777778,0.42592592592592593,0.02962962962962963,0.4703703703703704,0.9918235647189693,0.45807124536078575,False
wyckoff_spring_lb20_d30_clv60_vr1.5,8d6fb793a179834d,wyckoff_spring,2,-0.01050241993677642,0.5690639677395576,231,-0.02324540255893109,0.43817046867498627,0.29102167182662536,323,8.978367579908676,-0.02324540255893109,"{""clv_min"": 0.6, ""depth"": -0.03, ""support_lb"": 20, ""volume_ratio_max"": 1.5}",0.6685185185185185,0.3388888888888889,0.14444444444444443,0.37962962962962965,0.7544769180605196,0.4542439881023483,False
wyckoff_spring_lb20_d30_clv70_vr1.5,a2059a1dfdf400a0,wyckoff_spring,3,-0.011789540310277203,0.5604350397823421,218,-0.02066422855355059,0.46698213375822306,0.3006993006993007,286,7.949885844748859,-0.02066422855355059,"{""clv_min"": 0.7, ""depth"": -0.03, ""support_lb"": 20, ""volume_ratio_max"": 1.5}",0.5888888888888889,0.387037037037037,0.2,0.42407407407407405,0.6948848487335798,0.454025521910395,False
wyckoff_spring_lb30_d20_clv60_vr1.2,aea2b6877a0d20ad,wyckoff_spring,20,-0.01704122049964245,0.6967089025241856,256,-0.02030593012574145,0.740459838181213,0.42356687898089174,314,8.728196347031965,-0.02030593012574145,"{""clv_min"": 0.6, ""depth"": -0.02, ""support_lb"": 30, ""volume_ratio_max"": 1.2}",0.34814814814814815,0.3925925925925926,0.6333333333333333,0.42962962962962964,0.7395271435452878,0.45376752916934354,False
wyckoff_spring_lb30_d30_clv60_vr1.2,f58ec93882976d5e,wyckoff_spring,2,-0.0052603990527415965,0.7645003775733196,145,-0.02776177751104048,0.41844379280937577,0.2864864864864865,185,5.1424086757990874,-0.02776177751104048,"{""clv_min"": 0.6, ""depth"": -0.03, ""support_lb"": 30, ""volume_ratio_max"": 1.2}",0.9148148148148149,0.22592592592592592,0.09444444444444444,0.2796296296296296,0.5550998308887821,0.45115813123702636,False
breakout_b20_vr2_ma50_vc0.9,3836509466606b67,breakout,2,-0.012433796866879045,0.4068550964204941,1840,-0.014981552814673919,0.5041359201470652,0.27944280287040946,2369,65.85062785388128,-0.014981552814673919,"{""breakout"": 20, ""contraction"": 0.9, ""trend"": ""ma50"", ""volume_ratio"": 2.0}",0.55,0.512962962962963,0.28888888888888886,0.5814814814814815,0.014009071032221408,0.4474194256217407,False
wyckoff_spring_lb20_d30_clv70_vr1.2,766c04be93dbfa6b,wyckoff_spring,3,-0.010982792028858575,0.5812488703655361,177,-0.0220448960316774,0.4698992346797123,0.2981651376146789,218,6.059703196347033,-0.0220448960316774,"{""clv_min"": 0.7, ""depth"": -0.03, ""support_lb"": 20, ""volume_ratio_max"": 1.2}",0.6259259259259259,0.3574074074074074,0.2037037037037037,0.39814814814814814,0.5973669222253584,0.4429774329632766,False
breakout_b20_vr2_ma50_vc0.7,5d41594245e2999f,breakout,2,-0.01248449204033166,0.4127849713912148,678,-0.016468100918824415,0.47511642280184785,0.26064382139148495,963,26.768321917808223,-0.016468100918824415,"{""breakout"": 20, ""contraction"": 0.7, ""trend"": ""ma50"", ""volume_ratio"": 2.0}",0.5462962962962963,0.4666666666666667,0.21296296296296297,0.5185185185185185,0.3193505893768984,0.44295357745620834,False
breakout_b20_vr1.5_ma100_vc0.9,87c2cbf3a397b437,breakout,1,-0.010925884081267432,0.3223249624378451,2111,-0.01406025889743196,0.3781215326971047,0.23765541740674956,2815,78.24800228310502,-0.01406025889743196,"{""breakout"": 20, ""contraction"": 0.9, ""trend"": ""ma100"", ""volume_ratio"": 1.5}",0.6296296296296297,0.5296296296296297,0.03518518518518519,0.6277777777777778,0.005196135084897815,0.4428344283233046,False
breakout_b10_vr2_ma100_vc0.9,32390b2b401e16c4,breakout,2,-0.011870483313213387,0.4137553845842863,1829,-0.015840870126461876,0.4829112569276659,0.27463917525773196,2425,67.40724885844749,-0.015840870126461876,"{""breakout"": 10, ""contraction"": 0.9, ""trend"": ""ma100"", ""volume_ratio"": 2.0}",0.587037037037037,0.49074074074074076,0.2462962962962963,0.5537037037037037,0.01236877770525921,0.4414220629557112,False
reversal_drop6_ma100_vr2,09a98f0250847033,reversal,20,-0.055679006999899396,0.385299338158682,234,-0.007746883017928571,0.9293769711323462,0.4013605442176871,294,8.172260273972602,-0.055679006999899396,"{""drop"": -0.06, ""trend"": ""ma100"", ""volume_ratio"": 2.0}",0.018518518518518517,0.7092592592592593,0.7592592592592593,0.018518518518518517,0.7073574328693168,0.44027278032396866,False
wyckoff_spring_lb30_d10_clv70_vr1.5,4180e7463981ac74,wyckoff_spring,20,-0.01381007051431562,0.702808872999635,624,-0.022720829873823848,0.6525900309381871,0.3849431818181818,704,19.5689497716895,-0.022720829873823848,"{""clv_min"": 0.7, ""depth"": -0.01, ""support_lb"": 30, ""volume_ratio_max"": 1.5}",0.48518518518518516,0.34444444444444444,0.5185185185185185,0.387037037037037,0.5680669589491026,0.4393992884875028,False
breakout_b20_vr2_ma50_vc0.7,5d41594245e2999f,breakout,1,-0.011525786729807697,0.3079516543521067,678,-0.016026494902911134,0.359369077455592,0.2232606438213915,963,26.768321917808223,-0.016026494902911134,"{""breakout"": 20, ""contraction"": 0.7, ""trend"": ""ma50"", ""volume_ratio"": 2.0}",0.6,0.48333333333333334,0.022222222222222223,0.5444444444444444,0.3193505893768984,0.4388795033821343,False
breakout_b10_vr2_ma50_vc0.9,08038c55d5505398,breakout,2,-0.01215951229111286,0.4130191876280864,2204,-0.015529686926374664,0.4817402838947955,0.27935813274981763,2742,76.21883561643835,-0.015529686926374664,"{""breakout"": 10, ""contraction"": 0.9, ""trend"": ""ma50"", ""volume_ratio"": 2.0}",0.5703703703703704,0.5,0.23333333333333334,0.5648148148148148,0.006111965637227613,0.43820378915631536,False
breakout_b20_vr2_ma100_vc0.7,c4c6f64bbf69c415,breakout,2,-0.013010411547579988,0.39249438702002154,546,-0.01699422676096305,0.46622633968064997,0.2536231884057971,828,23.015753424657536,-0.01699422676096305,"{""breakout"": 20, ""contraction"": 0.7, ""trend"": ""ma100"", ""volume_ratio"": 2.0}",0.524074074074074,0.45,0.19814814814814816,0.4962962962962963,0.43116679258958274,0.43719075333303237,False
reversal_drop8_ma200_vr1.5,d2f35a755ee09202,reversal,1,-0.01481358867446319,0.4010661454617704,313,-0.016736673635685387,0.43977726820882956,0.34442595673876875,601,16.705878995433793,-0.016736673635685387,"{""drop"": -0.08, ""trend"": ""ma200"", ""volume_ratio"": 1.5}",0.43703703703703706,0.45925925925925926,0.15185185185185185,0.5111111111111111,0.714287083563105,0.43716944909705124,False
reversal_drop8_ma200_vr2,a279f2460eee0f85,reversal,1,-0.013569814901257382,0.4301542526474066,189,-0.017920732625097864,0.42232069221970664,0.3374233128834356,326,9.06175799086758,-0.017920732625097864,"{""drop"": -0.08, ""trend"": ""ma200"", ""volume_ratio"": 2.0}",0.49074074074074076,0.43148148148148147,0.0962962962962963,0.4777777777777778,0.7595270358070195,0.4364156665436648,False
reversal_drop6_ma200_vr2,50e70c7ad57109ce,reversal,30,-0.038041850921818665,0.5942574015424276,293,-0.012407806811667687,0.8970847241009647,0.3811659192825112,446,12.397374429223746,-0.038041850921818665,"{""drop"": -0.06, ""trend"": ""ma200"", ""volume_ratio"": 2.0}",0.05740740740740741,0.5666666666666667,0.7314814814814815,0.07777777777777778,0.9918235647189693,0.4322379120274525,False
breakout_b20_vr2_ma100_vc0.7,c4c6f64bbf69c415,breakout,1,-0.011584260660223462,0.2989987603375022,546,-0.016865697375663485,0.3297308796648059,0.21497584541062803,828,23.015753424657536,-0.016865697375663485,"{""breakout"": 20, ""contraction"": 0.7, ""trend"": ""ma100"", ""volume_ratio"": 2.0}",0.5944444444444444,0.45740740740740743,0.001851851851851852,0.5037037037037037,0.43116679258958274,0.4321907533330323,False
breakout_b10_vr2_ma50_vc0.7,4676541cd71a8f0e,breakout,1,-0.011053875093869502,0.3221509985402885,815,-0.016122691681324342,0.3548632011271231,0.2164048865619546,1146,31.85513698630137,-0.016122691681324342,"{""breakout"": 10, ""contraction"": 0.7, ""trend"": ""ma50"", ""volume_ratio"": 2.0}",0.6222222222222222,0.4777777777777778,0.014814814814814815,0.5351851851851852,0.2125855126902107,0.4308881808986508,False
wyckoff_spring_lb20_d10_clv70_vr1.2,d3b74bcf2ee2efaa,wyckoff_spring,20,-0.017020215552692324,0.6334949049057598,684,-0.01913945451426488,0.7016963705500472,0.4017857142857143,784,21.79269406392694,-0.01913945451426488,"{""clv_min"": 0.7, ""depth"": -0.01, ""support_lb"": 20, ""volume_ratio_max"": 1.2}",0.35,0.4111111111111111,0.5925925925925926,0.4537037037037037,0.47548710075511313,0.43069685822365944,False
wyckoff_spring_lb20_d20_clv60_vr1.2,4feda3606a96c2e5,wyckoff_spring,20,-0.020806195082962692,0.6277690996400062,336,-0.021915117955692925,0.7024279660109439,0.4160919540229885,435,12.091609589041097,-0.021915117955692925,"{""clv_min"": 0.6, ""depth"": -0.02, ""support_lb"": 20, ""volume_ratio_max"": 1.2}",0.25,0.362962962962963,0.5944444444444444,0.40370370370370373,0.9678567067532364,0.42835974474939775,False
reversal_drop6_ma200_vr1.5,5ccc272c12ab907e,reversal,1,-0.012744611592703545,0.4109217448424699,498,-0.01623762599851246,0.4005135871635794,0.32,875,24.322203196347033,-0.01623762599851246,"{""drop"": -0.06, ""trend"": ""ma200"", ""volume_ratio"": 1.5}",0.5370370370370371,0.4703703703703704,0.06296296296296296,0.5259259259259259,0.38837797323994755,0.4266155751017725,False
wyckoff_spring_lb30_d10_clv60_vr1.5,3c699a3f08e94581,wyckoff_spring,20,-0.014472715003881642,0.6936946733447282,706,-0.021818628464428728,0.6715874206119689,0.3937575030012005,833,23.154737442922375,-0.021818628464428728,"{""clv_min"": 0.6, ""depth"": -0.01, ""support_lb"": 30, ""volume_ratio_max"": 1.5}",0.44074074074074077,0.3648148148148148,0.5555555555555556,0.40555555555555556,0.4263993223216166,0.4264362285284579,False
wyckoff_spring_lb30_d20_clv60_vr1.5,775e8e8e062496b3,wyckoff_spring,20,-0.018916902128997715,0.6690808677139223,323,-0.023007924655379545,0.6981796308390431,0.41019417475728154,412,11.452283105022833,-0.023007924655379545,"{""clv_min"": 0.6, ""depth"": -0.02, ""support_lb"": 30, ""volume_ratio_max"": 1.5}",0.2962962962962963,0.34074074074074073,0.587037037037037,0.3814814814814815,0.9195992040818887,0.4263117722600407,False
wyckoff_spring_lb30_d30_clv70_vr1.2,9adec51b806236c9,wyckoff_spring,2,-0.005270894263391516,0.7665263554223607,136,-0.028528500999834394,0.3808288465685429,0.2875,160,4.447488584474886,-0.028528500999834394,"{""clv_min"": 0.7, ""depth"": -0.03, ""support_lb"": 30, ""volume_ratio_max"": 1.2}",0.912962962962963,0.1925925925925926,0.03888888888888889,0.2537037037037037,0.5250819605499482,0.42500819605499485,False
wyckoff_spring_lb20_d30_clv70_vr1.5,a2059a1dfdf400a0,wyckoff_spring,2,-0.010280111405690903,0.5734468090689938,218,-0.024650275068412403,0.38564914523381094,0.2867132867132867,286,7.949885844748859,-0.024650275068412403,"{""clv_min"": 0.7, ""depth"": -0.03, ""support_lb"": 20, ""volume_ratio_max"": 1.5}",0.6796296296296296,0.3055555555555556,0.044444444444444446,0.35,0.6948848487335798,0.42198848487335794,False
wyckoff_spring_lb20_d30_clv70_vr1.2,766c04be93dbfa6b,wyckoff_spring,2,-0.009317055289721267,0.6115965088027701,177,-0.026288722894359462,0.39381115968909713,0.28440366972477066,218,6.059703196347033,-0.026288722894359462,"{""clv_min"": 0.7, ""depth"": -0.03, ""support_lb"": 20, ""volume_ratio_max"": 1.2}",0.7462962962962963,0.27037037037037037,0.053703703703703705,0.3148148148148148,0.5973669222253584,0.41779224777809143,False
reversal_drop6_ma200_vr1.5,5ccc272c12ab907e,reversal,30,-0.034136665079501444,0.6268785596178941,497,-0.00985289119143655,0.9083259894923829,0.4045714285714286,875,24.322203196347033,-0.034136665079501444,"{""drop"": -0.06, ""trend"": ""ma200"", ""volume_ratio"": 1.5}",0.07777777777777778,0.6537037037037037,0.737037037037037,0.1388888888888889,0.38837797323994755,0.4154118713980688,False
wyckoff_spring_lb20_d20_clv70_vr1.2,f9a253390361ed42,wyckoff_spring,20,-0.018246381237914597,0.6660984712397736,304,-0.024003946513639105,0.6706738073584944,0.41397849462365593,372,10.34041095890411,-0.024003946513639105,"{""clv_min"": 0.7, ""depth"": -0.02, ""support_lb"": 20, ""volume_ratio_max"": 1.2}",0.3148148148148148,0.32592592592592595,0.5518518518518518,0.3685185185185185,0.8413335190168587,0.412281500049834,False
breakout_b10_vr2_ma50_vc0.9,08038c55d5505398,breakout,1,-0.011302461988859631,0.32649152682082694,2204,-0.015850473071868106,0.3457275928969998,0.22465353756382203,2742,76.21883561643835,-0.015850473071868106,"{""breakout"": 10, ""contraction"": 0.9, ""trend"": ""ma50"", ""volume_ratio"": 2.0}",0.6111111111111112,0.4888888888888889,0.012962962962962963,0.5518518518518518,0.006111965637227613,0.41218527063779686,False
reversal_drop6_ma100_vr2,09a98f0250847033,reversal,30,-0.0590042415357122,0.44219741013866565,234,-0.010391841446151167,0.9231271241391876,0.4013605442176871,294,8.172260273972602,-0.0590042415357122,"{""drop"": -0.06, ""trend"": ""ma100"", ""volume_ratio"": 2.0}",0.012962962962962963,0.6351851851851852,0.75,0.012962962962962963,0.7073574328693168,0.41073574328693163,False
wyckoff_spring_lb30_d20_clv70_vr1.5,3124740b2cb1a426,wyckoff_spring,20,-0.014262377815977183,0.7348788863998597,294,-0.027150078488370342,0.6397321145340147,0.4040114613180516,349,9.701084474885846,-0.027150078488370342,"{""clv_min"": 0.7, ""depth"": -0.02, ""support_lb"": 30, ""volume_ratio_max"": 1.5}",0.4537037037037037,0.25,0.5055555555555555,0.3,0.7993844843527822,0.4093828928797226,False
wyckoff_spring_lb30_d10_clv70_vr1.2,ae34839a3d03bb58,wyckoff_spring,30,-0.02328361819733718,0.612849390789354,508,-0.020293543539215208,0.7289062625412444,0.4219858156028369,564,15.677397260273974,-0.02328361819733718,"{""clv_min"": 0.7, ""depth"": -0.01, ""support_lb"": 30, ""volume_ratio_max"": 1.2}",0.20185185185185187,0.39444444444444443,0.6222222222222222,0.37777777777777777,0.7755430534991399,0.4072765275721362,False
breakout_b10_vr2_ma100_vc0.9,32390b2b401e16c4,breakout,1,-0.011430443500502457,0.318770616214974,1829,-0.01611978078737501,0.34083736683646865,0.2222680412371134,2425,67.40724885844749,-0.01611978078737501,"{""breakout"": 10, ""contraction"": 0.9, ""trend"": ""ma100"", ""volume_ratio"": 2.0}",0.6055555555555555,0.47962962962962963,0.005555555555555556,0.5370370370370371,0.01236877770525921,0.4053109518446,False
reversal_drop8_ma200_vr2,a279f2460eee0f85,reversal,2,-0.012730294260298942,0.5845764475613494,189,-0.02356036741405503,0.4126282869578577,0.3312883435582822,326,9.06175799086758,-0.02356036741405503,"{""drop"": -0.08, ""trend"": ""ma200"", ""volume_ratio"": 2.0}",0.5388888888888889,0.3351851851851852,0.08333333333333333,0.37592592592592594,0.7595270358070195,0.405026777654776,False
reversal_drop6_ma200_vr1.5,5ccc272c12ab907e,reversal,2,-0.01341275128040072,0.5300851047337886,498,-0.019326973294839952,0.4560359490028394,0.33714285714285713,875,24.322203196347033,-0.019326973294839952,"{""drop"": -0.06, ""trend"": ""ma200"", ""volume_ratio"": 1.5}",0.5,0.4074074074074074,0.1814814814814815,0.45,0.38837797323994755,0.40365261213880954,False
breakout_b20_vr2_ma50_vc0.9,3836509466606b67,breakout,1,-0.011565942586856615,0.3182304494550468,1840,-0.0161760747593756,0.34106332203485323,0.22667792317433516,2369,65.85062785388128,-0.0161760747593756,"{""breakout"": 20, ""contraction"": 0.9, ""trend"": ""ma50"", ""volume_ratio"": 2.0}",0.5962962962962963,0.4759259259259259,0.007407407407407408,0.5314814814814814,0.014009071032221408,0.4011231293254444,False
reversal_drop8_ma100_vr1.5,453aaf2f666b120c,reversal,1,-0.019802660676498093,0.279691626292842,271,-0.017649182832794715,0.4467203592864039,0.3459715639810427,422,11.730251141552513,-0.019802660676498093,"{""drop"": -0.08, ""trend"": ""ma100"", ""volume_ratio"": 1.5}",0.2777777777777778,0.4388888888888889,0.17037037037037037,0.44074074074074077,0.9402778063829341,0.4006018547123675,False
reversal_drop6_ma200_vr2,50e70c7ad57109ce,reversal,2,-0.013383228071002121,0.5271333722205177,294,-0.024248657852192837,0.35829356555057557,0.3183856502242152,446,12.397374429223746,-0.024248657852192837,"{""drop"": -0.06, ""trend"": ""ma200"", ""volume_ratio"": 2.0}",0.5037037037037037,0.31666666666666665,0.018518518518518517,0.3611111111111111,0.9918235647189693,0.4000156898052302,False
breakout_b20_vr2_ma100_vc0.9,ad802bb544585035,breakout,1,-0.011532864108666203,0.3149052042401139,1506,-0.016245461422269968,0.3392670793000313,0.22522957950700823,2069,57.51158675799087,-0.016245461422269968,"{""breakout"": 20, ""contraction"": 0.9, ""trend"": ""ma100"", ""volume_ratio"": 2.0}",0.5981481481481481,0.4685185185185185,0.003703703703703704,0.524074074074074,0.02729840671344395,0.39911872956023325,False
breakout_b10_vr2_ma50_vc0.7,4676541cd71a8f0e,breakout,2,-0.012963020564257403,0.38749249529033514,815,-0.01803493223722386,0.4337441508398956,0.25392670157068065,1146,31.85513698630137,-0.01803493223722386,"{""breakout"": 10, ""contraction"": 0.7, ""trend"": ""ma50"", ""volume_ratio"": 2.0}",0.5259259259259259,0.42962962962962964,0.12962962962962962,0.4740740740740741,0.2125855126902107,0.3962585512690211,False
reversal_drop6_ma200_vr1,6af5ec14e19eb09b,reversal,2,-0.013674645865431068,0.5201000075119421,887,-0.017083299913139637,0.4907243933128653,0.3499260719566289,2029,56.39971461187215,-0.017083299913139637,"{""drop"": -0.06, ""trend"": ""ma200"", ""volume_ratio"": 1.0}",0.48703703703703705,0.44814814814814813,0.26666666666666666,0.49444444444444446,0.029837861583978696,0.39539119356580527,False
wyckoff_spring_lb30_d10_clv70_vr1.2,ae34839a3d03bb58,wyckoff_spring,15,-0.015017845506678293,0.649184314448575,509,-0.02660224139067772,0.5723729722978926,0.4219858156028369,564,15.677397260273974,-0.02660224139067772,"{""clv_min"": 0.7, ""depth"": -0.01, ""support_lb"": 30, ""volume_ratio_max"": 1.2}",0.43148148148148147,0.26481481481481484,0.42777777777777776,0.30925925925925923,0.7755430534991399,0.39477652757213616,False
reversal_drop8_ma100_vr1,e3908dea0833a8a4,reversal,2,-0.017182067454038143,0.48421803173299904,496,-0.017718028445477433,0.5286056055102638,0.37235116044399597,991,27.546632420091328,-0.017718028445477433,"{""drop"": -0.08, ""trend"": ""ma100"", ""volume_ratio"": 1.0}",0.3425925925925926,0.43703703703703706,0.3351851851851852,0.48333333333333334,0.3000726720162043,0.3843591190534723,False
reversal_drop8_ma100_vr2,ebeee74e888a4307,reversal,20,-0.07979132451715638,0.2821391368772319,147,-0.01107629178514054,0.9101373868019448,0.3811659192825112,223,6.198687214611873,-0.07979132451715638,"{""drop"": -0.08, ""trend"": ""ma100"", ""volume_ratio"": 2.0}",0.003703703703703704,0.6,0.7407407407407407,0.003703703703703704,0.6040459409096979,0.3829971866835623,False
reversal_drop8_ma200_vr1.5,d2f35a755ee09202,reversal,2,-0.016892400326394365,0.4876343784714776,313,-0.02079511528849447,0.4604089598174659,0.33943427620632277,601,16.705878995433793,-0.02079511528849447,"{""drop"": -0.08, ""trend"": ""ma200"", ""volume_ratio"": 1.5}",0.35555555555555557,0.38333333333333336,0.18703703703703703,0.4203703703703704,0.714287083563105,0.3823546342822364,False
wyckoff_spring_lb20_d10_clv70_vr1.2,d3b74bcf2ee2efaa,wyckoff_spring,15,-0.01692845053828808,0.6008312518044789,684,-0.022841566680131837,0.6131318971985544,0.4107142857142857,784,21.79269406392694,-0.022841566680131837,"{""clv_min"": 0.7, ""depth"": -0.01, ""support_lb"": 20, ""volume_ratio_max"": 1.2}",0.35185185185185186,0.3425925925925926,0.4703703703703704,0.3851851851851852,0.47548710075511313,0.38208574711254834,False
wyckoff_spring_lb20_d10_clv70_vr1.5,62681173c89068e8,wyckoff_spring,20,-0.016669355374472096,0.6392673841708518,828,-0.02251582586743454,0.6514293061284039,0.3821391484942887,963,26.768321917808223,-0.02251582586743454,"{""clv_min"": 0.7, ""depth"": -0.01, ""support_lb"": 20, ""volume_ratio_max"": 1.5}",0.3685185185185185,0.34814814814814815,0.5166666666666667,0.3925925925925926,0.3193505893768984,0.3811017256043565,False
wyckoff_spring_lb20_d10_clv60_vr1.5,0cf123c3ccb1fd92,wyckoff_spring,20,-0.016817658736490444,0.6388616129442791,938,-0.022026621313604274,0.6625698247635698,0.3902654867256637,1130,31.410388127853885,-0.022026621313604274,"{""clv_min"": 0.6, ""depth"": -0.01, ""support_lb"": 20, ""volume_ratio_max"": 1.5}",0.3611111111111111,0.3611111111111111,0.5351851851851852,0.40185185185185185,0.22028545516066717,0.37721373070125186,False
wyckoff_spring_lb30_d30_clv60_vr1.5,d768d303b64a01c1,wyckoff_spring,20,-0.023835076602640393,0.5860526542921917,181,-0.022195417141668543,0.7330149598869984,0.411522633744856,243,6.754623287671233,-0.023835076602640393,"{""clv_min"": 0.6, ""depth"": -0.03, ""support_lb"": 30, ""volume_ratio_max"": 1.5}",0.1925925925925926,0.35555555555555557,0.6296296296296297,0.37037037037037035,0.6315171771632507,0.3768554214200288,False
wyckoff_spring_lb20_d20_clv60_vr1.5,1b3b4e11916f2e4f,wyckoff_spring,20,-0.020859329289054134,0.6288419322902902,418,-0.024835848461549556,0.6595746717215946,0.3927927927927928,555,15.42722602739726,-0.024835848461549556,"{""clv_min"": 0.6, ""depth"": -0.02, ""support_lb"": 20, ""volume_ratio_max"": 1.5}",0.2462962962962963,0.3,0.5314814814814814,0.3425925925925926,0.791220900996507,0.37199246047002105,False
wyckoff_spring_lb30_d30_clv60_vr1.2,f58ec93882976d5e,wyckoff_spring,20,-0.02471417729956068,0.5700321137546848,145,-0.021120659957108864,0.7596338605742745,0.43783783783783786,185,5.1424086757990874,-0.02471417729956068,"{""clv_min"": 0.6, ""depth"": -0.03, ""support_lb"": 30, ""volume_ratio_max"": 1.2}",0.17962962962962964,0.37407407407407406,0.6444444444444445,0.34814814814814815,0.5550998308887821,0.3718062793851745,False
wyckoff_spring_lb30_d30_clv60_vr1.2,f58ec93882976d5e,wyckoff_spring,30,-0.057747956479324236,0.3675356069765463,145,-0.012014256065419738,0.8781825460135203,0.41621621621621624,185,5.1424086757990874,-0.057747956479324236,"{""clv_min"": 0.6, ""depth"": -0.03, ""support_lb"": 30, ""volume_ratio_max"": 1.2}",0.014814814814814815,0.5796296296296296,0.7166666666666667,0.014814814814814815,0.5550998308887821,0.37180627938517447,False
reversal_drop8_ma200_vr1,6439fe6cbaee160d,reversal,2,-0.015958160894066802,0.5044974191334693,533,-0.018158250049275078,0.49709809613280354,0.35661218424962854,1346,37.41449771689498,-0.018158250049275078,"{""drop"": -0.08, ""trend"": ""ma200"", ""volume_ratio"": 1.0}",0.3962962962962963,0.42777777777777776,0.2777777777777778,0.4722222222222222,0.1362641745641426,0.3711264174564142,False
wyckoff_spring_lb20_d20_clv70_vr1.5,751c7b2e53537d01,wyckoff_spring,20,-0.018360364868389427,0.6631585606172381,380,-0.027670772181185035,0.6193393185214331,0.38445378151260506,476,13.231278538812786,-0.027670772181185035,"{""clv_min"": 0.7, ""depth"": -0.02, ""support_lb"": 20, ""volume_ratio_max"": 1.5}",0.3111111111111111,0.22962962962962963,0.48518518518518516,0.2833333333333333,0.9431760870271467,0.36913242351752945,False
wyckoff_spring_lb30_d20_clv60_vr1.5,775e8e8e062496b3,wyckoff_spring,30,-0.03685648081384858,0.5381215533651812,322,-0.018858784466964307,0.7818022530645988,0.4174757281553398,412,11.452283105022833,-0.03685648081384858,"{""clv_min"": 0.6, ""depth"": -0.02, ""support_lb"": 30, ""volume_ratio_max"": 1.5}",0.06481481481481481,0.4185185185185185,0.6592592592592592,0.09444444444444444,0.9195992040818887,0.3662191796674481,False
wyckoff_spring_lb30_d10_clv60_vr1.2,c2fef472c3f78764,wyckoff_spring,30,-0.02633665322942108,0.5707704402658184,575,-0.02100474343367112,0.7329284682721472,0.41916167664670656,668,18.56826484018265,-0.02633665322942108,"{""clv_min"": 0.6, ""depth"": -0.01, ""support_lb"": 30, ""volume_ratio_max"": 1.2}",0.15185185185185185,0.37777777777777777,0.6277777777777778,0.31296296296296294,0.6154133105564414,0.36478207179638483,False
reversal_drop6_ma200_vr2,50e70c7ad57109ce,reversal,20,-0.03198017369303703,0.5750379842085966,291,-0.02232233419276734,0.7792499097224472,0.3721973094170404,446,12.397374429223746,-0.03198017369303703,"{""drop"": -0.06, ""trend"": ""ma200"", ""volume_ratio"": 2.0}",0.08518518518518518,0.35185185185185186,0.6574074074074074,0.1814814814814815,0.9918235647189693,0.3646453194348599,False
wyckoff_spring_lb30_d30_clv60_vr1.5,d768d303b64a01c1,wyckoff_spring,30,-0.04893959482915609,0.4541441397884802,180,-0.014210500908467207,0.849588575139808,0.4074074074074074,243,6.754623287671233,-0.04893959482915609,"{""clv_min"": 0.6, ""depth"": -0.03, ""support_lb"": 30, ""volume_ratio_max"": 1.5}",0.02962962962962963,0.524074074074074,0.7037037037037037,0.03148148148148148,0.6315171771632507,0.36417023623484357,False
reversal_drop8_ma100_vr1.5,453aaf2f666b120c,reversal,30,-0.06525794548149964,0.43283457881638865,270,-0.01695431725721726,0.8735562081483702,0.3886255924170616,422,11.730251141552513,-0.06525794548149964,"{""drop"": -0.08, ""trend"": ""ma100"", ""volume_ratio"": 1.5}",0.009259259259259259,0.45185185185185184,0.7129629629629629,0.009259259259259259,0.9402778063829341,0.3628240769345897,False
wyckoff_spring_lb30_d10_clv60_vr1.2,c2fef472c3f78764,wyckoff_spring,15,-0.015426184662464402,0.6413773936858854,576,-0.027564697013314925,0.5774997508964828,0.4101796407185629,668,18.56826484018265,-0.027564697013314925,"{""clv_min"": 0.6, ""depth"": -0.01, ""support_lb"": 30, ""volume_ratio_max"": 1.2}",0.4166666666666667,0.23333333333333334,0.4351851851851852,0.28703703703703703,0.6154133105564414,0.36218947920379224,False
reversal_drop6_ma100_vr2,09a98f0250847033,reversal,1,-0.01651622062749533,0.31677975869268127,235,-0.02098961555193517,0.3591104931845036,0.3129251700680272,294,8.172260273972602,-0.02098961555193517,"{""drop"": -0.06, ""trend"": ""ma100"", ""volume_ratio"": 2.0}",0.37222222222222223,0.37962962962962965,0.020370370370370372,0.4185185185185185,0.7073574328693168,0.36018018773137617,False
reversal_drop6_ma200_vr1.5,5ccc272c12ab907e,reversal,3,-0.013052506448507969,0.6103419127442454,498,-0.025210400941828984,0.4414366244424041,0.36,875,24.322203196347033,-0.025210400941828984,"{""drop"": -0.06, ""trend"": ""ma200"", ""volume_ratio"": 1.5}",0.5203703703703704,0.29074074074074074,0.15555555555555556,0.3351851851851852,0.38837797323994755,0.35356001954621696,False
wyckoff_spring_lb30_d10_clv70_vr1.5,4180e7463981ac74,wyckoff_spring,30,-0.021973235665515897,0.635616913893203,623,-0.024821209811725396,0.673084801345412,0.4034090909090909,704,19.5689497716895,-0.024821209811725396,"{""clv_min"": 0.7, ""depth"": -0.01, ""support_lb"": 30, ""volume_ratio_max"": 1.5}",0.22592592592592592,0.30185185185185187,0.5574074074074075,0.34629629629629627,0.5680669589491026,0.34847336256157696,False
reversal_drop8_ma100_vr1.5,453aaf2f666b120c,reversal,2,-0.024825686986917804,0.3511317090074767,271,-0.021413436101820067,0.48302190286681973,0.3459715639810427,422,11.730251141552513,-0.024825686986917804,"{""drop"": -0.08, ""trend"": ""ma100"", ""volume_ratio"": 1.5}",0.17777777777777778,0.3685185185185185,0.24814814814814815,0.34444444444444444,0.9402778063829341,0.3480092621197749,False
wyckoff_spring_lb30_d10_clv60_vr1.5,3c699a3f08e94581,wyckoff_spring,10,-0.015063755458954178,0.5832335619001757,705,-0.026401419778677628,0.534056442487462,0.38895558223289317,833,23.154737442922375,-0.026401419778677628,"{""clv_min"": 0.6, ""depth"": -0.01, ""support_lb"": 30, ""volume_ratio_max"": 1.5}",0.42777777777777776,0.26851851851851855,0.3425925925925926,0.3111111111111111,0.4263993223216166,0.34745474704697643,False
wyckoff_spring_lb30_d20_clv60_vr1.2,aea2b6877a0d20ad,wyckoff_spring,30,-0.03796478852535318,0.5126386093479247,256,-0.01851066626371205,0.7954980320785612,0.4171974522292994,314,8.728196347031965,-0.03796478852535318,"{""clv_min"": 0.6, ""depth"": -0.02, ""support_lb"": 30, ""volume_ratio_max"": 1.2}",0.05925925925925926,0.4203703703703704,0.6703703703703704,0.07962962962962963,0.7395271435452878,0.3473786402804547,False
wyckoff_spring_lb30_d10_clv60_vr1.2,c2fef472c3f78764,wyckoff_spring,10,-0.015569115179965213,0.5752794640413423,574,-0.027576576025346505,0.5269261819257822,0.38772455089820357,668,18.56826484018265,-0.027576576025346505,"{""clv_min"": 0.6, ""depth"": -0.01, ""support_lb"": 30, ""volume_ratio_max"": 1.2}",0.4148148148148148,0.23148148148148148,0.3277777777777778,0.2851851851851852,0.6154133105564414,0.3446894792037923,False
wyckoff_spring_lb20_d10_clv70_vr1.5,62681173c89068e8,wyckoff_spring,15,-0.017129026321971465,0.5920909968830909,829,-0.02461712261041389,0.5802006413325775,0.39460020768431986,963,26.768321917808223,-0.02461712261041389,"{""clv_min"": 0.7, ""depth"": -0.01, ""support_lb"": 20, ""volume_ratio_max"": 1.5}",0.34444444444444444,0.3074074074074074,0.4388888888888889,0.3537037037037037,0.3193505893768984,0.3440646885673195,False
wyckoff_spring_lb20_d20_clv60_vr1.2,4feda3606a96c2e5,wyckoff_spring,15,-0.020728134863970453,0.6010894291956947,336,-0.02826853330940572,0.6116130714367353,0.40229885057471265,435,12.091609589041097,-0.02826853330940572,"{""clv_min"": 0.6, ""depth"": -0.02, ""support_lb"": 20, ""volume_ratio_max"": 1.2}",0.2518518518518518,0.20925925925925926,0.4685185185185185,0.26666666666666666,0.9678567067532364,0.3425264114160643,False
wyckoff_spring_lb20_d10_clv60_vr1.5,0cf123c3ccb1fd92,wyckoff_spring,10,-0.0160836239355404,0.557707666356334,937,-0.02414399506395138,0.5422842969242109,0.37610619469026546,1130,31.410388127853885,-0.02414399506395138,"{""clv_min"": 0.6, ""depth"": -0.01, ""support_lb"": 20, ""volume_ratio_max"": 1.5}",0.3888888888888889,0.32037037037037036,0.362962962962963,0.362962962962963,0.22028545516066717,0.34156558255310376,False
wyckoff_spring_lb30_d20_clv70_vr1.5,3124740b2cb1a426,wyckoff_spring,30,-0.029192393342544566,0.6081963320928593,293,-0.02426340398886724,0.7135932072868768,0.41260744985673353,349,9.701084474885846,-0.029192393342544566,"{""clv_min"": 0.7, ""depth"": -0.02, ""support_lb"": 30, ""volume_ratio_max"": 1.5}",0.11481481481481481,0.3148148148148148,0.6055555555555555,0.23703703703703705,0.7993844843527822,0.33910511510194485,False
wyckoff_spring_lb20_d10_clv60_vr1.5,0cf123c3ccb1fd92,wyckoff_spring,15,-0.01761886340943167,0.5857526348435342,939,-0.024004800096330367,0.6001515986908347,0.3911504424778761,1130,31.410388127853885,-0.024004800096330367,"{""clv_min"": 0.6, ""depth"": -0.01, ""support_lb"": 20, ""volume_ratio_max"": 1.5}",0.3277777777777778,0.32407407407407407,0.45740740740740743,0.36666666666666664,0.22028545516066717,0.33906558255310376,False
wyckoff_spring_lb30_d10_clv60_vr1.5,3c699a3f08e94581,wyckoff_spring,15,-0.01587633914994174,0.6314461052116458,707,-0.02746835098550891,0.5692963583170078,0.3985594237695078,833,23.154737442922375,-0.02746835098550891,"{""clv_min"": 0.6, ""depth"": -0.01, ""support_lb"": 30, ""volume_ratio_max"": 1.5}",0.39814814814814814,0.2388888888888889,0.4222222222222222,0.29259259259259257,0.4263993223216166,0.33828808038030983,False
reversal_drop8_ma200_vr1.5,d2f35a755ee09202,reversal,30,-0.041967066531350246,0.6066117217751401,312,-0.019540897714620215,0.8387493123088965,0.3910149750415973,601,16.705878995433793,-0.041967066531350246,"{""drop"": -0.08, ""trend"": ""ma200"", ""volume_ratio"": 1.5}",0.046296296296296294,0.40185185185185185,0.6962962962962963,0.05925925925925926,0.714287083563105,0.3363361157637179,False
wyckoff_spring_lb30_d30_clv70_vr1.2,9adec51b806236c9,wyckoff_spring,20,-0.022109273623274053,0.6016572687089656,136,-0.025883699889421397,0.6948928678254109,0.4375,160,4.447488584474886,-0.025883699889421397,"{""clv_min"": 0.7, ""depth"": -0.03, ""support_lb"": 30, ""volume_ratio_max"": 1.2}",0.2222222222222222,0.2796296296296296,0.5777777777777777,0.32222222222222224,0.5250819605499482,0.33593412198092076,False
wyckoff_spring_lb30_d10_clv60_vr1.5,3c699a3f08e94581,wyckoff_spring,30,-0.024642202116670633,0.5988694913326646,705,-0.02397469017341886,0.6928694313299031,0.4069627851140456,833,23.154737442922375,-0.024642202116670633,"{""clv_min"": 0.6, ""depth"": -0.01, ""support_lb"": 30, ""volume_ratio_max"": 1.5}",0.1814814814814815,0.3296296296296296,0.575925925925926,0.35185185185185186,0.4263993223216166,0.3340288211210506,False
reversal_drop6_ma200_vr1,6af5ec14e19eb09b,reversal,3,-0.015811004589394634,0.5348279686085179,887,-0.021384553482196117,0.4865939661429086,0.3642188270083785,2029,56.39971461187215,-0.021384553482196117,"{""drop"": -0.06, ""trend"": ""ma200"", ""volume_ratio"": 1.0}",0.40555555555555556,0.37037037037037035,0.2574074074074074,0.40925925925925927,0.029837861583978696,0.3338171194917312,False
wyckoff_spring_lb30_d10_clv70_vr1.2,ae34839a3d03bb58,wyckoff_spring,10,-0.015869697444427795,0.5635830363755518,507,-0.02848783123171428,0.4914990865812795,0.38652482269503546,564,15.677397260273974,-0.02848783123171428,"{""clv_min"": 0.7, ""depth"": -0.01, ""support_lb"": 30, ""volume_ratio_max"": 1.2}",0.4,0.19814814814814816,0.26851851851851855,0.25925925925925924,0.7755430534991399,0.3331098609054695,False
wyckoff_spring_lb30_d10_clv70_vr1.5,4180e7463981ac74,wyckoff_spring,15,-0.015644518076651775,0.631267223049499,625,-0.028302885460929354,0.5414334801374221,0.4034090909090909,704,19.5689497716895,-0.028302885460929354,"{""clv_min"": 0.7, ""depth"": -0.01, ""support_lb"": 30, ""volume_ratio_max"": 1.5}",0.412962962962963,0.20555555555555555,0.3592592592592593,0.26296296296296295,0.5680669589491026,0.33282521441342877,False
wyckoff_spring_lb30_d10_clv70_vr1.5,4180e7463981ac74,wyckoff_spring,10,-0.015040192079780504,0.5756665351845808,623,-0.02821132625606846,0.4883600748000612,0.3835227272727273,704,19.5689497716895,-0.02821132625606846,"{""clv_min"": 0.7, ""depth"": -0.01, ""support_lb"": 30, ""volume_ratio_max"": 1.5}",0.42962962962962964,0.21481481481481482,0.2611111111111111,0.26851851851851855,0.5680669589491026,0.3268992884875029,False
reversal_drop8_ma100_vr1,e3908dea0833a8a4,reversal,3,-0.018716706429296324,0.5359105903770339,496,-0.022674963661034095,0.510316700247479,0.3773965691220989,991,27.546632420091328,-0.022674963661034095,"{""drop"": -0.08, ""trend"": ""ma100"", ""volume_ratio"": 1.0}",0.3037037037037037,0.34629629629629627,0.29814814814814816,0.3888888888888889,0.3000726720162043,0.3259331931275464,False
wyckoff_spring_lb30_d10_clv60_vr1.2,c2fef472c3f78764,wyckoff_spring,7,-0.0169137576050701,0.5183868545103025,575,-0.027082460595169305,0.48489125410998873,0.35179640718562877,668,18.56826484018265,-0.027082460595169305,"{""clv_min"": 0.6, ""depth"": -0.01, ""support_lb"": 30, ""volume_ratio_max"": 1.2}",0.3537037037037037,0.2518518518518518,0.25555555555555554,0.30185185185185187,0.6154133105564414,0.3243191088334219,False
reversal_drop8_ma100_vr2,ebeee74e888a4307,reversal,30,-0.08567372066017435,0.32180978193587634,147,-0.017282677930416022,0.8824166555016175,0.38565022421524664,223,6.198687214611873,-0.08567372066017435,"{""drop"": -0.08, ""trend"": ""ma100"", ""volume_ratio"": 2.0}",0.001851851851851852,0.44074074074074077,0.7203703703703703,0.001851851851851852,0.6040459409096979,0.32346014964652536,False
wyckoff_spring_lb20_d20_clv60_vr1.2,4feda3606a96c2e5,wyckoff_spring,5,-0.021447634962368813,0.41923703754671837,336,-0.0272214585346544,0.4835233691634839,0.31724137931034485,435,12.091609589041097,-0.0272214585346544,"{""clv_min"": 0.6, ""depth"": -0.02, ""support_lb"": 20, ""volume_ratio_max"": 1.2}",0.23703703703703705,0.24814814814814815,0.2518518518518518,0.29814814814814816,0.9678567067532364,0.32234122623087924,False
wyckoff_spring_lb30_d10_clv60_vr1.2,c2fef472c3f78764,wyckoff_spring,5,-0.01706957715887604,0.4423746969244657,572,-0.025747623721113454,0.43706534036109224,0.3218562874251497,668,18.56826484018265,-0.025747623721113454,"{""clv_min"": 0.6, ""depth"": -0.01, ""support_lb"": 30, ""volume_ratio_max"": 1.2}",0.34629629629629627,0.2833333333333333,0.1388888888888889,0.3277777777777778,0.6154133105564414,0.3182079977223108,False
wyckoff_spring_lb20_d10_clv70_vr1.5,62681173c89068e8,wyckoff_spring,10,-0.016159074006846914,0.5471695415604793,827,-0.025972205172107913,0.4955375217825813,0.36863966770508827,963,26.768321917808223,-0.025972205172107913,"{""clv_min"": 0.7, ""depth"": -0.01, ""support_lb"": 20, ""volume_ratio_max"": 1.5}",0.3851851851851852,0.2777777777777778,0.2740740740740741,0.32037037037037036,0.3193505893768984,0.31786098486361575,False
wyckoff_spring_lb20_d10_clv70_vr1.2,d3b74bcf2ee2efaa,wyckoff_spring,30,-0.02403995575844823,0.5984683842926438,683,-0.025858522441281576,0.6685037497354301,0.399234693877551,784,21.79269406392694,-0.025858522441281576,"{""clv_min"": 0.7, ""depth"": -0.01, ""support_lb"": 20, ""volume_ratio_max"": 1.2}",0.19074074074074074,0.2814814814814815,0.5462962962962963,0.32592592592592595,0.47548710075511313,0.3178264878532891,False
reversal_drop6_ma200_vr2,50e70c7ad57109ce,reversal,3,-0.013492835867662707,0.6012484802103109,294,-0.03159823614699069,0.34295117571904093,0.35201793721973096,446,12.397374429223746,-0.03159823614699069,"{""drop"": -0.06, ""trend"": ""ma200"", ""volume_ratio"": 2.0}",0.49444444444444446,0.14074074074074075,0.009259259259259259,0.19074074074074074,0.9918235647189693,0.3172379120274525,False
reversal_drop8_ma100_vr2,ebeee74e888a4307,reversal,1,-0.021314967223318635,0.2565006627507788,148,-0.02092235946154691,0.3979886822793289,0.3273542600896861,223,6.198687214611873,-0.021314967223318635,"{""drop"": -0.08, ""trend"": ""ma100"", ""volume_ratio"": 2.0}",0.24259259259259258,0.3814814814814815,0.06111111111111111,0.412962962962963,0.6040459409096979,0.317163853350229,False
wyckoff_spring_lb30_d20_clv70_vr1.2,7f02ed8bce50faf8,wyckoff_spring,30,-0.030154808686222275,0.5855469971199668,233,-0.02509868709456958,0.7152918598435285,0.4157303370786517,267,7.421746575342466,-0.030154808686222275,"{""clv_min"": 0.7, ""depth"": -0.02, ""support_lb"": 30, ""volume_ratio_max"": 1.2}",0.10555555555555556,0.29259259259259257,0.6111111111111112,0.22592592592592592,0.666136766797439,0.31494701001307723,False
wyckoff_spring_lb30_d10_clv70_vr1.2,ae34839a3d03bb58,wyckoff_spring,5,-0.01639909043306228,0.4603087516524887,506,-0.02729533766260376,0.3895665336982882,0.3280141843971631,564,15.677397260273974,-0.02729533766260376,"{""clv_min"": 0.7, ""depth"": -0.01, ""support_lb"": 30, ""volume_ratio_max"": 1.2}",0.37777777777777777,0.24444444444444444,0.05185185185185185,0.2962962962962963,0.7755430534991399,0.31385060164621026,False
wyckoff_spring_lb30_d10_clv60_vr1.5,3c699a3f08e94581,wyckoff_spring,7,-0.01584150859792031,0.5360233690413057,706,-0.027394273123527185,0.47720776837720147,0.368547418967587,833,23.154737442922375,-0.027394273123527185,"{""clv_min"": 0.6, ""depth"": -0.01, ""support_lb"": 30, ""volume_ratio_max"": 1.5}",0.40185185185185185,0.24074074074074073,0.22407407407407406,0.29444444444444445,0.4263993223216166,0.31051030260253204,False
wyckoff_spring_lb20_d20_clv70_vr1.2,f9a253390361ed42,wyckoff_spring,15,-0.018454915417525128,0.6350465605369308,304,-0.03118656886681265,0.5612289909604803,0.4032258064516129,372,10.34041095890411,-0.03118656886681265,"{""clv_min"": 0.7, ""depth"": -0.02, ""support_lb"": 20, ""volume_ratio_max"": 1.2}",0.30925925925925923,0.14814814814814814,0.40925925925925927,0.20185185185185187,0.8413335190168587,0.31033705560538954,False
wyckoff_spring_lb30_d10_clv70_vr1.2,ae34839a3d03bb58,wyckoff_spring,7,-0.016093492002556737,0.5366599341959153,508,-0.028497826890205632,0.4398998341909695,0.35815602836879434,564,15.677397260273974,-0.028497826890205632,"{""clv_min"": 0.7, ""depth"": -0.01, ""support_lb"": 30, ""volume_ratio_max"": 1.2}",0.387037037037037,0.19444444444444445,0.1537037037037037,0.25555555555555554,0.7755430534991399,0.3103320831276917,False
reversal_drop8_ma200_vr1,6439fe6cbaee160d,reversal,3,-0.018732169025740566,0.5203772290718767,533,-0.022504398740005194,0.5026597498422298,0.3684992570579495,1346,37.41449771689498,-0.022504398740005194,"{""drop"": -0.08, ""trend"": ""ma200"", ""volume_ratio"": 1.0}",0.30185185185185187,0.35,0.2851851851851852,0.39444444444444443,0.1362641745641426,0.30890419523419205,False
wyckoff_spring_lb20_d30_clv60_vr1.2,7c3b952bd8b28152,wyckoff_spring,20,-0.0287836273771354,0.49641947677208087,187,-0.026095915499143394,0.6965354364270654,0.40725806451612906,248,6.893607305936073,-0.0287836273771354,"{""clv_min"": 0.6, ""depth"": -0.03, ""support_lb"": 20, ""volume_ratio_max"": 1.2}",0.11851851851851852,0.2759259259259259,0.5833333333333334,0.25,0.6385780217946238,0.308487431809092,False
wyckoff_spring_lb30_d10_clv60_vr1.5,3c699a3f08e94581,wyckoff_spring,5,-0.015836479465653683,0.4665407216654367,701,-0.02613995589095832,0.4234714738770111,0.3289315726290516,833,23.154737442922375,-0.02613995589095832,"{""clv_min"": 0.6, ""depth"": -0.01, ""support_lb"": 30, ""volume_ratio_max"": 1.5}",0.40370370370370373,0.2740740740740741,0.1037037037037037,0.31851851851851853,0.4263993223216166,0.3070843766766061,False
wyckoff_spring_lb30_d20_clv60_vr1.2,aea2b6877a0d20ad,wyckoff_spring,15,-0.017767218467398337,0.6624187634614407,256,-0.031947095876260156,0.6012508707248984,0.410828025477707,314,8.728196347031965,-0.031947095876260156,"{""clv_min"": 0.6, ""depth"": -0.02, ""support_lb"": 30, ""volume_ratio_max"": 1.2}",0.32592592592592595,0.13518518518518519,0.46296296296296297,0.18518518518518517,0.7395271435452878,0.30700826991008434,False
wyckoff_spring_lb20_d20_clv60_vr1.2,4feda3606a96c2e5,wyckoff_spring,7,-0.025820638134991573,0.41896568430457093,336,-0.027511268884408815,0.5319186480629703,0.3586206896551724,435,12.091609589041097,-0.027511268884408815,"{""clv_min"": 0.6, ""depth"": -0.02, ""support_lb"": 20, ""volume_ratio_max"": 1.2}",0.1574074074074074,0.23703703703703705,0.3388888888888889,0.29074074074074074,0.9678567067532364,0.30687826326791623,False
wyckoff_spring_lb20_d20_clv60_vr1.5,1b3b4e11916f2e4f,wyckoff_spring,10,-0.02309702215439707,0.4909500873416234,418,-0.027975774706710907,0.5597953065225068,0.37117117117117115,555,15.42722602739726,-0.027975774706710907,"{""clv_min"": 0.6, ""depth"": -0.02, ""support_lb"": 20, ""volume_ratio_max"": 1.5}",0.20555555555555555,0.2222222222222222,0.40370370370370373,0.2759259259259259,0.791220900996507,0.3067146826922433,False
wyckoff_spring_lb20_d10_clv70_vr1.2,d3b74bcf2ee2efaa,wyckoff_spring,10,-0.017561491545927076,0.5196651564657232,682,-0.026812267861082262,0.48955501307440874,0.3673469387755102,784,21.79269406392694,-0.026812267861082262,"{""clv_min"": 0.7, ""depth"": -0.01, ""support_lb"": 20, ""volume_ratio_max"": 1.2}",0.3314814814814815,0.25555555555555554,0.26481481481481484,0.3037037037037037,0.47548710075511313,0.3065301915569928,False
wyckoff_spring_lb20_d20_clv60_vr1.5,1b3b4e11916f2e4f,wyckoff_spring,15,-0.02206213444789058,0.5784590690678467,418,-0.028705912346000065,0.5917768691209099,0.3855855855855856,555,15.42722602739726,-0.028705912346000065,"{""clv_min"": 0.6, ""depth"": -0.02, ""support_lb"": 20, ""volume_ratio_max"": 1.5}",0.22407407407407406,0.19074074074074074,0.44814814814814813,0.2518518518518518,0.791220900996507,0.30551097898853957,False
wyckoff_spring_lb20_d30_clv60_vr1.5,8d6fb793a179834d,wyckoff_spring,15,-0.027511788464914134,0.5115424395062902,231,-0.02736547226881488,0.6493263628201037,0.38699690402476783,323,8.978367579908676,-0.027511788464914134,"{""clv_min"": 0.6, ""depth"": -0.03, ""support_lb"": 20, ""volume_ratio_max"": 1.5}",0.13148148148148148,0.24259259259259258,0.5111111111111111,0.28888888888888886,0.7544769180605196,0.3053550992134594,False
reversal_drop6_ma100_vr2,09a98f0250847033,reversal,2,-0.01950273300730624,0.41259329079577733,235,-0.024913967124509783,0.40564888986338243,0.3401360544217687,294,8.172260273972602,-0.024913967124509783,"{""drop"": -0.06, ""trend"": ""ma100"", ""volume_ratio"": 2.0}",0.2851851851851852,0.2962962962962963,0.07407407407407407,0.3388888888888889,0.7073574328693168,0.30499500254619094,False
wyckoff_spring_lb20_d20_clv60_vr1.2,4feda3606a96c2e5,wyckoff_spring,30,-0.03531402441471926,0.5349263711165776,336,-0.027257364046199415,0.6969295296084675,0.39080459770114945,435,12.091609589041097,-0.03531402441471926,"{""clv_min"": 0.6, ""depth"": -0.02, ""support_lb"": 20, ""volume_ratio_max"": 1.2}",0.07222222222222222,0.2462962962962963,0.5851851851851851,0.12037037037037036,0.9678567067532364,0.3044708558605088,False
wyckoff_spring_lb30_d20_clv60_vr1.5,775e8e8e062496b3,wyckoff_spring,15,-0.021487861549953163,0.6018524022758058,323,-0.031126435484028766,0.5904477546465233,0.39805825242718446,412,11.452283105022833,-0.031126435484028766,"{""clv_min"": 0.6, ""depth"": -0.02, ""support_lb"": 30, ""volume_ratio_max"": 1.5}",0.2351851851851852,0.15,0.4462962962962963,0.2037037037037037,0.9195992040818887,0.3023302907785592,False
reversal_drop8_ma200_vr2,a279f2460eee0f85,reversal,30,-0.0497903839002386,0.5430866575033992,188,-0.024173912319717113,0.8132602052448226,0.37116564417177916,326,9.06175799086758,-0.0497903839002386,"{""drop"": -0.08, ""trend"": ""ma200"", ""volume_ratio"": 2.0}",0.025925925925925925,0.31851851851851853,0.6814814814814815,0.027777777777777776,0.7595270358070195,0.30021196283996116,False
reversal_drop8_ma100_vr1,e3908dea0833a8a4,reversal,5,-0.02275998510708422,0.5366160081293002,494,-0.024401946692190975,0.5556854424286114,0.39152371342078707,991,27.546632420091328,-0.024401946692190975,"{""drop"": -0.08, ""trend"": ""ma100"", ""volume_ratio"": 1.0}",0.21481481481481482,0.31296296296296294,0.3962962962962963,0.3592592592592593,0.3000726720162043,0.2993591190534723,False
wyckoff_spring_lb20_d10_clv60_vr1.5,0cf123c3ccb1fd92,wyckoff_spring,5,-0.01632470542264004,0.4459074248608573,933,-0.024409545922165383,0.432122402066449,0.3274336283185841,1130,31.410388127853885,-0.024409545922165383,"{""clv_min"": 0.6, ""depth"": -0.01, ""support_lb"": 20, ""volume_ratio_max"": 1.5}",0.37962962962962965,0.3111111111111111,0.12407407407407407,0.3574074074074074,0.22028545516066717,0.2991581751456963,False
wyckoff_spring_lb20_d10_clv70_vr1.2,d3b74bcf2ee2efaa,wyckoff_spring,5,-0.01687902727666252,0.43523042950521745,681,-0.02533915425860891,0.40427046210783657,0.3201530612244898,784,21.79269406392694,-0.02533915425860891,"{""clv_min"": 0.7, ""depth"": -0.01, ""support_lb"": 20, ""volume_ratio_max"": 1.2}",0.3592592592592593,0.28703703703703703,0.06666666666666667,0.3314814814814815,0.47548710075511313,0.2989375989644002,False
wyckoff_spring_lb20_d30_clv60_vr1.5,8d6fb793a179834d,wyckoff_spring,20,-0.026147893943294028,0.540945021292298,231,-0.028490954309531566,0.6541286489292477,0.3715170278637771,323,8.978367579908676,-0.028490954309531566,"{""clv_min"": 0.6, ""depth"": -0.03, ""support_lb"": 20, ""volume_ratio_max"": 1.5}",0.1537037037037037,0.1962962962962963,0.5259259259259259,0.2574074074074074,0.7544769180605196,0.29489213625049643,False
wyckoff_spring_lb20_d10_clv60_vr1.5,0cf123c3ccb1fd92,wyckoff_spring,7,-0.0175700272925051,0.4896709180801576,938,-0.024969400485471794,0.4828660176345958,0.3566371681415929,1130,31.410388127853885,-0.024969400485471794,"{""clv_min"": 0.6, ""depth"": -0.01, ""support_lb"": 20, ""volume_ratio_max"": 1.5}",0.3296296296296296,0.29444444444444445,0.24444444444444444,0.337037037037037,0.22028545516066717,0.2943433603308815,False
wyckoff_spring_lb20_d20_clv60_vr1.2,4feda3606a96c2e5,wyckoff_spring,10,-0.024075025096819195,0.4781341414932801,336,-0.029697057016262487,0.5524090442141463,0.36091954022988504,435,12.091609589041097,-0.029697057016262487,"{""clv_min"": 0.6, ""depth"": -0.02, ""support_lb"": 20, ""volume_ratio_max"": 1.2}",0.18703703703703703,0.1685185185185185,0.387037037037037,0.22777777777777777,0.9678567067532364,0.29271159660124957,False
reversal_drop6_ma200_vr1.5,5ccc272c12ab907e,reversal,5,-0.016578244398251986,0.6117732507172614,497,-0.028110627565174972,0.4828602474299282,0.36914285714285716,875,24.322203196347033,-0.028110627565174972,"{""drop"": -0.06, ""trend"": ""ma200"", ""volume_ratio"": 1.5}",0.37037037037037035,0.22037037037037038,0.24259259259259258,0.2740740740740741,0.38837797323994755,0.2908748343610318,False
wyckoff_spring_lb20_d20_clv70_vr1.5,751c7b2e53537d01,wyckoff_spring,15,-0.019948552279662447,0.605978819569297,380,-0.03212486584417333,0.5337677244393372,0.38445378151260506,476,13.231278538812786,-0.03212486584417333,"{""clv_min"": 0.7, ""depth"": -0.02, ""support_lb"": 20, ""volume_ratio_max"": 1.5}",0.2722222222222222,0.12962962962962962,0.34074074074074073,0.17777777777777778,0.9431760870271467,0.29024353462864055,False
wyckoff_spring_lb30_d20_clv60_vr1.2,aea2b6877a0d20ad,wyckoff_spring,7,-0.021770989322366752,0.49768345014363435,256,-0.02904976036327766,0.5482787684809975,0.3662420382165605,314,8.728196347031965,-0.02904976036327766,"{""clv_min"": 0.6, ""depth"": -0.02, ""support_lb"": 30, ""volume_ratio_max"": 1.2}",0.22962962962962963,0.18333333333333332,0.37592592592592594,0.24259259259259258,0.7395271435452878,0.28765641805823244,False
wyckoff_spring_lb30_d30_clv60_vr1.5,d768d303b64a01c1,wyckoff_spring,15,-0.02580989391712038,0.546838303649352,181,-0.028373478843773798,0.6571732054453057,0.39094650205761317,243,6.754623287671233,-0.028373478843773798,"{""clv_min"": 0.6, ""depth"": -0.03, ""support_lb"": 30, ""volume_ratio_max"": 1.5}",0.15925925925925927,0.20185185185185187,0.5296296296296297,0.2611111111111111,0.6315171771632507,0.28713319919780655,False
wyckoff_spring_lb30_d10_clv70_vr1.5,4180e7463981ac74,wyckoff_spring,5,-0.01569846659190839,0.46649180712343086,620,-0.028206454224034342,0.36959521836190795,0.32954545454545453,704,19.5689497716895,-0.028206454224034342,"{""clv_min"": 0.7, ""depth"": -0.01, ""support_lb"": 30, ""volume_ratio_max"": 1.5}",0.40925925925925927,0.21666666666666667,0.027777777777777776,0.27037037037037037,0.5680669589491026,0.28662151070972514,False
wyckoff_spring_lb20_d10_clv70_vr1.2,d3b74bcf2ee2efaa,wyckoff_spring,7,-0.018231302478196303,0.4757028774484591,683,-0.026730217512151398,0.43730889343889046,0.34438775510204084,784,21.79269406392694,-0.026730217512151398,"{""clv_min"": 0.7, ""depth"": -0.01, ""support_lb"": 20, ""volume_ratio_max"": 1.2}",0.31851851851851853,0.2611111111111111,0.14074074074074075,0.3074074074074074,0.47548710075511313,0.2863450063718076,False
reversal_drop8_ma200_vr2,a279f2460eee0f85,reversal,3,-0.013011614680398024,0.6529447375395202,189,-0.033389223155912764,0.36774524433203715,0.3558282208588957,326,9.06175799086758,-0.033389223155912764,"{""drop"": -0.08, ""trend"": ""ma200"", ""volume_ratio"": 2.0}",0.5222222222222223,0.1,0.025925925925925925,0.14814814814814814,0.7595270358070195,0.2863230739510723,False
reversal_drop6_ma200_vr1.5,5ccc272c12ab907e,reversal,20,-0.02506792147347031,0.6502292891538413,494,-0.02773975950690974,0.695978793433759,0.37942857142857145,875,24.322203196347033,-0.02773975950690974,"{""drop"": -0.06, ""trend"": ""ma200"", ""volume_ratio"": 1.5}",0.17407407407407408,0.22777777777777777,0.5814814814814815,0.2814814814814815,0.38837797323994755,0.2861526121388096,False
wyckoff_spring_lb30_d10_clv70_vr1.5,4180e7463981ac74,wyckoff_spring,7,-0.015410885569516064,0.5400846926347955,624,-0.02933075043735619,0.4255984336188525,0.37073863636363635,704,19.5689497716895,-0.02933075043735619,"{""clv_min"": 0.7, ""depth"": -0.01, ""support_lb"": 30, ""volume_ratio_max"": 1.5}",0.4185185185185185,0.17777777777777778,0.10740740740740741,0.2351851851851852,0.5680669589491026,0.28421410330231767,False
reversal_drop6_ma100_vr2,09a98f0250847033,reversal,10,-0.03353316862211723,0.48127567783324626,235,-0.027077892723363785,0.6914516069247825,0.40816326530612246,294,8.172260273972602,-0.03353316862211723,"{""drop"": -0.06, ""trend"": ""ma100"", ""volume_ratio"": 2.0}",0.07962962962962963,0.2537037037037037,0.5722222222222222,0.14629629629629629,0.7073574328693168,0.28388389143507986,False
wyckoff_spring_lb20_d10_clv70_vr1.5,62681173c89068e8,wyckoff_spring,5,-0.016304210714230664,0.4425060195494948,824,-0.026197873065842682,0.3863368917039722,0.32191069574247144,963,26.768321917808223,-0.026197873065842682,"{""clv_min"": 0.7, ""depth"": -0.01, ""support_lb"": 20, ""volume_ratio_max"": 1.5}",0.3814814814814815,0.2722222222222222,0.04814814814814815,0.31666666666666665,0.3193505893768984,0.28054617004880095,False
reversal_drop8_ma200_vr2,a279f2460eee0f85,reversal,20,-0.04371973632143549,0.505018676140704,186,-0.02680145738384167,0.758024171051229,0.35276073619631904,326,9.06175799086758,-0.04371973632143549,"{""drop"": -0.08, ""trend"": ""ma200"", ""volume_ratio"": 2.0}",0.04259259259259259,0.2574074074074074,0.6425925925925926,0.05185185185185185,0.7595270358070195,0.28039714802514637,False
reversal_drop8_ma200_vr1.5,d2f35a755ee09202,reversal,3,-0.01746175870684652,0.558926001506557,313,-0.028816001692431575,0.4280705469123582,0.34608985024958405,601,16.705878995433793,-0.028816001692431575,"{""drop"": -0.08, ""trend"": ""ma200"", ""volume_ratio"": 1.5}",0.3351851851851852,0.18888888888888888,0.11481481481481481,0.24814814814814815,0.714287083563105,0.2801324120600142,False
wyckoff_spring_lb30_d20_clv70_vr1.2,7f02ed8bce50faf8,wyckoff_spring,15,-0.01507137866305483,0.7038548271777465,233,-0.035601569039358946,0.53814501121469,0.41198501872659177,267,7.421746575342466,-0.035601569039358946,"{""clv_min"": 0.7, ""depth"": -0.02, ""support_lb"": 30, ""volume_ratio_max"": 1.2}",0.42592592592592593,0.06296296296296296,0.35,0.10925925925925926,0.666136766797439,0.2798544174204846,False
reversal_drop6_ma200_vr1,6af5ec14e19eb09b,reversal,5,-0.019305175771425518,0.5450973453212749,885,-0.024495757597698675,0.5186522980642584,0.3637259733859044,2029,56.39971461187215,-0.024495757597698675,"{""drop"": -0.06, ""trend"": ""ma200"", ""volume_ratio"": 1.0}",0.28703703703703703,0.30925925925925923,0.31296296296296294,0.35555555555555557,0.029837861583978696,0.27983563801024974,False
wyckoff_spring_lb30_d20_clv60_vr1.5,775e8e8e062496b3,wyckoff_spring,7,-0.022825198557155146,0.4646682118852819,323,-0.030767626630577926,0.5203943052794342,0.3883495145631068,412,11.452283105022833,-0.030767626630577926,"{""clv_min"": 0.6, ""depth"": -0.02, ""support_lb"": 30, ""volume_ratio_max"": 1.5}",0.21296296296296297,0.1574074074074074,0.3148148148148148,0.21296296296296297,0.9195992040818887,0.2794599204081889,False
wyckoff_spring_lb30_d20_clv60_vr1.5,775e8e8e062496b3,wyckoff_spring,10,-0.023328294824866806,0.4872468719825509,323,-0.03134631627031048,0.5463716600396084,0.38106796116504854,412,11.452283105022833,-0.03134631627031048,"{""clv_min"": 0.6, ""depth"": -0.02, ""support_lb"": 30, ""volume_ratio_max"": 1.5}",0.2,0.14444444444444443,0.37037037037037035,0.1962962962962963,0.9195992040818887,0.2777006611489296,False
wyckoff_spring_lb30_d30_clv70_vr1.2,9adec51b806236c9,wyckoff_spring,30,-0.04925290505062601,0.4187407976049697,136,-0.02325163767598145,0.7547972359701981,0.425,160,4.447488584474886,-0.04925290505062601,"{""clv_min"": 0.7, ""depth"": -0.03, ""support_lb"": 30, ""volume_ratio_max"": 1.2}",0.027777777777777776,0.337037037037037,0.6388888888888888,0.02962962962962963,0.5250819605499482,0.2776007886475874,False
wyckoff_spring_lb20_d20_clv60_vr1.5,1b3b4e11916f2e4f,wyckoff_spring,7,-0.025057404585051603,0.42368228626089893,418,-0.02828235955235468,0.5172261763590397,0.37657657657657656,555,15.42722602739726,-0.02828235955235468,"{""clv_min"": 0.6, ""depth"": -0.02, ""support_lb"": 20, ""volume_ratio_max"": 1.5}",0.17592592592592593,0.2074074074074074,0.30925925925925923,0.26481481481481484,0.791220900996507,0.27736283084039143,False
reversal_drop8_ma100_vr2,ebeee74e888a4307,reversal,2,-0.02538684179386578,0.36602913350751276,148,-0.02481007463397096,0.4514126696066512,0.3452914798206278,223,6.198687214611873,-0.02538684179386578,"{""drop"": -0.08, ""trend"": ""ma100"", ""volume_ratio"": 2.0}",0.1685185185185185,0.3037037037037037,0.17592592592592593,0.3296296296296296,0.6040459409096979,0.2766082977946735,False
wyckoff_spring_lb20_d10_clv70_vr1.5,62681173c89068e8,wyckoff_spring,7,-0.017403154792475787,0.48598971114962186,828,-0.026762278236985702,0.435152580568531,0.3541017653167186,963,26.768321917808223,-0.026762278236985702,"{""clv_min"": 0.7, ""depth"": -0.01, ""support_lb"": 20, ""volume_ratio_max"": 1.5}",0.337037037037037,0.25925925925925924,0.13333333333333333,0.3055555555555556,0.3193505893768984,0.27434246634509724,False
wyckoff_spring_lb20_d30_clv60_vr1.2,7c3b952bd8b28152,wyckoff_spring,15,-0.028907243192756102,0.48276333368223906,187,-0.02837829097473591,0.6627612012658628,0.4153225806451613,248,6.893607305936073,-0.028907243192756102,"{""clv_min"": 0.6, ""depth"": -0.03, ""support_lb"": 20, ""volume_ratio_max"": 1.2}",0.11666666666666667,0.2,0.5370370370370371,0.24444444444444444,0.6385780217946238,0.2738578021794623,False
wyckoff_spring_lb20_d30_clv70_vr1.5,a2059a1dfdf400a0,wyckoff_spring,20,-0.025398481806691114,0.5438242771535867,218,-0.030377813314188498,0.6180088345358514,0.36713286713286714,286,7.949885844748859,-0.030377813314188498,"{""clv_min"": 0.7, ""depth"": -0.03, ""support_lb"": 20, ""volume_ratio_max"": 1.5}",0.16666666666666666,0.16666666666666666,0.48148148148148145,0.2222222222222222,0.6948848487335798,0.27226626265113574,False
wyckoff_spring_lb20_d30_clv70_vr1.5,a2059a1dfdf400a0,wyckoff_spring,15,-0.02535952623711685,0.5338060478325706,218,-0.029605266193383797,0.5968522809261375,0.3881118881118881,286,7.949885844748859,-0.029605266193383797,"{""clv_min"": 0.7, ""depth"": -0.03, ""support_lb"": 20, ""volume_ratio_max"": 1.5}",0.17037037037037037,0.17037037037037037,0.4537037037037037,0.22962962962962963,0.6948848487335798,0.2712477441326172,False
wyckoff_spring_lb30_d20_clv60_vr1.2,aea2b6877a0d20ad,wyckoff_spring,5,-0.019262928387857193,0.4738330881491568,255,-0.030429536361181442,0.47183280944234895,0.31528662420382164,314,8.728196347031965,-0.030429536361181442,"{""clv_min"": 0.6, ""depth"": -0.02, ""support_lb"": 30, ""volume_ratio_max"": 1.2}",0.29074074074074074,0.16296296296296298,0.2074074074074074,0.21851851851851853,0.7395271435452878,0.271174936576751,False
wyckoff_spring_lb20_d20_clv60_vr1.5,1b3b4e11916f2e4f,wyckoff_spring,5,-0.02036729129400535,0.43552430399038555,418,-0.02906587500950044,0.4480133981774914,0.3225225225225225,555,15.42722602739726,-0.02906587500950044,"{""clv_min"": 0.6, ""depth"": -0.02, ""support_lb"": 20, ""volume_ratio_max"": 1.5}",0.2574074074074074,0.1814814814814815,0.17222222222222222,0.24074074074074073,0.791220900996507,0.26977023824779883,False
wyckoff_spring_lb20_d30_clv70_vr1.2,766c04be93dbfa6b,wyckoff_spring,20,-0.027050141122378503,0.5158403616886504,177,-0.028878690747833828,0.6547020990309094,0.4036697247706422,218,6.059703196347033,-0.028878690747833828,"{""clv_min"": 0.7, ""depth"": -0.03, ""support_lb"": 20, ""volume_ratio_max"": 1.2}",0.13333333333333333,0.18703703703703703,0.5277777777777778,0.2462962962962963,0.5973669222253584,0.2689959514817951,False
wyckoff_spring_lb30_d30_clv60_vr1.2,f58ec93882976d5e,wyckoff_spring,7,-0.031342566275718554,0.3535557355728113,145,-0.026719450165255867,0.628918729070635,0.3567567567567568,185,5.1424086757990874,-0.031342566275718554,"{""clv_min"": 0.6, ""depth"": -0.03, ""support_lb"": 30, ""volume_ratio_max"": 1.2}",0.09259259259259259,0.26296296296296295,0.49074074074074076,0.19814814814814816,0.5550998308887821,0.26875072382961895,False
wyckoff_spring_lb20_d30_clv60_vr1.2,7c3b952bd8b28152,wyckoff_spring,30,-0.0534190368916841,0.38695546610815396,187,-0.02553586630598815,0.7499291757145868,0.3911290322580645,248,6.893607305936073,-0.0534190368916841,"{""clv_min"": 0.6, ""depth"": -0.03, ""support_lb"": 20, ""volume_ratio_max"": 1.2}",0.022222222222222223,0.2851851851851852,0.6351851851851852,0.022222222222222223,0.6385780217946238,0.26783928366094384,False
wyckoff_spring_lb20_d30_clv60_vr1.5,8d6fb793a179834d,wyckoff_spring,5,-0.020703591724094778,0.4447095501679517,231,-0.030721193640854898,0.4842229420933346,0.30030959752321984,323,8.978367579908676,-0.030721193640854898,"{""clv_min"": 0.6, ""depth"": -0.03, ""support_lb"": 20, ""volume_ratio_max"": 1.5}",0.2537037037037037,0.15925925925925927,0.2537037037037037,0.21481481481481482,0.7544769180605196,0.2668365806949409,False
wyckoff_spring_lb30_d20_clv60_vr1.5,775e8e8e062496b3,wyckoff_spring,5,-0.01911161102336512,0.4690905375741927,322,-0.03202286709782228,0.4363012408159884,0.32524271844660196,412,11.452283105022833,-0.03202286709782228,"{""clv_min"": 0.6, ""depth"": -0.02, ""support_lb"": 30, ""volume_ratio_max"": 1.5}",0.29259259259259257,0.13148148148148148,0.13518518518518519,0.17962962962962964,0.9195992040818887,0.2639969574452259,False
reversal_drop6_ma200_vr2,50e70c7ad57109ce,reversal,10,-0.020423025247292184,0.6239713708949253,294,-0.03714657978797066,0.5728649333457059,0.36771300448430494,446,12.397374429223746,-0.03714657978797066,"{""drop"": -0.06, ""trend"": ""ma200"", ""volume_ratio"": 2.0}",0.25555555555555554,0.040740740740740744,0.43148148148148147,0.08703703703703704,0.9918235647189693,0.2635342083237488,False
wyckoff_spring_lb20_d30_clv60_vr1.5,8d6fb793a179834d,wyckoff_spring,7,-0.03079157308201846,0.3475697010772985,231,-0.028264425253696185,0.5661273353887959,0.3591331269349845,323,8.978367579908676,-0.03079157308201846,"{""clv_min"": 0.6, ""depth"": -0.03, ""support_lb"": 20, ""volume_ratio_max"": 1.5}",0.09814814814814815,0.2111111111111111,0.4185185185185185,0.2111111111111111,0.7544769180605196,0.26266991402827417,False
wyckoff_spring_lb20_d20_clv70_vr1.5,751c7b2e53537d01,wyckoff_spring,10,-0.021413513699093955,0.5109682280588992,380,-0.03234950814679356,0.4789414802661843,0.36764705882352944,476,13.231278538812786,-0.03234950814679356,"{""clv_min"": 0.7, ""depth"": -0.02, ""support_lb"": 20, ""volume_ratio_max"": 1.5}",0.2388888888888889,0.1259259259259259,0.22592592592592592,0.17407407407407408,0.9431760870271467,0.2613546457397517,False
wyckoff_spring_lb20_d30_clv60_vr1.2,7c3b952bd8b28152,wyckoff_spring,5,-0.02269836022642502,0.4112121226706254,187,-0.02944397170051632,0.5239170043893727,0.31048387096774194,248,6.893607305936073,-0.02944397170051632,"{""clv_min"": 0.6, ""depth"": -0.03, ""support_lb"": 20, ""volume_ratio_max"": 1.2}",0.21666666666666667,0.17407407407407408,0.32037037037037036,0.23333333333333334,0.6385780217946238,0.2611726169942772,False
wyckoff_spring_lb20_d30_clv60_vr1.5,8d6fb793a179834d,wyckoff_spring,10,-0.02652160393036012,0.43733652889766766,231,-0.03046889976899938,0.572270492212628,0.3560371517027864,323,8.978367579908676,-0.03046889976899938,"{""clv_min"": 0.6, ""depth"": -0.03, ""support_lb"": 20, ""volume_ratio_max"": 1.5}",0.14444444444444443,0.16111111111111112,0.42592592592592593,0.21666666666666667,0.7544769180605196,0.26072546958382975,False
reversal_drop6_ma200_vr1.5,5ccc272c12ab907e,reversal,10,-0.018234920056880464,0.6568044841240204,498,-0.032208032283506785,0.5724514678026755,0.3931428571428571,875,24.322203196347033,-0.032208032283506785,"{""drop"": -0.06, ""trend"": ""ma200"", ""volume_ratio"": 1.5}",0.31666666666666665,0.12777777777777777,0.42962962962962964,0.17592592592592593,0.38837797323994755,0.260597056583254,False
reversal_drop8_ma200_vr1,6439fe6cbaee160d,reversal,5,-0.023733195125538408,0.5219308803670694,532,-0.02526514779705278,0.5384022369192281,0.36701337295690933,1346,37.41449771689498,-0.02526514779705278,"{""drop"": -0.08, ""trend"": ""ma200"", ""volume_ratio"": 1.0}",0.19444444444444445,0.28888888888888886,0.35185185185185186,0.3333333333333333,0.1362641745641426,0.2591819730119698,False
wyckoff_spring_lb20_d20_clv60_vr1.5,1b3b4e11916f2e4f,wyckoff_spring,30,-0.03472597607327823,0.553474317412514,417,-0.02942677417845996,0.6681409650722491,0.3855855855855856,555,15.42722602739726,-0.03472597607327823,"{""clv_min"": 0.6, ""depth"": -0.02, ""support_lb"": 20, ""volume_ratio_max"": 1.5}",0.07407407407407407,0.17592592592592593,0.5444444444444444,0.12777777777777777,0.791220900996507,0.2573628308403914,False
reversal_drop6_ma200_vr1,6af5ec14e19eb09b,reversal,30,-0.032579056804466607,0.6264580659385722,886,-0.02399857263430039,0.7745489590756871,0.3952686052242484,2029,56.39971461187215,-0.032579056804466607,"{""drop"": -0.06, ""trend"": ""ma200"", ""volume_ratio"": 1.0}",0.08148148148148149,0.3277777777777778,0.6537037037037037,0.17037037037037037,0.029837861583978696,0.25724304541765713,False
reversal_drop6_ma200_vr2,50e70c7ad57109ce,reversal,5,-0.015675745865930235,0.6368605517132049,294,-0.03672565087055694,0.3877968532525762,0.3475336322869955,446,12.397374429223746,-0.03672565087055694,"{""drop"": -0.06, ""trend"": ""ma200"", ""volume_ratio"": 2.0}",0.4111111111111111,0.04814814814814815,0.05,0.0962962962962963,0.9918235647189693,0.25649717128671173,False
wyckoff_spring_lb30_d30_clv60_vr1.5,d768d303b64a01c1,wyckoff_spring,7,-0.030165475249048477,0.35695743220099874,181,-0.028366484884595054,0.5973837650929331,0.3786008230452675,243,6.754623287671233,-0.030165475249048477,"{""clv_min"": 0.6, ""depth"": -0.03, ""support_lb"": 30, ""volume_ratio_max"": 1.5}",0.1037037037037037,0.2037037037037037,0.45555555555555555,0.22407407407407406,0.6315171771632507,0.2562998658644732,False
wyckoff_spring_lb30_d20_clv70_vr1.5,3124740b2cb1a426,wyckoff_spring,15,-0.018875215443145764,0.6348549914848335,294,-0.03531731464063129,0.520921679339751,0.3982808022922636,349,9.701084474885846,-0.03531731464063129,"{""clv_min"": 0.7, ""depth"": -0.02, ""support_lb"": 30, ""volume_ratio_max"": 1.5}",0.29814814814814816,0.07222222222222222,0.31666666666666665,0.11851851851851852,0.7993844843527822,0.2540125225093523,False
wyckoff_spring_lb30_d30_clv60_vr1.2,f58ec93882976d5e,wyckoff_spring,15,-0.024120463244418706,0.5570998841005088,145,-0.031746970378398756,0.6479355915808328,0.41081081081081083,185,5.1424086757990874,-0.031746970378398756,"{""clv_min"": 0.6, ""depth"": -0.03, ""support_lb"": 30, ""volume_ratio_max"": 1.2}",0.18518518518518517,0.13703703703703704,0.5074074074074074,0.18703703703703703,0.5550998308887821,0.25384331642221153,False
wyckoff_spring_lb20_d30_clv70_vr1.2,766c04be93dbfa6b,wyckoff_spring,15,-0.025661962151384676,0.5228570584969411,177,-0.031088081157154644,0.6108349485727143,0.41743119266055045,218,6.059703196347033,-0.031088081157154644,"{""clv_min"": 0.7, ""depth"": -0.03, ""support_lb"": 20, ""volume_ratio_max"": 1.2}",0.16111111111111112,0.15185185185185185,0.4648148148148148,0.20555555555555555,0.5973669222253584,0.2514959514817951,False
wyckoff_spring_lb20_d30_clv60_vr1.2,7c3b952bd8b28152,wyckoff_spring,7,-0.03422144265600048,0.30646820193329016,187,-0.027559070508727475,0.58873907267423,0.3387096774193548,248,6.893607305936073,-0.03422144265600048,"{""clv_min"": 0.6, ""depth"": -0.03, ""support_lb"": 20, ""volume_ratio_max"": 1.2}",0.07592592592592592,0.2351851851851852,0.4444444444444444,0.13703703703703704,0.6385780217946238,0.24932076514242532,False
reversal_drop8_ma200_vr1.5,d2f35a755ee09202,reversal,5,-0.0218461183331503,0.5656886184474766,313,-0.031052815944760837,0.4757713131712538,0.3577371048252912,601,16.705878995433793,-0.031052815944760837,"{""drop"": -0.08, ""trend"": ""ma200"", ""volume_ratio"": 1.5}",0.22777777777777777,0.1537037037037037,0.21481481481481482,0.2074074074074074,0.714287083563105,0.24652130094890307,False
wyckoff_spring_lb20_d30_clv60_vr1.5,8d6fb793a179834d,wyckoff_spring,30,-0.04511012139784383,0.47526359939160884,230,-0.028913024893295135,0.7081205543745198,0.38080495356037153,323,8.978367579908676,-0.04511012139784383,"{""clv_min"": 0.6, ""depth"": -0.03, ""support_lb"": 20, ""volume_ratio_max"": 1.5}",0.03888888888888889,0.18518518518518517,0.6,0.044444444444444446,0.7544769180605196,0.2463736177319779,False
wyckoff_spring_lb20_d20_clv70_vr1.2,f9a253390361ed42,wyckoff_spring,30,-0.031298795602339204,0.5726920026771394,304,-0.03273333760102824,0.6356630504264996,0.3844086021505376,372,10.34041095890411,-0.03273333760102824,"{""clv_min"": 0.7, ""depth"": -0.02, ""support_lb"": 20, ""volume_ratio_max"": 1.2}",0.09444444444444444,0.11481481481481481,0.5,0.16296296296296298,0.8413335190168587,0.24394816671650071,False
wyckoff_spring_lb30_d20_clv60_vr1.2,aea2b6877a0d20ad,wyckoff_spring,10,-0.021725730848320315,0.5234528129903506,256,-0.0338213163045982,0.53432582733448,0.37261146496815284,314,8.728196347031965,-0.0338213163045982,"{""clv_min"": 0.6, ""depth"": -0.02, ""support_lb"": 30, ""volume_ratio_max"": 1.2}",0.23148148148148148,0.0962962962962963,0.34444444444444444,0.1425925925925926,0.7395271435452878,0.24302678842860287,False
wyckoff_spring_lb20_d10_clv70_vr1.5,62681173c89068e8,wyckoff_spring,30,-0.023706242639289145,0.6081053796215344,827,-0.03041503971283792,0.6170556064951939,0.3842159916926272,963,26.768321917808223,-0.03041503971283792,"{""clv_min"": 0.7, ""depth"": -0.01, ""support_lb"": 20, ""volume_ratio_max"": 1.5}",0.1962962962962963,0.1648148148148148,0.47962962962962963,0.22037037037037038,0.3193505893768984,0.24249061449324538,False
reversal_drop8_ma100_vr1,e3908dea0833a8a4,reversal,7,-0.02690965917520492,0.523438079269945,493,-0.027908118203444444,0.5711068302120987,0.39455095862764883,991,27.546632420091328,-0.027908118203444444,"{""drop"": -0.08, ""trend"": ""ma100"", ""volume_ratio"": 1.0}",0.13703703703703704,0.22407407407407406,0.42407407407407405,0.2777777777777778,0.3000726720162043,0.24093319312754635,False
wyckoff_spring_lb30_d30_clv60_vr1.5,d768d303b64a01c1,wyckoff_spring,5,-0.018762663378099148,0.4909345089037027,181,-0.03320463845960831,0.4827757393757906,0.3004115226337449,243,6.754623287671233,-0.03320463845960831,"{""clv_min"": 0.6, ""depth"": -0.03, ""support_lb"": 30, ""volume_ratio_max"": 1.5}",0.3,0.1037037037037037,0.24074074074074073,0.15185185185185185,0.6315171771632507,0.24074431030891766,False
wyckoff_spring_lb20_d20_clv70_vr1.5,751c7b2e53537d01,wyckoff_spring,30,-0.030445532028335474,0.5928331888914636,379,-0.03459606531394987,0.6111853850858446,0.3760504201680672,476,13.231278538812786,-0.03459606531394987,"{""clv_min"": 0.7, ""depth"": -0.02, ""support_lb"": 20, ""volume_ratio_max"": 1.5}",0.10185185185185185,0.08703703703703704,0.4666666666666667,0.13333333333333333,0.9431760870271467,0.2386694605545665,False
wyckoff_spring_lb30_d30_clv60_vr1.5,d768d303b64a01c1,wyckoff_spring,10,-0.02846757495791484,0.40090012004274517,181,-0.03133887241238737,0.5864136318056778,0.37448559670781895,243,6.754623287671233,-0.03133887241238737,"{""clv_min"": 0.6, ""depth"": -0.03, ""support_lb"": 30, ""volume_ratio_max"": 1.5}",0.12407407407407407,0.14629629629629629,0.4425925925925926,0.2,0.6315171771632507,0.2379665325311399,False
wyckoff_spring_lb30_d30_clv60_vr1.2,f58ec93882976d5e,wyckoff_spring,5,-0.019790598559868665,0.4782290664489447,145,-0.03286383054969398,0.5099694902767158,0.3081081081081081,185,5.1424086757990874,-0.03286383054969398,"{""clv_min"": 0.6, ""depth"": -0.03, ""support_lb"": 30, ""volume_ratio_max"": 1.2}",0.2796296296296296,0.10925925925925926,0.2962962962962963,0.1574074074074074,0.5550998308887821,0.23782479790369304,False
reversal_drop8_ma100_vr1.5,453aaf2f666b120c,reversal,20,-0.05971828111561534,0.39842490578572193,270,-0.03243661783842756,0.7164627823482698,0.35545023696682465,422,11.730251141552513,-0.05971828111561534,"{""drop"": -0.08, ""trend"": ""ma100"", ""volume_ratio"": 1.5}",0.011111111111111112,0.12407407407407407,0.6129629629629629,0.011111111111111112,0.9402778063829341,0.23384259545310823,False
wyckoff_spring_lb20_d20_clv70_vr1.5,751c7b2e53537d01,wyckoff_spring,5,-0.01970828859132699,0.44185317170705074,380,-0.0339441008429238,0.3615935669187537,0.3130252100840336,476,13.231278538812786,-0.0339441008429238,"{""clv_min"": 0.7, ""depth"": -0.02, ""support_lb"": 20, ""volume_ratio_max"": 1.5}",0.2814814814814815,0.09444444444444444,0.024074074074074074,0.14074074074074075,0.9431760870271467,0.22950279388789985,False
wyckoff_spring_lb20_d10_clv60_vr1.5,0cf123c3ccb1fd92,wyckoff_spring,30,-0.02559221671435231,0.5823222185652134,937,-0.0295490050925836,0.631211034482167,0.38761061946902653,1130,31.410388127853885,-0.0295490050925836,"{""clv_min"": 0.6, ""depth"": -0.01, ""support_lb"": 20, ""volume_ratio_max"": 1.5}",0.16296296296296298,0.17222222222222222,0.49444444444444446,0.23148148148148148,0.22028545516066717,0.22851002699754822,False
wyckoff_spring_lb20_d30_clv70_vr1.5,a2059a1dfdf400a0,wyckoff_spring,10,-0.024043733630706825,0.4674212709745385,218,-0.03269799847513214,0.5072242197806341,0.36363636363636365,286,7.949885844748859,-0.03269799847513214,"{""clv_min"": 0.7, ""depth"": -0.03, ""support_lb"": 20, ""volume_ratio_max"": 1.5}",0.18888888888888888,0.11851851851851852,0.29074074074074074,0.16666666666666666,0.6948848487335798,0.2279144107992839,False
wyckoff_spring_lb20_d20_clv70_vr1.5,751c7b2e53537d01,wyckoff_spring,7,-0.023532628764534196,0.44222851600169477,380,-0.032783096844454226,0.4304209296395327,0.36554621848739494,476,13.231278538812786,-0.032783096844454226,"{""clv_min"": 0.7, ""depth"": -0.02, ""support_lb"": 20, ""volume_ratio_max"": 1.5}",0.19814814814814816,0.1111111111111111,0.11851851851851852,0.15925925925925927,0.9431760870271467,0.22635464573975173,False
wyckoff_spring_lb30_d20_clv70_vr1.5,3124740b2cb1a426,wyckoff_spring,10,-0.02111196465769174,0.5196117391600313,294,-0.035137069786855,0.47392948437767224,0.38108882521489973,349,9.701084474885846,-0.035137069786855,"{""clv_min"": 0.7, ""depth"": -0.02, ""support_lb"": 30, ""volume_ratio_max"": 1.5}",0.24444444444444444,0.07777777777777778,0.20925925925925926,0.12407407407407407,0.7993844843527822,0.22429030028713007,False
reversal_drop8_ma200_vr1,6439fe6cbaee160d,reversal,30,-0.04243479415011195,0.5879937553375946,532,-0.026481919394719812,0.7703462997612378,0.3967310549777117,1346,37.41449771689498,-0.04243479415011195,"{""drop"": -0.08, ""trend"": ""ma200"", ""volume_ratio"": 1.0}",0.044444444444444446,0.26666666666666666,0.6518518518518519,0.05740740740740741,0.1362641745641426,0.22381160264159944,False
reversal_drop6_ma200_vr1,6af5ec14e19eb09b,reversal,7,-0.02222070545739761,0.5256236292004853,885,-0.02820113591790163,0.5279748598214609,0.38442582552981763,2029,56.39971461187215,-0.02820113591790163,"{""drop"": -0.06, ""trend"": ""ma200"", ""volume_ratio"": 1.0}",0.22037037037037038,0.21851851851851853,0.3333333333333333,0.2722222222222222,0.029837861583978696,0.2227986009732127,False
reversal_drop8_ma100_vr1.5,453aaf2f666b120c,reversal,5,-0.03168658653539093,0.44164483094790274,271,-0.03194786068803256,0.48205022859969776,0.3791469194312796,422,11.730251141552513,-0.03194786068803256,"{""drop"": -0.08, ""trend"": ""ma100"", ""volume_ratio"": 1.5}",0.08703703703703704,0.13333333333333333,0.2351851851851852,0.18333333333333332,0.9402778063829341,0.2204166695271823,False
wyckoff_spring_lb30_d20_clv70_vr1.2,7f02ed8bce50faf8,wyckoff_spring,7,-0.019268126873101966,0.5471427234425353,233,-0.03461050744389947,0.44193174237523863,0.36704119850187267,267,7.421746575342466,-0.03461050744389947,"{""clv_min"": 0.7, ""depth"": -0.02, ""support_lb"": 30, ""volume_ratio_max"": 1.2}",0.28888888888888886,0.08518518518518518,0.15925925925925927,0.13148148148148148,0.666136766797439,0.22013219519826244,False
wyckoff_spring_lb20_d20_clv70_vr1.2,f9a253390361ed42,wyckoff_spring,5,-0.020231439727502125,0.441178379346817,304,-0.03323959963387335,0.3767463070502364,0.30376344086021506,372,10.34041095890411,-0.03323959963387335,"{""clv_min"": 0.7, ""depth"": -0.02, ""support_lb"": 20, ""volume_ratio_max"": 1.2}",0.26296296296296295,0.10185185185185185,0.03333333333333333,0.15,0.8413335190168587,0.21867038893872287,False
wyckoff_spring_lb20_d30_clv70_vr1.5,a2059a1dfdf400a0,wyckoff_spring,7,-0.029457186560349173,0.3558673527446232,218,-0.03090577755947085,0.4887472973510755,0.3531468531468531,286,7.949885844748859,-0.03090577755947085,"{""clv_min"": 0.7, ""depth"": -0.03, ""support_lb"": 20, ""volume_ratio_max"": 1.5}",0.1111111111111111,0.15555555555555556,0.26296296296296295,0.20925925925925926,0.6948848487335798,0.21763663302150613,False
reversal_drop6_ma200_vr1,6af5ec14e19eb09b,reversal,10,-0.019941001722062843,0.6126830539108097,886,-0.0314228523956447,0.5594714171643561,0.3799901429275505,2029,56.39971461187215,-0.0314228523956447,"{""drop"": -0.06, ""trend"": ""ma200"", ""volume_ratio"": 1.0}",0.2740740740740741,0.1425925925925926,0.40185185185185185,0.19444444444444445,0.029837861583978696,0.2148356380102497,False
wyckoff_spring_lb30_d30_clv70_vr1.2,9adec51b806236c9,wyckoff_spring,15,-0.023020324165493534,0.5713278419584981,136,-0.03558314473920012,0.5775510458002134,0.4125,160,4.447488584474886,-0.03558314473920012,"{""clv_min"": 0.7, ""depth"": -0.03, ""support_lb"": 30, ""volume_ratio_max"": 1.2}",0.2074074074074074,0.06666666666666667,0.43703703703703706,0.1111111111111111,0.5250819605499482,0.21473041827721703,False
wyckoff_spring_lb30_d20_clv70_vr1.5,3124740b2cb1a426,wyckoff_spring,7,-0.02033617774077961,0.505869746700958,294,-0.035214616153593406,0.4315808628455505,0.38968481375358166,349,9.701084474885846,-0.035214616153593406,"{""clv_min"": 0.7, ""depth"": -0.02, ""support_lb"": 30, ""volume_ratio_max"": 1.5}",0.25925925925925924,0.07407407407407407,0.12037037037037036,0.12222222222222222,0.7993844843527822,0.21391992991675968,False
reversal_drop6_ma100_vr2,09a98f0250847033,reversal,3,-0.02003515117008874,0.4762319427677634,235,-0.03272991561181435,0.3785458956785855,0.37755102040816324,294,8.172260273972602,-0.03272991561181435,"{""drop"": -0.06, ""trend"": ""ma100"", ""volume_ratio"": 2.0}",0.26666666666666666,0.11666666666666667,0.037037037037037035,0.1648148148148148,0.7073574328693168,0.21360611365730206,False
wyckoff_spring_lb20_d20_clv70_vr1.2,f9a253390361ed42,wyckoff_spring,10,-0.023162538413220597,0.4883147397115869,304,-0.03500365606395636,0.4601427021071074,0.3548387096774194,372,10.34041095890411,-0.03500365606395636,"{""clv_min"": 0.7, ""depth"": -0.02, ""support_lb"": 20, ""volume_ratio_max"": 1.2}",0.2037037037037037,0.07962962962962963,0.18518518518518517,0.1259259259259259,0.8413335190168587,0.2134852037535377,False
reversal_drop8_ma100_vr1.5,453aaf2f666b120c,reversal,3,-0.02757048859784877,0.4025640524628923,271,-0.03166121993727272,0.4130829787680746,0.3412322274881517,422,11.730251141552513,-0.03166121993727272,"{""drop"": -0.08, ""trend"": ""ma100"", ""volume_ratio"": 1.5}",0.12962962962962962,0.1388888888888889,0.08518518518518518,0.18888888888888888,0.9402778063829341,0.21319444730496007,False
reversal_drop8_ma200_vr1.5,d2f35a755ee09202,reversal,20,-0.03546954693266102,0.5889444485146771,310,-0.034718999436243035,0.6637341639981409,0.3527454242928453,601,16.705878995433793,-0.03546954693266102,"{""drop"": -0.08, ""trend"": ""ma200"", ""volume_ratio"": 1.5}",0.07037037037037037,0.08148148148148149,0.5388888888888889,0.11296296296296296,0.714287083563105,0.21318796761556974,False
reversal_drop6_ma200_vr2,50e70c7ad57109ce,reversal,15,-0.02654167777822797,0.604073748003239,294,-0.0435523693131087,0.5572568610289707,0.3744394618834081,446,12.397374429223746,-0.0435523693131087,"{""drop"": -0.06, ""trend"": ""ma200"", ""volume_ratio"": 2.0}",0.1425925925925926,0.014814814814814815,0.4,0.053703703703703705,0.9918235647189693,0.21251568980523028,False
reversal_drop8_ma100_vr1,e3908dea0833a8a4,reversal,30,-0.0551765499497731,0.4658685446457742,495,-0.028253589550067255,0.7703454719553131,0.39656912209889,991,27.546632420091328,-0.0551765499497731,"{""drop"": -0.08, ""trend"": ""ma100"", ""volume_ratio"": 1.0}",0.020370370370370372,0.21296296296296297,0.65,0.020370370370370372,0.3000726720162043,0.21019245238680562,False
wyckoff_spring_lb20_d20_clv70_vr1.2,f9a253390361ed42,wyckoff_spring,7,-0.024419694791220636,0.44058202695529214,304,-0.03319613472553546,0.4289657069617423,0.34408602150537637,372,10.34041095890411,-0.03319613472553546,"{""clv_min"": 0.7, ""depth"": -0.02, ""support_lb"": 20, ""volume_ratio_max"": 1.2}",0.18333333333333332,0.10555555555555556,0.11666666666666667,0.1537037037037037,0.8413335190168587,0.20894816671650068,False
wyckoff_spring_lb30_d20_clv70_vr1.5,3124740b2cb1a426,wyckoff_spring,5,-0.017915388435846717,0.48710602892406124,293,-0.037082755316689,0.3438622340253853,0.3209169054441261,349,9.701084474885846,-0.037082755316689,"{""clv_min"": 0.7, ""depth"": -0.02, ""support_lb"": 30, ""volume_ratio_max"": 1.5}",0.32407407407407407,0.04259259259259259,0.011111111111111112,0.08888888888888889,0.7993844843527822,0.20262363362046343,False
wyckoff_spring_lb30_d20_clv70_vr1.2,7f02ed8bce50faf8,wyckoff_spring,5,-0.017321597917782275,0.5142724497250619,232,-0.03666593920243859,0.3571076647118253,0.31086142322097376,267,7.421746575342466,-0.03666593920243859,"{""clv_min"": 0.7, ""depth"": -0.02, ""support_lb"": 30, ""volume_ratio_max"": 1.2}",0.34074074074074073,0.05185185185185185,0.016666666666666666,0.1,0.666136766797439,0.19948404705011427,False
reversal_drop8_ma200_vr2,a279f2460eee0f85,reversal,5,-0.018026851855628245,0.624620836325383,189,-0.0391544988099515,0.3859668756236759,0.34355828220858897,326,9.06175799086758,-0.0391544988099515,"{""drop"": -0.08, ""trend"": ""ma200"", ""volume_ratio"": 2.0}",0.32037037037037036,0.03333333333333333,0.046296296296296294,0.07407407407407407,0.7595270358070195,0.19808233321033158,False
reversal_drop6_ma200_vr2,50e70c7ad57109ce,reversal,7,-0.020329905710816575,0.578527591180807,293,-0.04307522416126045,0.3959339860220625,0.37668161434977576,446,12.397374429223746,-0.04307522416126045,"{""drop"": -0.06, ""trend"": ""ma200"", ""volume_ratio"": 2.0}",0.2611111111111111,0.016666666666666666,0.05740740740740741,0.05555555555555555,0.9918235647189693,0.19751568980523027,False
reversal_drop6_ma200_vr1.5,5ccc272c12ab907e,reversal,7,-0.022856479305881437,0.5292609678516097,496,-0.03276829693095684,0.48330782873352424,0.3954285714285714,875,24.322203196347033,-0.03276829693095684,"{""drop"": -0.06, ""trend"": ""ma200"", ""volume_ratio"": 1.5}",0.2111111111111111,0.11296296296296296,0.25,0.16111111111111112,0.38837797323994755,0.19531927880547623,False
wyckoff_spring_lb20_d30_clv60_vr1.2,7c3b952bd8b28152,wyckoff_spring,10,-0.03104244314355364,0.36236769169120486,187,-0.03452569943243623,0.551231185430861,0.3387096774193548,248,6.893607305936073,-0.03452569943243623,"{""clv_min"": 0.6, ""depth"": -0.03, ""support_lb"": 20, ""volume_ratio_max"": 1.2}",0.0962962962962963,0.08888888888888889,0.3814814814814815,0.13518518518518519,0.6385780217946238,0.19459854292020312,False
wyckoff_spring_lb20_d30_clv70_vr1.5,a2059a1dfdf400a0,wyckoff_spring,5,-0.02084537883806345,0.42950626549226345,218,-0.03467380710550669,0.39537273885216356,0.2902097902097902,286,7.949885844748859,-0.03467380710550669,"{""clv_min"": 0.7, ""depth"": -0.03, ""support_lb"": 20, ""volume_ratio_max"": 1.5}",0.24814814814814815,0.08333333333333333,0.05555555555555555,0.12962962962962962,0.6948848487335798,0.19439589228076537,False
reversal_drop8_ma200_vr1,6439fe6cbaee160d,reversal,7,-0.028348570492670984,0.48965819408986844,531,-0.029177951811939346,0.5475443668665698,0.37815750371471024,1346,37.41449771689498,-0.029177951811939346,"{""drop"": -0.08, ""trend"": ""ma200"", ""volume_ratio"": 1.0}",0.1259259259259259,0.17962962962962964,0.37407407407407406,0.2388888888888889,0.1362641745641426,0.19427456560456238,False
wyckoff_spring_lb30_d20_clv70_vr1.2,7f02ed8bce50faf8,wyckoff_spring,10,-0.02019302642642223,0.5512783539498682,233,-0.037943071284347644,0.4558982135497184,0.37453183520599254,267,7.421746575342466,-0.037943071284347644,"{""clv_min"": 0.7, ""depth"": -0.02, ""support_lb"": 30, ""volume_ratio_max"": 1.2}",0.26481481481481484,0.037037037037037035,0.17962962962962964,0.08148148148148149,0.666136766797439,0.1941136766797439,False
wyckoff_spring_lb20_d30_clv70_vr1.5,a2059a1dfdf400a0,wyckoff_spring,30,-0.03969447166037922,0.514936828634803,217,-0.03560064660409416,0.6354005420499803,0.3811188811188811,286,7.949885844748859,-0.03969447166037922,"{""clv_min"": 0.7, ""depth"": -0.03, ""support_lb"": 20, ""volume_ratio_max"": 1.5}",0.053703703703703705,0.06481481481481481,0.4981481481481482,0.07222222222222222,0.6948848487335798,0.19022922561409872,False
reversal_drop6_ma100_vr2,09a98f0250847033,reversal,5,-0.026425344704669083,0.48223109787008545,235,-0.03377794200621511,0.4438438084060462,0.40816326530612246,294,8.172260273972602,-0.03377794200621511,"{""drop"": -0.06, ""trend"": ""ma100"", ""volume_ratio"": 2.0}",0.15,0.09814814814814815,0.1648148148148148,0.14444444444444443,0.7073574328693168,0.18925426180545019,False
wyckoff_spring_lb30_d30_clv70_vr1.2,9adec51b806236c9,wyckoff_spring,7,-0.030488267869608485,0.3675054821426421,136,-0.03257104810034485,0.5103654815548575,0.35625,160,4.447488584474886,-0.03257104810034485,"{""clv_min"": 0.7, ""depth"": -0.03, ""support_lb"": 30, ""volume_ratio_max"": 1.2}",0.1,0.12222222222222222,0.3,0.17222222222222222,0.5250819605499482,0.18750819605499483,False
wyckoff_spring_lb20_d30_clv70_vr1.2,766c04be93dbfa6b,wyckoff_spring,30,-0.046786286630183936,0.4322708622574001,177,-0.03423364991905275,0.660571054406688,0.39908256880733944,218,6.059703196347033,-0.046786286630183936,"{""clv_min"": 0.7, ""depth"": -0.03, ""support_lb"": 20, ""volume_ratio_max"": 1.2}",0.03518518518518519,0.09259259259259259,0.5333333333333333,0.03888888888888889,0.5973669222253584,0.18658854407438769,False
reversal_drop8_ma100_vr1.5,453aaf2f666b120c,reversal,7,-0.041553907077648444,0.37648429729094696,270,-0.03519325668348509,0.5023665579027811,0.4052132701421801,422,11.730251141552513,-0.041553907077648444,"{""drop"": -0.08, ""trend"": ""ma100"", ""volume_ratio"": 1.5}",0.04814814814814815,0.07592592592592592,0.2833333333333333,0.06111111111111111,0.9402778063829341,0.18365741026792304,False
reversal_drop6_ma200_vr1,6af5ec14e19eb09b,reversal,20,-0.026466242730365533,0.6291914154342687,882,-0.03265193769736494,0.6379371437788661,0.3868900936421883,2029,56.39971461187215,-0.03265193769736494,"{""drop"": -0.06, ""trend"": ""ma200"", ""volume_ratio"": 1.0}",0.14629629629629629,0.12037037037037036,0.5037037037037037,0.1685185185185185,0.029837861583978696,0.18140971208432377,False
reversal_drop6_ma200_vr1.5,5ccc272c12ab907e,reversal,15,-0.02541616763664693,0.6051923203995191,497,-0.03669376119376919,0.5744181956947931,0.38742857142857146,875,24.322203196347033,-0.03669376119376919,"{""drop"": -0.06, ""trend"": ""ma200"", ""volume_ratio"": 1.5}",0.1648148148148148,0.05,0.43333333333333335,0.09814814814814815,0.38837797323994755,0.18059705658325398,False
reversal_drop8_ma100_vr1.5,453aaf2f666b120c,reversal,10,-0.04137232290959845,0.4328484332495621,271,-0.04028702008399741,0.5414456302774522,0.41232227488151657,422,11.730251141552513,-0.04137232290959845,"{""drop"": -0.08, ""trend"": ""ma100"", ""volume_ratio"": 1.5}",0.05,0.022222222222222223,0.3611111111111111,0.06296296296296296,0.9402778063829341,0.17726852137903415,False
wyckoff_spring_lb30_d30_clv60_vr1.2,f58ec93882976d5e,wyckoff_spring,10,-0.029518284577062442,0.3839545435908267,145,-0.03663100203367704,0.553631961753885,0.3621621621621622,185,5.1424086757990874,-0.03663100203367704,"{""clv_min"": 0.6, ""depth"": -0.03, ""support_lb"": 30, ""volume_ratio_max"": 1.2}",0.10925925925925926,0.053703703703703705,0.3888888888888889,0.10185185185185185,0.5550998308887821,0.1756025756814708,False
wyckoff_spring_lb20_d30_clv70_vr1.2,766c04be93dbfa6b,wyckoff_spring,7,-0.03226707910776011,0.3251306489593089,177,-0.03287874695323612,0.4802150532124803,0.3302752293577982,218,6.059703196347033,-0.03287874695323612,"{""clv_min"": 0.7, ""depth"": -0.03, ""support_lb"": 20, ""volume_ratio_max"": 1.2}",0.08333333333333333,0.10740740740740741,0.22962962962962963,0.15555555555555556,0.5973669222253584,0.17232928481512844,False
reversal_drop8_ma200_vr1.5,d2f35a755ee09202,reversal,10,-0.026740163490703156,0.579784648873081,313,-0.040793635264850484,0.513329972003162,0.3777038269550749,601,16.705878995433793,-0.040793635264850484,"{""drop"": -0.08, ""trend"": ""ma200"", ""volume_ratio"": 1.5}",0.1388888888888889,0.020370370370370372,0.30185185185185187,0.06481481481481481,0.714287083563105,0.17198426391186605,False
wyckoff_spring_lb20_d30_clv70_vr1.2,766c04be93dbfa6b,wyckoff_spring,5,-0.021674582678174476,0.42319177780282674,177,-0.035989785242395704,0.40485470843285914,0.29357798165137616,218,6.059703196347033,-0.035989785242395704,"{""clv_min"": 0.7, ""depth"": -0.03, ""support_lb"": 20, ""volume_ratio_max"": 1.2}",0.23333333333333334,0.05925925925925926,0.07037037037037037,0.10555555555555556,0.5973669222253584,0.17158854407438767,False
reversal_drop8_ma200_vr1.5,d2f35a755ee09202,reversal,7,-0.031637398375681636,0.454952696720265,311,-0.0353434480275462,0.48010914627973617,0.3777038269550749,601,16.705878995433793,-0.0353434480275462,"{""drop"": -0.08, ""trend"": ""ma200"", ""volume_ratio"": 1.5}",0.08888888888888889,0.07037037037037037,0.22777777777777777,0.11666666666666667,0.714287083563105,0.16855833798594014,False
reversal_drop6_ma100_vr2,09a98f0250847033,reversal,15,-0.04612766167874568,0.41854536148002947,235,-0.04088934961573298,0.6132141143197658,0.3843537414965986,294,8.172260273972602,-0.04612766167874568,"{""drop"": -0.06, ""trend"": ""ma100"", ""volume_ratio"": 2.0}",0.037037037037037035,0.018518518518518517,0.4722222222222222,0.040740740740740744,0.7073574328693168,0.1632357432869317,False
wyckoff_spring_lb30_d30_clv70_vr1.2,9adec51b806236c9,wyckoff_spring,5,-0.018948619280341365,0.49044914203936224,136,-0.04006996547539658,0.3763493634171444,0.29375,160,4.447488584474886,-0.04006996547539658,"{""clv_min"": 0.7, ""depth"": -0.03, ""support_lb"": 30, ""volume_ratio_max"": 1.2}",0.29444444444444445,0.02962962962962963,0.03148148148148148,0.07037037037037037,0.5250819605499482,0.16297115901795778,False
reversal_drop8_ma200_vr2,a279f2460eee0f85,reversal,10,-0.027578775832230507,0.5526173551048479,189,-0.047320999012053847,0.5007568363863166,0.35276073619631904,326,9.06175799086758,-0.047320999012053847,"{""drop"": -0.08, ""trend"": ""ma200"", ""volume_ratio"": 2.0}",0.12777777777777777,0.007407407407407408,0.2814814814814815,0.037037037037037035,0.7595270358070195,0.1628045554325538,False
reversal_drop6_ma100_vr2,09a98f0250847033,reversal,7,-0.030037592039693466,0.4792101351751805,235,-0.03696223952102709,0.4759864191137265,0.41156462585034015,294,8.172260273972602,-0.03696223952102709,"{""drop"": -0.06, ""trend"": ""ma100"", ""volume_ratio"": 2.0}",0.10740740740740741,0.046296296296296294,0.21851851851851853,0.09259259259259259,0.7073574328693168,0.16119870624989466,False
reversal_drop8_ma100_vr1,e3908dea0833a8a4,reversal,10,-0.02924035989976128,0.5283894365653666,496,-0.035360123502680516,0.5558721125879755,0.3784056508577195,991,27.546632420091328,-0.035360123502680516,"{""drop"": -0.08, ""trend"": ""ma100"", ""volume_ratio"": 1.0}",0.11296296296296296,0.06851851851851852,0.39814814814814814,0.11481481481481481,0.3000726720162043,0.1590813412756945,False
reversal_drop8_ma200_vr1.5,d2f35a755ee09202,reversal,15,-0.037287082138074,0.5255093028753881,313,-0.044108635849396005,0.539289398769183,0.37603993344425957,601,16.705878995433793,-0.044108635849396005,"{""drop"": -0.08, ""trend"": ""ma200"", ""volume_ratio"": 1.5}",0.06296296296296296,0.012962962962962963,0.35555555555555557,0.05,0.714287083563105,0.15318796761556977,False
reversal_drop8_ma200_vr1,6439fe6cbaee160d,reversal,20,-0.0377726135914389,0.5629779422865089,529,-0.034249300800211886,0.6500536787393864,0.38112927191679047,1346,37.41449771689498,-0.0377726135914389,"{""drop"": -0.08, ""trend"": ""ma200"", ""volume_ratio"": 1.0}",0.06111111111111111,0.09074074074074075,0.512962962962963,0.08518518518518518,0.1362641745641426,0.1491819730119698,False
reversal_drop8_ma100_vr2,ebeee74e888a4307,reversal,10,-0.05175910731411082,0.34823681541653884,148,-0.04013250653025244,0.593784681579233,0.4080717488789238,223,6.198687214611873,-0.05175910731411082,"{""drop"": -0.08, ""trend"": ""ma100"", ""volume_ratio"": 2.0}",0.024074074074074074,0.027777777777777776,0.45185185185185184,0.024074074074074074,0.6040459409096979,0.14753422372059943,False
reversal_drop8_ma200_vr2,a279f2460eee0f85,reversal,7,-0.025170448512783262,0.5364284292043393,188,-0.04465703692190664,0.4074927641253176,0.36503067484662577,326,9.06175799086758,-0.04465703692190664,"{""drop"": -0.08, ""trend"": ""ma200"", ""volume_ratio"": 2.0}",0.17222222222222222,0.011111111111111112,0.07592592592592592,0.046296296296296294,0.7595270358070195,0.147526777654776,False
reversal_drop8_ma200_vr2,a279f2460eee0f85,reversal,15,-0.039393955021212505,0.510581904739819,189,-0.05055350143079369,0.5214535604858138,0.36503067484662577,326,9.06175799086758,-0.05055350143079369,"{""drop"": -0.08, ""trend"": ""ma200"", ""volume_ratio"": 2.0}",0.05555555555555555,0.005555555555555556,0.31851851851851853,0.025925925925925925,0.7595270358070195,0.14493418506218342,False
wyckoff_spring_lb20_d30_clv70_vr1.2,766c04be93dbfa6b,wyckoff_spring,10,-0.028531380318687176,0.39192543499232013,177,-0.039006793081622235,0.46218327318632624,0.3440366972477064,218,6.059703196347033,-0.039006793081622235,"{""clv_min"": 0.7, ""depth"": -0.03, ""support_lb"": 20, ""volume_ratio_max"": 1.2}",0.12222222222222222,0.03518518518518519,0.19074074074074074,0.07592592592592592,0.5973669222253584,0.14492187740772103,False
reversal_drop8_ma200_vr1,6439fe6cbaee160d,reversal,10,-0.026555225861754652,0.5631803066910817,533,-0.03564659539219396,0.5459627789992846,0.37147102526002973,1346,37.41449771689498,-0.03564659539219396,"{""drop"": -0.08, ""trend"": ""ma200"", ""volume_ratio"": 1.0}",0.14074074074074075,0.06111111111111111,0.3685185185185185,0.10740740740740741,0.1362641745641426,0.14325604708604392,False
reversal_drop8_ma100_vr1,e3908dea0833a8a4,reversal,20,-0.04888499730892243,0.4631759416574226,495,-0.03632214832960461,0.6527623185384351,0.3683148335015136,991,27.546632420091328,-0.04888499730892243,"{""drop"": -0.08, ""trend"": ""ma100"", ""volume_ratio"": 1.0}",0.03333333333333333,0.05555555555555555,0.5203703703703704,0.03518518518518519,0.3000726720162043,0.14102578572013896,False
reversal_drop8_ma100_vr2,ebeee74e888a4307,reversal,3,-0.02694490362988025,0.42069193538291355,148,-0.03617434052424415,0.38539716164233223,0.35874439461883406,223,6.198687214611873,-0.03617434052424415,"{""drop"": -0.08, ""trend"": ""ma100"", ""volume_ratio"": 2.0}",0.13518518518518519,0.05740740740740741,0.04259259259259259,0.1037037037037037,0.6040459409096979,0.1378120014983772,False
reversal_drop8_ma100_vr1.5,453aaf2f666b120c,reversal,15,-0.05599851396642441,0.3740771301673735,271,-0.05519726440230811,0.4824211120548603,0.37203791469194314,422,11.730251141552513,-0.05599851396642441,"{""drop"": -0.08, ""trend"": ""ma100"", ""volume_ratio"": 1.5}",0.016666666666666666,0.001851851851851852,0.23703703703703705,0.016666666666666666,0.9402778063829341,0.1368981510086638,False
wyckoff_spring_lb30_d30_clv70_vr1.2,9adec51b806236c9,wyckoff_spring,10,-0.028733333855519495,0.4016956821520853,136,-0.04017450747112811,0.47106612393013914,0.36875,160,4.447488584474886,-0.04017450747112811,"{""clv_min"": 0.7, ""depth"": -0.03, ""support_lb"": 30, ""volume_ratio_max"": 1.2}",0.12037037037037036,0.025925925925925925,0.20555555555555555,0.06851851851851852,0.5250819605499482,0.1353785664253652,False
reversal_drop6_ma200_vr1,6af5ec14e19eb09b,reversal,15,-0.026455040910768328,0.5816398746171129,886,-0.037018824834795155,0.5598125269444189,0.3849186791522918,2029,56.39971461187215,-0.037018824834795155,"{""drop"": -0.06, ""trend"": ""ma200"", ""volume_ratio"": 1.0}",0.14814814814814814,0.044444444444444446,0.40555555555555556,0.09074074074074075,0.029837861583978696,0.13289119356580525,False
reversal_drop8_ma100_vr2,ebeee74e888a4307,reversal,7,-0.04414994289679399,0.37158327231706667,148,-0.039977784415118,0.4882695264446504,0.3991031390134529,223,6.198687214611873,-0.04414994289679399,"{""drop"": -0.08, ""trend"": ""ma100"", ""volume_ratio"": 2.0}",0.040740740740740744,0.03148148148148148,0.25925925925925924,0.04814814814814815,0.6040459409096979,0.12734903853541424,False
reversal_drop8_ma100_vr2,ebeee74e888a4307,reversal,5,-0.036011685011304806,0.4097833995491099,148,-0.03791544252505637,0.4390418428204789,0.39461883408071746,223,6.198687214611873,-0.03791544252505637,"{""drop"": -0.08, ""trend"": ""ma100"", ""volume_ratio"": 2.0}",0.06851851851851852,0.03888888888888889,0.14629629629629629,0.08333333333333333,0.6040459409096979,0.12484903853541424,False
reversal_drop8_ma100_vr2,ebeee74e888a4307,reversal,15,-0.07242256625801927,0.27711549384696976,148,-0.05225913673550112,0.5549472806903776,0.3721973094170404,223,6.198687214611873,-0.07242256625801927,"{""drop"": -0.08, ""trend"": ""ma100"", ""volume_ratio"": 2.0}",0.007407407407407408,0.003703703703703704,0.3925925925925926,0.007407407407407408,0.6040459409096979,0.12355274223911794,False
reversal_drop8_ma200_vr1,6439fe6cbaee160d,reversal,15,-0.036529285775270516,0.5155915519762487,533,-0.04018798907888019,0.5613099777581885,0.38410104011887075,1346,37.41449771689498,-0.04018798907888019,"{""drop"": -0.08, ""trend"": ""ma200"", ""volume_ratio"": 1.0}",0.06666666666666667,0.024074074074074074,0.4111111111111111,0.06666666666666667,0.1362641745641426,0.11038567671567351,False
reversal_drop8_ma100_vr1,e3908dea0833a8a4,reversal,15,-0.04091203919654206,0.46810645111732846,496,-0.04590282455507745,0.5256931967297206,0.3784056508577195,991,27.546632420091328,-0.04590282455507745,"{""drop"": -0.08, ""trend"": ""ma100"", ""volume_ratio"": 1.0}",0.05185185185185185,0.009259259259259259,0.32407407407407407,0.04259259259259259,0.3000726720162043,0.1016739338682871,False
